Country Name,Course Lavel,University Name,Course,Ranking
Bolivia,Undergraduate,Accounting and Finance,Escuela Internacional de Alta ...,
Bolivia,Undergraduate,Business & Management Studies,Escuela Internacional de Alta ...,
Bolivia,Undergraduate,Communication and Media Studies,Escuela Internacional de Alta ...,
Bolivia,Undergraduate,Computer Science and Information Systems,Escuela Internacional de Alta ...,
Bolivia,Undergraduate,Engineering - Manufacturing & Production,Escuela Internacional de Alta ...,
Bolivia,Undergraduate,Engineering - Mineral & Mining,Escuela Internacional de Alta ...,
Bolivia,Undergraduate,Environmental Studies,Escuela Internacional de Alta ...,
Bolivia,Undergraduate,International Relations/Studies/Affairs,Escuela Internacional de Alta ...,
Bolivia,Undergraduate,Law and Legal Studies,Escuela Internacional de Alta ...,
Bolivia,Undergraduate,Marketing,Escuela Internacional de Alta ...,
Bolivia,Undergraduate,Politics,Escuela Internacional de Alta ...,
Bolivia,Undergraduate,Psychology,Escuela Internacional de Alta ...,
Bolivia,Postgraduate,Accounting and Finance,Escuela Internacional de Alta ...,
Bolivia,Postgraduate,Business & Management Studies,Escuela Internacional de Alta ...,
Bolivia,Postgraduate,Communication and Media Studies,Escuela Internacional de Alta ...,
Bolivia,Postgraduate,Computer Science and Information Systems,Escuela Internacional de Alta ...,
Bolivia,Postgraduate,Engineering - Manufacturing & Production,Escuela Internacional de Alta ...,
Bolivia,Postgraduate,Engineering - Mineral & Mining,Escuela Internacional de Alta ...,
Bolivia,Postgraduate,Environmental Studies,Escuela Internacional de Alta ...,
Bolivia,Postgraduate,International Relations/Studies/Affairs,Escuela Internacional de Alta ...,
Bolivia,Postgraduate,Law and Legal Studies,Escuela Internacional de Alta ...,
Bolivia,Postgraduate,Marketing,Escuela Internacional de Alta ...,
Bolivia,Postgraduate,Politics,Escuela Internacional de Alta ...,
Bolivia,Postgraduate,Psychology,Escuela Internacional de Alta ...,

