Country Name,Course Lavel,University Name,Course,Ranking,
Belarus,Undergraduate,Accounting and Finance,Belarusian State University,#=334 QS World University Rankings 2018,
Belarus,Undergraduate,Accounting and Finance,Yanka Kupala State University ...,,
Belarus,Undergraduate,Archaeology,Belarusian State University,#=334 QS World University Rankings 2018,
Belarus,Undergraduate,Archaeology,Yanka Kupala State University ...,,
Belarus,Undergraduate,Art & Design,Belarusian State University,#=334 QS World University Rankings 2018,
Belarus,Undergraduate,Art & Design,Yanka Kupala State University ...,,
Belarus,Undergraduate,Astronomy,Belarusian State University,#=334 QS World University Rankings 2018,
Belarus,Undergraduate,Biological Sciences,Yanka Kupala State University ...,,
Belarus,Undergraduate,Business & Management Studies,Belarusian State University,#=334 QS World University Rankings 2018,
Belarus,Undergraduate,Business & Management Studies,"International University ""MITSO""",,
Belarus,Undergraduate,Business & Management Studies,Yanka Kupala State University ...,,
Belarus,Undergraduate,Chemistry,Belarusian State University,#=334 QS World University Rankings 2018,
Belarus,Undergraduate,Classics & Ancient History,Belarusian State University,#=334 QS World University Rankings 2018,
Belarus,Undergraduate,Communication and Media Studies,Belarusian State University,#=334 QS World University Rankings 2018,
Belarus,Undergraduate,Communication and Media Studies,Yanka Kupala State University ...,,
Belarus,Undergraduate,Computer Science and Information Systems,Belarusian State University,#=334 QS World University Rankings 2018,
Belarus,Undergraduate,Computer Science and Information Systems,Yanka Kupala State University ...,,
Belarus,Undergraduate,Earth and Marine Sciences,Belarusian State University,#=334 QS World University Rankings 2018,
Belarus,Undergraduate,Economics and Econometrics,Belarusian State University,#=334 QS World University Rankings 2018,
Belarus,Undergraduate,Economics and Econometrics,Yanka Kupala State University ...,,
Belarus,Undergraduate,Economics and Econometrics,"International University ""MITSO""",,
Belarus,Undergraduate,Education and Training,Yanka Kupala State University ...,,
Belarus,Undergraduate,Engineering - Aeronautical,Belarusian State University,#=334 QS World University Rankings 2018,
Belarus,Undergraduate,Engineering - Civil and Structural,Yanka Kupala State University ...,,
Belarus,Undergraduate,Engineering - Electrical and Electronic,Belarusian State University,#=334 QS World University Rankings 2018,
Belarus,Undergraduate,Engineering - Electrical and Electronic,Yanka Kupala State University ...,,
Belarus,Undergraduate,Engineering - Manufacturing & Production,Yanka Kupala State University ...,,
Belarus,Undergraduate,Engineering - Mechanical,Belarusian State University,#=334 QS World University Rankings 2018,
Belarus,Undergraduate,Engineering - Mechanical,Yanka Kupala State University ...,,
Belarus,Undergraduate,English Language and Literature,Yanka Kupala State University ...,,
Belarus,Undergraduate,Environmental Studies,Yanka Kupala State University ...,,
Belarus,Undergraduate,Finance,Belarusian State University,#=334 QS World University Rankings 2018,
Belarus,Undergraduate,Finance,Yanka Kupala State University ...,,
Belarus,Undergraduate,Geography,Belarusian State University,#=334 QS World University Rankings 2018,
Belarus,Undergraduate,Hospitality & Leisure Management,Belarusian State University,#=334 QS World University Rankings 2018,
Belarus,Undergraduate,Hospitality & Leisure Management,Yanka Kupala State University ...,,
Belarus,Undergraduate,Human Resources Management,Belarusian State University,#=334 QS World University Rankings 2018,
Belarus,Undergraduate,Human Resources Management,"International University ""MITSO""",,
Belarus,Undergraduate,International Relations/Studies/Affairs,Belarusian State University,#=334 QS World University Rankings 2018,
Belarus,Undergraduate,International Relations/Studies/Affairs,Yanka Kupala State University ...,,
Belarus,Undergraduate,Journalism,Belarusian State University,#=334 QS World University Rankings 2018,
Belarus,Undergraduate,Journalism,Yanka Kupala State University ...,,
Belarus,Undergraduate,Law and Legal Studies,Belarusian State University,#=334 QS World University Rankings 2018,
Belarus,Undergraduate,Law and Legal Studies,"International University ""MITSO""",,
Belarus,Undergraduate,Law and Legal Studies,Yanka Kupala State University ...,,
Belarus,Undergraduate,Linguistics,Belarusian State University,#=334 QS World University Rankings 2018,
Belarus,Undergraduate,Linguistics,Yanka Kupala State University ...,,
Belarus,Undergraduate,Logistics / Supply Chain Management,Belarusian State University,#=334 QS World University Rankings 2018,
Belarus,Undergraduate,Logistics / Supply Chain Management,"International University ""MITSO""",,
Belarus,Undergraduate,Logistics / Supply Chain Management,Yanka Kupala State University ...,,
Belarus,Undergraduate,Marketing,Belarusian State University,#=334 QS World University Rankings 2018,
Belarus,Undergraduate,Marketing,"International University ""MITSO""",,
Belarus,Undergraduate,Materials Sciences,Belarusian State University,#=334 QS World University Rankings 2018,
Belarus,Undergraduate,Mathematics,Belarusian State University,#=334 QS World University Rankings 2018,
Belarus,Undergraduate,Mathematics,Yanka Kupala State University ...,,
Belarus,Undergraduate,Modern Languages,Belarusian State University,#=334 QS World University Rankings 2018,
Belarus,Undergraduate,Modern Languages,Yanka Kupala State University ...,,
Belarus,Undergraduate,Performing Arts,Yanka Kupala State University ...,,
Belarus,Undergraduate,Philosophy,Belarusian State University,#=334 QS World University Rankings 2018,
Belarus,Undergraduate,Physics & Astronomy,Belarusian State University,#=334 QS World University Rankings 2018,
Belarus,Undergraduate,Physics & Astronomy,Yanka Kupala State University ...,,
Belarus,Undergraduate,Politics,Belarusian State University,#=334 QS World University Rankings 2018,
Belarus,Undergraduate,Politics,Yanka Kupala State University ...,,
Belarus,Undergraduate,Psychology,Yanka Kupala State University ...,,
Belarus,Undergraduate,Sociology,Belarusian State University,#=334 QS World University Rankings 2018,
Belarus,Undergraduate,Sociology,Yanka Kupala State University ...,,
Belarus,Undergraduate,Sports-related Courses,Yanka Kupala State University ...,,
Belarus,Undergraduate,Theology, Divinity & Religious Studies,Belarusian State University,#=334 QS World University Rankings 2018
Belarus,Postgraduate,Accounting and Finance,Belarusian State University,#=334 QS World University Rankings 2018,
Belarus,Postgraduate,Accounting and Finance,Yanka Kupala State University ...,,
Belarus,Postgraduate,Archaeology,Belarusian State University,#=334 QS World University Rankings 2018,
Belarus,Postgraduate,Archaeology,Yanka Kupala State University ...,,
Belarus,Postgraduate,Art & Design,Belarusian State University,#=334 QS World University Rankings 2018,
Belarus,Postgraduate,Art & Design,Yanka Kupala State University ...,,
Belarus,Postgraduate,Astronomy,Belarusian State University,#=334 QS World University Rankings 2018,
Belarus,Postgraduate,Biological Sciences,Yanka Kupala State University ...,,
Belarus,Postgraduate,Business & Management Studies,Belarusian State University,#=334 QS World University Rankings 2018,
Belarus,Postgraduate,Business & Management Studies,Yanka Kupala State University ...,,
Belarus,Postgraduate,Business & Management Studies,"International University ""MITSO""",,
Belarus,Postgraduate,Chemistry,Belarusian State University,#=334 QS World University Rankings 2018,
Belarus,Postgraduate,Classics & Ancient History,Belarusian State University,#=334 QS World University Rankings 2018,
Belarus,Postgraduate,Communication and Media Studies,Belarusian State University,#=334 QS World University Rankings 2018,
Belarus,Postgraduate,Communication and Media Studies,Yanka Kupala State University ...,,
Belarus,Postgraduate,Computer Science and Information Systems,Belarusian State University,#=334 QS World University Rankings 2018,
Belarus,Postgraduate,Computer Science and Information Systems,Yanka Kupala State University ...,,
Belarus,Postgraduate,Earth and Marine Sciences,Belarusian State University,#=334 QS World University Rankings 2018,
Belarus,Postgraduate,Economics and Econometrics,Belarusian State University,#=334 QS World University Rankings 2018,
Belarus,Postgraduate,Economics and Econometrics,Yanka Kupala State University ...,,
Belarus,Postgraduate,Economics and Econometrics,"International University ""MITSO""",,
Belarus,Postgraduate,Education and Training,Yanka Kupala State University ...,,
Belarus,Postgraduate,Engineering - Aeronautical,Belarusian State University,#=334 QS World University Rankings 2018,
Belarus,Postgraduate,Engineering - Civil and Structural,Yanka Kupala State University ...,,
Belarus,Postgraduate,Engineering - Electrical and Electronic,Belarusian State University,#=334 QS World University Rankings 2018,
Belarus,Postgraduate,Engineering - Electrical and Electronic,Yanka Kupala State University ...,,
Belarus,Postgraduate,Engineering - Manufacturing & Production,Yanka Kupala State University ...,,
Belarus,Postgraduate,Engineering - Mechanical,Belarusian State University,#=334 QS World University Rankings 2018,
Belarus,Postgraduate,Engineering - Mechanical,Yanka Kupala State University ...,,
Belarus,Postgraduate,English Language and Literature,Yanka Kupala State University ...,,
Belarus,Postgraduate,Environmental Studies,Yanka Kupala State University ...,,
Belarus,Postgraduate,Finance,Belarusian State University,#=334 QS World University Rankings 2018,
Belarus,Postgraduate,Finance,Yanka Kupala State University ...,,
Belarus,Postgraduate,Geography,Belarusian State University,#=334 QS World University Rankings 2018,
Belarus,Postgraduate,Hospitality & Leisure Management,Belarusian State University,#=334 QS World University Rankings 2018,
Belarus,Postgraduate,Hospitality & Leisure Management,Yanka Kupala State University ...,,
Belarus,Postgraduate,Human Resources Management,Belarusian State University,#=334 QS World University Rankings 2018,
Belarus,Postgraduate,Human Resources Management,"International University ""MITSO""",,
Belarus,Postgraduate,International Relations/Studies/Affairs,Belarusian State University,#=334 QS World University Rankings 2018,
Belarus,Postgraduate,International Relations/Studies/Affairs,Yanka Kupala State University ...,,
Belarus,Postgraduate,Journalism,Belarusian State University,#=334 QS World University Rankings 2018,
Belarus,Postgraduate,Journalism,Yanka Kupala State University ...,,
Belarus,Postgraduate,Law and Legal Studies,Belarusian State University,#=334 QS World University Rankings 2018,
Belarus,Postgraduate,Law and Legal Studies,Yanka Kupala State University ...,,
Belarus,Postgraduate,Law and Legal Studies,"International University ""MITSO""",,
Belarus,Postgraduate,Linguistics,Belarusian State University,#=334 QS World University Rankings 2018,
Belarus,Postgraduate,Linguistics,Yanka Kupala State University ...,,
Belarus,Postgraduate,Logistics / Supply Chain Management,Belarusian State University,#=334 QS World University Rankings 2018,
Belarus,Postgraduate,Logistics / Supply Chain Management,Yanka Kupala State University ...,,
Belarus,Postgraduate,Logistics / Supply Chain Management,"International University ""MITSO""",,
Belarus,Postgraduate,Marketing,Belarusian State University,#=334 QS World University Rankings 2018,
Belarus,Postgraduate,Marketing,"International University ""MITSO""",,
Belarus,Postgraduate,Materials Sciences,Belarusian State University,#=334 QS World University Rankings 2018,
Belarus,Postgraduate,Mathematics,Belarusian State University,#=334 QS World University Rankings 2018,
Belarus,Postgraduate,Mathematics,Yanka Kupala State University ...,,
Belarus,Postgraduate,Modern Languages,Belarusian State University,#=334 QS World University Rankings 2018,
Belarus,Postgraduate,Modern Languages,Yanka Kupala State University ...,,
Belarus,Postgraduate,Performing Arts,Yanka Kupala State University ...,,
Belarus,Postgraduate,Philosophy,Belarusian State University,#=334 QS World University Rankings 2018,
Belarus,Postgraduate,Physics & Astronomy,Belarusian State University,#=334 QS World University Rankings 2018,
Belarus,Postgraduate,Physics & Astronomy,Yanka Kupala State University ...,,
Belarus,Postgraduate,Politics,Belarusian State University,#=334 QS World University Rankings 2018,
Belarus,Postgraduate,Politics,Yanka Kupala State University ...,,
Belarus,Postgraduate,Psychology,Yanka Kupala State University ...,,
Belarus,Postgraduate,Sociology,Belarusian State University,#=334 QS World University Rankings 2018,
Belarus,Postgraduate,Sociology,Yanka Kupala State University ...,,
Belarus,Postgraduate,Sports-related Courses,Yanka Kupala State University ...,,
Belarus,Postgraduate,Theology, Divinity & Religious Studies,Belarusian State University,#=334 QS World University Rankings 2018
