Country Name,Course Lavel,Subject,University,Ranking,
Bangladesh,Undergraduate,Accounting and Finance,University of Dhaka,#701-750 QS World University Rankings 2018,
Bangladesh,Undergraduate,Accounting and Finance,United International University,,
Bangladesh,Undergraduate,Anatomy & Physiology,University of Dhaka,#701-750 QS World University Rankings 2018,
Bangladesh,Undergraduate,Anthropology,University of Dhaka,#701-750 QS World University Rankings 2018,
Bangladesh,Undergraduate,Archaeology,University of Dhaka,#701-750 QS World University Rankings 2018,
Bangladesh,Undergraduate,Art & Design,University of Dhaka,#701-750 QS World University Rankings 2018,
Bangladesh,Undergraduate,Biological Sciences,University of Dhaka,#701-750 QS World University Rankings 2018,
Bangladesh,Undergraduate,Built Environment,University of Dhaka,#701-750 QS World University Rankings 2018,
Bangladesh,Undergraduate,Business & Management Studies,University of Dhaka,#701-750 QS World University Rankings 2018,
Bangladesh,Undergraduate,Business & Management Studies,United International University,,
Bangladesh,Undergraduate,Chemistry,University of Dhaka,#701-750 QS World University Rankings 2018,
Bangladesh,Undergraduate,Communication and Media Studies,University of Dhaka,#701-750 QS World University Rankings 2018,
Bangladesh,Undergraduate,Computer Science and Information Systems,University of Dhaka,#701-750 QS World University Rankings 2018,
Bangladesh,Undergraduate,Computer Science and Information Systems,United International University,,
Bangladesh,Undergraduate,Dentistry,University of Dhaka,#701-750 QS World University Rankings 2018,
Bangladesh,Undergraduate,Development Studies,University of Dhaka,#701-750 QS World University Rankings 2018,
Bangladesh,Undergraduate,Development Studies,United International University,,
Bangladesh,Undergraduate,Earth and Marine Sciences,University of Dhaka,#701-750 QS World University Rankings 2018,
Bangladesh,Undergraduate,Economics and Econometrics,University of Dhaka,#701-750 QS World University Rankings 2018,
Bangladesh,Undergraduate,Economics and Econometrics,United International University,,
Bangladesh,Undergraduate,Education and Training,University of Dhaka,#701-750 QS World University Rankings 2018,
Bangladesh,Undergraduate,Engineering - Chemical,University of Dhaka,#701-750 QS World University Rankings 2018,
Bangladesh,Undergraduate,Engineering - Civil and Structural,University of Dhaka,#701-750 QS World University Rankings 2018,
Bangladesh,Undergraduate,Engineering - Electrical and Electronic,University of Dhaka,#701-750 QS World University Rankings 2018,
Bangladesh,Undergraduate,Engineering - Electrical and Electronic,United International University,,
Bangladesh,Undergraduate,Engineering - General,University of Dhaka,#701-750 QS World University Rankings 2018,
Bangladesh,Undergraduate,Engineering - Mechanical,University of Dhaka,#701-750 QS World University Rankings 2018,
Bangladesh,Undergraduate,Engineering - Mineral & Mining,University of Dhaka,#701-750 QS World University Rankings 2018,
Bangladesh,Undergraduate,English Language and Literature,University of Dhaka,#701-750 QS World University Rankings 2018,
Bangladesh,Undergraduate,Environmental Studies,University of Dhaka,#701-750 QS World University Rankings 2018,
Bangladesh,Undergraduate,Ethnicity, Gender and Diversity,University of Dhaka,#701-750 QS World University Rankings 2018
Bangladesh,Undergraduate,Finance,University of Dhaka,#701-750 QS World University Rankings 2018,
Bangladesh,Undergraduate,Finance,United International University,,
Bangladesh,Undergraduate,Geography,University of Dhaka,#701-750 QS World University Rankings 2018,
Bangladesh,Undergraduate,Hospitality & Leisure Management,University of Dhaka,#701-750 QS World University Rankings 2018,
Bangladesh,Undergraduate,Human Resources Management,University of Dhaka,#701-750 QS World University Rankings 2018,
Bangladesh,Undergraduate,International Relations/Studies/Affairs,University of Dhaka,#701-750 QS World University Rankings 2018,
Bangladesh,Undergraduate,Journalism,University of Dhaka,#701-750 QS World University Rankings 2018,
Bangladesh,Undergraduate,Law and Legal Studies,University of Dhaka,#701-750 QS World University Rankings 2018,
Bangladesh,Undergraduate,Library & Information Management,University of Dhaka,#701-750 QS World University Rankings 2018,
Bangladesh,Undergraduate,Linguistics,University of Dhaka,#701-750 QS World University Rankings 2018,
Bangladesh,Undergraduate,Marketing,University of Dhaka,#701-750 QS World University Rankings 2018,
Bangladesh,Undergraduate,Marketing,United International University,,
Bangladesh,Undergraduate,Mathematics,University of Dhaka,#701-750 QS World University Rankings 2018,
Bangladesh,Undergraduate,Medicine,University of Dhaka,#701-750 QS World University Rankings 2018,
Bangladesh,Undergraduate,Medicine Related Studies,University of Dhaka,#701-750 QS World University Rankings 2018,
Bangladesh,Undergraduate,Modern Languages,University of Dhaka,#701-750 QS World University Rankings 2018,
Bangladesh,Undergraduate,Nursing,University of Dhaka,#701-750 QS World University Rankings 2018,
Bangladesh,Undergraduate,Performing Arts,University of Dhaka,#701-750 QS World University Rankings 2018,
Bangladesh,Undergraduate,Pharmacology,University of Dhaka,#701-750 QS World University Rankings 2018,
Bangladesh,Undergraduate,Philosophy,University of Dhaka,#701-750 QS World University Rankings 2018,
Bangladesh,Undergraduate,Physics & Astronomy,University of Dhaka,#701-750 QS World University Rankings 2018,
Bangladesh,Undergraduate,Politics,University of Dhaka,#701-750 QS World University Rankings 2018,
Bangladesh,Undergraduate,Psychology,University of Dhaka,#701-750 QS World University Rankings 2018,
Bangladesh,Undergraduate,Public Policy,University of Dhaka,#701-750 QS World University Rankings 2018,
Bangladesh,Undergraduate,Sociology,University of Dhaka,#701-750 QS World University Rankings 2018,
Bangladesh,Undergraduate,Statistics and Operational Research,University of Dhaka,#701-750 QS World University Rankings 2018,
Bangladesh,Undergraduate,Theology, Divinity & Religious Studies,University of Dhaka,#701-750 QS World University Rankings 2018
Bangladesh,Undergraduate,Zoology,University of Dhaka,#701-750 QS World University Rankings 2018,
Bangladesh,Postgraduate,Accounting and Finance,University of Dhaka,#701-750 QS World University Rankings 2018,
Bangladesh,Postgraduate,Accounting and Finance,United International University,,
Bangladesh,Postgraduate,Anatomy & Physiology,University of Dhaka,#701-750 QS World University Rankings 2018,
Bangladesh,Postgraduate,Anthropology,University of Dhaka,#701-750 QS World University Rankings 2018,
Bangladesh,Postgraduate,Archaeology,University of Dhaka,#701-750 QS World University Rankings 2018,
Bangladesh,Postgraduate,Art & Design,University of Dhaka,#701-750 QS World University Rankings 2018,
Bangladesh,Postgraduate,Biological Sciences,University of Dhaka,#701-750 QS World University Rankings 2018,
Bangladesh,Postgraduate,Built Environment,University of Dhaka,#701-750 QS World University Rankings 2018,
Bangladesh,Postgraduate,Business & Management Studies,University of Dhaka,#701-750 QS World University Rankings 2018,
Bangladesh,Postgraduate,Business & Management Studies,United International University,,
Bangladesh,Postgraduate,Chemistry,University of Dhaka,#701-750 QS World University Rankings 2018,
Bangladesh,Postgraduate,Communication and Media Studies,University of Dhaka,#701-750 QS World University Rankings 2018,
Bangladesh,Postgraduate,Computer Science and Information Systems,University of Dhaka,#701-750 QS World University Rankings 2018,
Bangladesh,Postgraduate,Computer Science and Information Systems,United International University,,
Bangladesh,Postgraduate,Dentistry,University of Dhaka,#701-750 QS World University Rankings 2018,
Bangladesh,Postgraduate,Development Studies,University of Dhaka,#701-750 QS World University Rankings 2018,
Bangladesh,Postgraduate,Development Studies,United International University,,
Bangladesh,Postgraduate,Earth and Marine Sciences,University of Dhaka,#701-750 QS World University Rankings 2018,
Bangladesh,Postgraduate,Economics and Econometrics,University of Dhaka,#701-750 QS World University Rankings 2018,
Bangladesh,Postgraduate,Economics and Econometrics,United International University,,
Bangladesh,Postgraduate,Education and Training,University of Dhaka,#701-750 QS World University Rankings 2018,
Bangladesh,Postgraduate,Engineering - Chemical,University of Dhaka,#701-750 QS World University Rankings 2018,
Bangladesh,Postgraduate,Engineering - Civil and Structural,University of Dhaka,#701-750 QS World University Rankings 2018,
Bangladesh,Postgraduate,Engineering - Electrical and Electronic,University of Dhaka,#701-750 QS World University Rankings 2018,
Bangladesh,Postgraduate,Engineering - Electrical and Electronic,United International University,,
Bangladesh,Postgraduate,Engineering - General,University of Dhaka,#701-750 QS World University Rankings 2018,
Bangladesh,Postgraduate,Engineering - Mechanical,University of Dhaka,#701-750 QS World University Rankings 2018,
Bangladesh,Postgraduate,Engineering - Mineral & Mining,University of Dhaka,#701-750 QS World University Rankings 2018,
Bangladesh,Postgraduate,English Language and Literature,University of Dhaka,#701-750 QS World University Rankings 2018,
Bangladesh,Postgraduate,Environmental Studies,University of Dhaka,#701-750 QS World University Rankings 2018,
Bangladesh,Postgraduate,Ethnicity, Gender and Diversity,University of Dhaka,#701-750 QS World University Rankings 2018
Bangladesh,Postgraduate,Finance,University of Dhaka,#701-750 QS World University Rankings 2018,
Bangladesh,Postgraduate,Finance,United International University,,
Bangladesh,Postgraduate,Geography,University of Dhaka,#701-750 QS World University Rankings 2018,
Bangladesh,Postgraduate,Hospitality & Leisure Management,University of Dhaka,#701-750 QS World University Rankings 2018,
Bangladesh,Postgraduate,Human Resources Management,University of Dhaka,#701-750 QS World University Rankings 2018,
Bangladesh,Postgraduate,International Relations/Studies/Affairs,University of Dhaka,#701-750 QS World University Rankings 2018,
Bangladesh,Postgraduate,Journalism,University of Dhaka,#701-750 QS World University Rankings 2018,
Bangladesh,Postgraduate,Law and Legal Studies,University of Dhaka,#701-750 QS World University Rankings 2018,
Bangladesh,Postgraduate,Library & Information Management,University of Dhaka,#701-750 QS World University Rankings 2018,
Bangladesh,Postgraduate,Linguistics,University of Dhaka,#701-750 QS World University Rankings 2018,
Bangladesh,Postgraduate,Marketing,University of Dhaka,#701-750 QS World University Rankings 2018,
Bangladesh,Postgraduate,Marketing,United International University,,
Bangladesh,Postgraduate,Mathematics,University of Dhaka,#701-750 QS World University Rankings 2018,
Bangladesh,Postgraduate,Medicine,University of Dhaka,#701-750 QS World University Rankings 2018,
Bangladesh,Postgraduate,Medicine Related Studies,University of Dhaka,#701-750 QS World University Rankings 2018,
Bangladesh,Postgraduate,Modern Languages,University of Dhaka,#701-750 QS World University Rankings 2018,
Bangladesh,Postgraduate,Nursing,University of Dhaka,#701-750 QS World University Rankings 2018,
Bangladesh,Postgraduate,Performing Arts,University of Dhaka,#701-750 QS World University Rankings 2018,
Bangladesh,Postgraduate,Pharmacology,University of Dhaka,#701-750 QS World University Rankings 2018,
Bangladesh,Postgraduate,Philosophy,University of Dhaka,#701-750 QS World University Rankings 2018,
Bangladesh,Postgraduate,Physics & Astronomy,University of Dhaka,#701-750 QS World University Rankings 2018,
Bangladesh,Postgraduate,Politics,University of Dhaka,#701-750 QS World University Rankings 2018,
Bangladesh,Postgraduate,Psychology,University of Dhaka,#701-750 QS World University Rankings 2018,
Bangladesh,Postgraduate,Public Policy,University of Dhaka,#701-750 QS World University Rankings 2018,
Bangladesh,Postgraduate,Sociology,University of Dhaka,#701-750 QS World University Rankings 2018,
Bangladesh,Postgraduate,Statistics and Operational Research,University of Dhaka,#701-750 QS World University Rankings 2018,
Bangladesh,Postgraduate,Theology, Divinity & Religious Studies,University of Dhaka,#701-750 QS World University Rankings 2018
Bangladesh,Postgraduate,Zoology,University of Dhaka,#701-750 QS World University Rankings 2018,
