Country Name,Course Lavel,University Name,Course,Ranking
Finland,Undergraduate,Accounting and Finance,Aalto University School of Business,#=137 QS World University Rankings 2018
Finland,Undergraduate,Accounting and Finance,University of Jyväskylä,#=357 QS World University Rankings 2018
Finland,Undergraduate,Accounting and Finance,University of Oulu,#411-420 QS World University Rankings 2018
Finland,Undergraduate,Accounting and Finance,University of Eastern Finland,#451-460 QS World University Rankings 2018
Finland,Undergraduate,Accounting and Finance,University of Tampere,#551-600 QS World University Rankings 2018
Finland,Undergraduate,Agriculture & Forestry,University of Helsinki,#=102 QS World University Rankings 2018
Finland,Undergraduate,Agriculture & Forestry,,
Finland,Undergraduate,Agriculture & Forestry,,
Finland,Undergraduate,Agriculture & Forestry,,
Finland,Undergraduate,Agriculture & Forestry,,
Finland,Undergraduate,Agriculture & Forestry,,
Finland,Undergraduate,Agriculture & Forestry,,
Finland,Undergraduate,Agriculture & Forestry,,
Finland,Undergraduate,Agriculture & Forestry,,
Finland,Undergraduate,Agriculture & Forestry,University of Eastern Finland,#451-460 QS World University Rankings 2018
Finland,Undergraduate,Anatomy & Physiology,University of Helsinki,#=102 QS World University Rankings 2018
Finland,Undergraduate,Anatomy & Physiology,,
Finland,Undergraduate,Anatomy & Physiology,,
Finland,Undergraduate,Anatomy & Physiology,,
Finland,Undergraduate,Anatomy & Physiology,,
Finland,Undergraduate,Anatomy & Physiology,,
Finland,Undergraduate,Anatomy & Physiology,,
Finland,Undergraduate,Anatomy & Physiology,,
Finland,Undergraduate,Anatomy & Physiology,,
Finland,Undergraduate,Anatomy & Physiology,University of Oulu,#411-420 QS World University Rankings 2018
Finland,Undergraduate,Anatomy & Physiology,University of Eastern Finland,#451-460 QS World University Rankings 2018
Finland,Undergraduate,Anatomy & Physiology,University of Tampere,#551-600 QS World University Rankings 2018
Finland,Undergraduate,Anthropology,University of Helsinki,#=102 QS World University Rankings 2018
Finland,Undergraduate,Anthropology,,
Finland,Undergraduate,Anthropology,,
Finland,Undergraduate,Anthropology,,
Finland,Undergraduate,Anthropology,,
Finland,Undergraduate,Anthropology,,
Finland,Undergraduate,Anthropology,,
Finland,Undergraduate,Anthropology,,
Finland,Undergraduate,Anthropology,,
Finland,Undergraduate,Anthropology,University of Turku,#276 QS World University Rankings 2018
Finland,Undergraduate,Anthropology,University of Tampere,#551-600 QS World University Rankings 2018
Finland,Undergraduate,Archaeology,University of Helsinki,#=102 QS World University Rankings 2018
Finland,Undergraduate,Archaeology,,
Finland,Undergraduate,Archaeology,,
Finland,Undergraduate,Archaeology,,
Finland,Undergraduate,Archaeology,,
Finland,Undergraduate,Archaeology,,
Finland,Undergraduate,Archaeology,,
Finland,Undergraduate,Archaeology,,
Finland,Undergraduate,Archaeology,,
Finland,Undergraduate,Archaeology,University of Turku,#276 QS World University Rankings 2018
Finland,Undergraduate,Archaeology,University of Jyväskylä,#=357 QS World University Rankings 2018
Finland,Undergraduate,Archaeology,University of Oulu,#411-420 QS World University Rankings 2018
Finland,Undergraduate,Archaeology,University of Tampere,#551-600 QS World University Rankings 2018
Finland,Undergraduate,Architecture,Aalto University School of Business,#=137 QS World University Rankings 2018
Finland,Undergraduate,Architecture,Tampere University of Technology,#380 QS World University Rankings 2018
Finland,Undergraduate,Architecture,University of Oulu,#411-420 QS World University Rankings 2018
Finland,Undergraduate,Area Studies,University of Helsinki,#=102 QS World University Rankings 2018
Finland,Undergraduate,Area Studies,,
Finland,Undergraduate,Area Studies,,
Finland,Undergraduate,Area Studies,,
Finland,Undergraduate,Area Studies,,
Finland,Undergraduate,Area Studies,,
Finland,Undergraduate,Area Studies,,
Finland,Undergraduate,Area Studies,,
Finland,Undergraduate,Area Studies,,
Finland,Undergraduate,Area Studies,University of Turku,#276 QS World University Rankings 2018
Finland,Undergraduate,Area Studies,University of Tampere,#551-600 QS World University Rankings 2018
Finland,Undergraduate,Art & Design,Aalto University School of Business,#=137 QS World University Rankings 2018
Finland,Undergraduate,Art & Design,University of Jyväskylä,#=357 QS World University Rankings 2018
Finland,Undergraduate,Astronomy,University of Helsinki,#=102 QS World University Rankings 2018
Finland,Undergraduate,Astronomy,,
Finland,Undergraduate,Astronomy,,
Finland,Undergraduate,Astronomy,,
Finland,Undergraduate,Astronomy,,
Finland,Undergraduate,Astronomy,,
Finland,Undergraduate,Astronomy,,
Finland,Undergraduate,Astronomy,,
Finland,Undergraduate,Astronomy,,
Finland,Undergraduate,Astronomy,University of Oulu,#411-420 QS World University Rankings 2018
Finland,Undergraduate,Biological Sciences,University of Helsinki,#=102 QS World University Rankings 2018
Finland,Undergraduate,Biological Sciences,,
Finland,Undergraduate,Biological Sciences,,
Finland,Undergraduate,Biological Sciences,,
Finland,Undergraduate,Biological Sciences,,
Finland,Undergraduate,Biological Sciences,,
Finland,Undergraduate,Biological Sciences,,
Finland,Undergraduate,Biological Sciences,,
Finland,Undergraduate,Biological Sciences,,
Finland,Undergraduate,Biological Sciences,University of Turku,#276 QS World University Rankings 2018
Finland,Undergraduate,Biological Sciences,University of Jyväskylä,#=357 QS World University Rankings 2018
Finland,Undergraduate,Biological Sciences,University of Oulu,#411-420 QS World University Rankings 2018
Finland,Undergraduate,Biological Sciences,University of Eastern Finland,#451-460 QS World University Rankings 2018
Finland,Undergraduate,Biological Sciences,University of Tampere,#551-600 QS World University Rankings 2018
Finland,Undergraduate,Built Environment,Aalto University School of Business,#=137 QS World University Rankings 2018
Finland,Undergraduate,Built Environment,Tampere University of Technology,#380 QS World University Rankings 2018
Finland,Undergraduate,Built Environment,University of Oulu,#411-420 QS World University Rankings 2018
Finland,Undergraduate,Business & Management Studies,University of Helsinki,#=102 QS World University Rankings 2018
Finland,Undergraduate,Business & Management Studies,,
Finland,Undergraduate,Business & Management Studies,,
Finland,Undergraduate,Business & Management Studies,,
Finland,Undergraduate,Business & Management Studies,,
Finland,Undergraduate,Business & Management Studies,,
Finland,Undergraduate,Business & Management Studies,,
Finland,Undergraduate,Business & Management Studies,,
Finland,Undergraduate,Business & Management Studies,,
Finland,Undergraduate,Business & Management Studies,Aalto University School of Business,#=137 QS World University Rankings 2018
Finland,Undergraduate,Business & Management Studies,University of Jyväskylä,#=357 QS World University Rankings 2018
Finland,Undergraduate,Business & Management Studies,Tampere University of Technology,#380 QS World University Rankings 2018
Finland,Undergraduate,Business & Management Studies,University of Oulu,#411-420 QS World University Rankings 2018
Finland,Undergraduate,Business & Management Studies,University of Eastern Finland,#451-460 QS World University Rankings 2018
Finland,Undergraduate,Business & Management Studies,University of Tampere,#551-600 QS World University Rankings 2018
Finland,Undergraduate,Chemistry,University of Helsinki,#=102 QS World University Rankings 2018
Finland,Undergraduate,Chemistry,,
Finland,Undergraduate,Chemistry,,
Finland,Undergraduate,Chemistry,,
Finland,Undergraduate,Chemistry,,
Finland,Undergraduate,Chemistry,,
Finland,Undergraduate,Chemistry,,
Finland,Undergraduate,Chemistry,,
Finland,Undergraduate,Chemistry,,
Finland,Undergraduate,Chemistry,University of Jyväskylä,#=357 QS World University Rankings 2018
Finland,Undergraduate,Chemistry,Tampere University of Technology,#380 QS World University Rankings 2018
Finland,Undergraduate,Chemistry,University of Oulu,#411-420 QS World University Rankings 2018
Finland,Undergraduate,Chemistry,University of Eastern Finland,#451-460 QS World University Rankings 2018
Finland,Undergraduate,Classics & Ancient History,University of Helsinki,#=102 QS World University Rankings 2018
Finland,Undergraduate,Classics & Ancient History,,
Finland,Undergraduate,Classics & Ancient History,,
Finland,Undergraduate,Classics & Ancient History,,
Finland,Undergraduate,Classics & Ancient History,,
Finland,Undergraduate,Classics & Ancient History,,
Finland,Undergraduate,Classics & Ancient History,,
Finland,Undergraduate,Classics & Ancient History,,
Finland,Undergraduate,Classics & Ancient History,,
Finland,Undergraduate,Communication and Media Studies,University of Helsinki,#=102 QS World University Rankings 2018
Finland,Undergraduate,Communication and Media Studies,,
Finland,Undergraduate,Communication and Media Studies,,
Finland,Undergraduate,Communication and Media Studies,,
Finland,Undergraduate,Communication and Media Studies,,
Finland,Undergraduate,Communication and Media Studies,,
Finland,Undergraduate,Communication and Media Studies,,
Finland,Undergraduate,Communication and Media Studies,,
Finland,Undergraduate,Communication and Media Studies,,
Finland,Undergraduate,Communication and Media Studies,Aalto University School of Business,#=137 QS World University Rankings 2018
Finland,Undergraduate,Communication and Media Studies,University of Turku,#276 QS World University Rankings 2018
Finland,Undergraduate,Communication and Media Studies,University of Jyväskylä,#=357 QS World University Rankings 2018
Finland,Undergraduate,Communication and Media Studies,University of Tampere,#551-600 QS World University Rankings 2018
Finland,Undergraduate,Computer Science and Information Systems,University of Helsinki,#=102 QS World University Rankings 2018
Finland,Undergraduate,Computer Science and Information Systems,,
Finland,Undergraduate,Computer Science and Information Systems,,
Finland,Undergraduate,Computer Science and Information Systems,,
Finland,Undergraduate,Computer Science and Information Systems,,
Finland,Undergraduate,Computer Science and Information Systems,,
Finland,Undergraduate,Computer Science and Information Systems,,
Finland,Undergraduate,Computer Science and Information Systems,,
Finland,Undergraduate,Computer Science and Information Systems,,
Finland,Undergraduate,Computer Science and Information Systems,Aalto University School of Business,#=137 QS World University Rankings 2018
Finland,Undergraduate,Computer Science and Information Systems,University of Turku,#276 QS World University Rankings 2018
Finland,Undergraduate,Computer Science and Information Systems,University of Jyväskylä,#=357 QS World University Rankings 2018
Finland,Undergraduate,Computer Science and Information Systems,Tampere University of Technology,#380 QS World University Rankings 2018
Finland,Undergraduate,Computer Science and Information Systems,University of Oulu,#411-420 QS World University Rankings 2018
Finland,Undergraduate,Computer Science and Information Systems,University of Eastern Finland,#451-460 QS World University Rankings 2018
Finland,Undergraduate,Computer Science and Information Systems,University of Tampere,#551-600 QS World University Rankings 2018
Finland,Undergraduate,Dentistry,University of Helsinki,#=102 QS World University Rankings 2018
Finland,Undergraduate,Dentistry,,
Finland,Undergraduate,Dentistry,,
Finland,Undergraduate,Dentistry,,
Finland,Undergraduate,Dentistry,,
Finland,Undergraduate,Dentistry,,
Finland,Undergraduate,Dentistry,,
Finland,Undergraduate,Dentistry,,
Finland,Undergraduate,Dentistry,,
Finland,Undergraduate,Dentistry,University of Turku,#276 QS World University Rankings 2018
Finland,Undergraduate,Dentistry,University of Oulu,#411-420 QS World University Rankings 2018
Finland,Undergraduate,Dentistry,University of Eastern Finland,#451-460 QS World University Rankings 2018
Finland,Undergraduate,Dentistry,University of Tampere,#551-600 QS World University Rankings 2018
Finland,Undergraduate,Development Studies,University of Helsinki,#=102 QS World University Rankings 2018
Finland,Undergraduate,Development Studies,,
Finland,Undergraduate,Development Studies,,
Finland,Undergraduate,Development Studies,,
Finland,Undergraduate,Development Studies,,
Finland,Undergraduate,Development Studies,,
Finland,Undergraduate,Development Studies,,
Finland,Undergraduate,Development Studies,,
Finland,Undergraduate,Development Studies,,
Finland,Undergraduate,Development Studies,University of Jyväskylä,#=357 QS World University Rankings 2018
Finland,Undergraduate,Earth and Marine Sciences,University of Helsinki,#=102 QS World University Rankings 2018
Finland,Undergraduate,Earth and Marine Sciences,,
Finland,Undergraduate,Earth and Marine Sciences,,
Finland,Undergraduate,Earth and Marine Sciences,,
Finland,Undergraduate,Earth and Marine Sciences,,
Finland,Undergraduate,Earth and Marine Sciences,,
Finland,Undergraduate,Earth and Marine Sciences,,
Finland,Undergraduate,Earth and Marine Sciences,,
Finland,Undergraduate,Earth and Marine Sciences,,
Finland,Undergraduate,Earth and Marine Sciences,University of Turku,#276 QS World University Rankings 2018
Finland,Undergraduate,Earth and Marine Sciences,University of Oulu,#411-420 QS World University Rankings 2018
Finland,Undergraduate,Economics and Econometrics,University of Helsinki,#=102 QS World University Rankings 2018
Finland,Undergraduate,Economics and Econometrics,,
Finland,Undergraduate,Economics and Econometrics,,
Finland,Undergraduate,Economics and Econometrics,,
Finland,Undergraduate,Economics and Econometrics,,
Finland,Undergraduate,Economics and Econometrics,,
Finland,Undergraduate,Economics and Econometrics,,
Finland,Undergraduate,Economics and Econometrics,,
Finland,Undergraduate,Economics and Econometrics,,
Finland,Undergraduate,Economics and Econometrics,Aalto University School of Business,#=137 QS World University Rankings 2018
Finland,Undergraduate,Economics and Econometrics,University of Turku,#276 QS World University Rankings 2018
Finland,Undergraduate,Economics and Econometrics,University of Jyväskylä,#=357 QS World University Rankings 2018
Finland,Undergraduate,Economics and Econometrics,University of Oulu,#411-420 QS World University Rankings 2018
Finland,Undergraduate,Economics and Econometrics,University of Eastern Finland,#451-460 QS World University Rankings 2018
Finland,Undergraduate,Economics and Econometrics,University of Tampere,#551-600 QS World University Rankings 2018
Finland,Undergraduate,Education and Training,University of Helsinki,#=102 QS World University Rankings 2018
Finland,Undergraduate,Education and Training,,
Finland,Undergraduate,Education and Training,,
Finland,Undergraduate,Education and Training,,
Finland,Undergraduate,Education and Training,,
Finland,Undergraduate,Education and Training,,
Finland,Undergraduate,Education and Training,,
Finland,Undergraduate,Education and Training,,
Finland,Undergraduate,Education and Training,,
Finland,Undergraduate,Education and Training,University of Turku,#276 QS World University Rankings 2018
Finland,Undergraduate,Education and Training,University of Jyväskylä,#=357 QS World University Rankings 2018
Finland,Undergraduate,Education and Training,University of Oulu,#411-420 QS World University Rankings 2018
Finland,Undergraduate,Education and Training,University of Eastern Finland,#451-460 QS World University Rankings 2018
Finland,Undergraduate,Education and Training,University of Tampere,#551-600 QS World University Rankings 2018
Finland,Undergraduate,Engineering - Aeronautical,Aalto University School of Business,#=137 QS World University Rankings 2018
Finland,Undergraduate,Engineering - Aeronautical,Tampere University of Technology,#380 QS World University Rankings 2018
Finland,Undergraduate,Engineering - Chemical,Aalto University School of Business,#=137 QS World University Rankings 2018
Finland,Undergraduate,Engineering - Chemical,Tampere University of Technology,#380 QS World University Rankings 2018
Finland,Undergraduate,Engineering - Chemical,University of Oulu,#411-420 QS World University Rankings 2018
Finland,Undergraduate,Engineering - Civil and Structural,Aalto University School of Business,#=137 QS World University Rankings 2018
Finland,Undergraduate,Engineering - Civil and Structural,Tampere University of Technology,#380 QS World University Rankings 2018
Finland,Undergraduate,Engineering - Civil and Structural,University of Oulu,#411-420 QS World University Rankings 2018
Finland,Undergraduate,Engineering - Electrical and Electronic,Aalto University School of Business,#=137 QS World University Rankings 2018
Finland,Undergraduate,Engineering - Electrical and Electronic,University of Turku,#276 QS World University Rankings 2018
Finland,Undergraduate,Engineering - Electrical and Electronic,Tampere University of Technology,#380 QS World University Rankings 2018
Finland,Undergraduate,Engineering - Electrical and Electronic,University of Oulu,#411-420 QS World University Rankings 2018
Finland,Undergraduate,Engineering - General,University of Oulu,#411-420 QS World University Rankings 2018
Finland,Undergraduate,Engineering - General,Helsinki Education and Researc ...,
Finland,Undergraduate,Engineering - Manufacturing & Production,Tampere University of Technology,#380 QS World University Rankings 2018
Finland,Undergraduate,Engineering - Manufacturing & Production,University of Oulu,#411-420 QS World University Rankings 2018
Finland,Undergraduate,Engineering - Mechanical,Aalto University School of Business,#=137 QS World University Rankings 2018
Finland,Undergraduate,Engineering - Mechanical,Tampere University of Technology,#380 QS World University Rankings 2018
Finland,Undergraduate,Engineering - Mechanical,University of Oulu,#411-420 QS World University Rankings 2018
Finland,Undergraduate,Engineering - Mineral & Mining,Aalto University School of Business,#=137 QS World University Rankings 2018
Finland,Undergraduate,Engineering - Mineral & Mining,University of Oulu,#411-420 QS World University Rankings 2018
Finland,Undergraduate,Engineering Management,Aalto University School of Business,#=137 QS World University Rankings 2018
Finland,Undergraduate,Engineering Management,University of Oulu,#411-420 QS World University Rankings 2018
Finland,Undergraduate,English Language and Literature,University of Helsinki,#=102 QS World University Rankings 2018
Finland,Undergraduate,English Language and Literature,,
Finland,Undergraduate,English Language and Literature,,
Finland,Undergraduate,English Language and Literature,,
Finland,Undergraduate,English Language and Literature,,
Finland,Undergraduate,English Language and Literature,,
Finland,Undergraduate,English Language and Literature,,
Finland,Undergraduate,English Language and Literature,,
Finland,Undergraduate,English Language and Literature,,
Finland,Undergraduate,English Language and Literature,University of Turku,#276 QS World University Rankings 2018
Finland,Undergraduate,English Language and Literature,University of Jyväskylä,#=357 QS World University Rankings 2018
Finland,Undergraduate,English Language and Literature,University of Oulu,#411-420 QS World University Rankings 2018
Finland,Undergraduate,English Language and Literature,University of Eastern Finland,#451-460 QS World University Rankings 2018
Finland,Undergraduate,English Language and Literature,University of Tampere,#551-600 QS World University Rankings 2018
Finland,Undergraduate,Environmental Studies,University of Helsinki,#=102 QS World University Rankings 2018
Finland,Undergraduate,Environmental Studies,,
Finland,Undergraduate,Environmental Studies,,
Finland,Undergraduate,Environmental Studies,,
Finland,Undergraduate,Environmental Studies,,
Finland,Undergraduate,Environmental Studies,,
Finland,Undergraduate,Environmental Studies,,
Finland,Undergraduate,Environmental Studies,,
Finland,Undergraduate,Environmental Studies,,
Finland,Undergraduate,Environmental Studies,University of Turku,#276 QS World University Rankings 2018
Finland,Undergraduate,Environmental Studies,University of Jyväskylä,#=357 QS World University Rankings 2018
Finland,Undergraduate,Environmental Studies,Tampere University of Technology,#380 QS World University Rankings 2018
Finland,Undergraduate,Environmental Studies,University of Eastern Finland,#451-460 QS World University Rankings 2018
Finland,Undergraduate,Ethnicity, Gender and Diversity,University of Helsinki,#=102 QS World University Rankings 2018
Finland,Undergraduate,Ethnicity, Gender and Diversity,,
Finland,Undergraduate,Ethnicity, Gender and Diversity,,
Finland,Undergraduate,Ethnicity, Gender and Diversity,,
Finland,Undergraduate,Ethnicity, Gender and Diversity,,
Finland,Undergraduate,Ethnicity, Gender and Diversity,,
Finland,Undergraduate,Ethnicity, Gender and Diversity,,
Finland,Undergraduate,Ethnicity, Gender and Diversity,,
Finland,Undergraduate,Ethnicity, Gender and Diversity,,
Finland,Undergraduate,Ethnicity, Gender and Diversity,University of Turku,#276 QS World University Rankings 2018
Finland,Undergraduate,Ethnicity, Gender and Diversity,University of Jyväskylä,#=357 QS World University Rankings 2018
Finland,Undergraduate,Ethnicity, Gender and Diversity,University of Tampere,#551-600 QS World University Rankings 2018
Finland,Undergraduate,Finance,Aalto University School of Business,#=137 QS World University Rankings 2018
Finland,Undergraduate,Finance,University of Jyväskylä,#=357 QS World University Rankings 2018
Finland,Undergraduate,Finance,University of Oulu,#411-420 QS World University Rankings 2018
Finland,Undergraduate,Finance,University of Tampere,#551-600 QS World University Rankings 2018
Finland,Undergraduate,Geography,University of Helsinki,#=102 QS World University Rankings 2018
Finland,Undergraduate,Geography,,
Finland,Undergraduate,Geography,,
Finland,Undergraduate,Geography,,
Finland,Undergraduate,Geography,,
Finland,Undergraduate,Geography,,
Finland,Undergraduate,Geography,,
Finland,Undergraduate,Geography,,
Finland,Undergraduate,Geography,,
Finland,Undergraduate,Geography,University of Turku,#276 QS World University Rankings 2018
Finland,Undergraduate,Geography,University of Oulu,#411-420 QS World University Rankings 2018
Finland,Undergraduate,Geography,University of Eastern Finland,#451-460 QS World University Rankings 2018
Finland,Undergraduate,Hospitality & Leisure Management,University of Helsinki,#=102 QS World University Rankings 2018
Finland,Undergraduate,Hospitality & Leisure Management,,
Finland,Undergraduate,Hospitality & Leisure Management,,
Finland,Undergraduate,Hospitality & Leisure Management,,
Finland,Undergraduate,Hospitality & Leisure Management,,
Finland,Undergraduate,Hospitality & Leisure Management,,
Finland,Undergraduate,Hospitality & Leisure Management,,
Finland,Undergraduate,Hospitality & Leisure Management,,
Finland,Undergraduate,Hospitality & Leisure Management,,
Finland,Undergraduate,Human Resources Management,University of Jyväskylä,#=357 QS World University Rankings 2018
Finland,Undergraduate,Human Resources Management,University of Tampere,#551-600 QS World University Rankings 2018
Finland,Undergraduate,International Relations/Studies/Affairs,University of Helsinki,#=102 QS World University Rankings 2018
Finland,Undergraduate,International Relations/Studies/Affairs,,
Finland,Undergraduate,International Relations/Studies/Affairs,,
Finland,Undergraduate,International Relations/Studies/Affairs,,
Finland,Undergraduate,International Relations/Studies/Affairs,,
Finland,Undergraduate,International Relations/Studies/Affairs,,
Finland,Undergraduate,International Relations/Studies/Affairs,,
Finland,Undergraduate,International Relations/Studies/Affairs,,
Finland,Undergraduate,International Relations/Studies/Affairs,,
Finland,Undergraduate,International Relations/Studies/Affairs,University of Jyväskylä,#=357 QS World University Rankings 2018
Finland,Undergraduate,International Relations/Studies/Affairs,University of Tampere,#551-600 QS World University Rankings 2018
Finland,Undergraduate,Journalism,University of Helsinki,#=102 QS World University Rankings 2018
Finland,Undergraduate,Journalism,,
Finland,Undergraduate,Journalism,,
Finland,Undergraduate,Journalism,,
Finland,Undergraduate,Journalism,,
Finland,Undergraduate,Journalism,,
Finland,Undergraduate,Journalism,,
Finland,Undergraduate,Journalism,,
Finland,Undergraduate,Journalism,,
Finland,Undergraduate,Journalism,University of Jyväskylä,#=357 QS World University Rankings 2018
Finland,Undergraduate,Journalism,University of Tampere,#551-600 QS World University Rankings 2018
Finland,Undergraduate,Law and Legal Studies,University of Helsinki,#=102 QS World University Rankings 2018
Finland,Undergraduate,Law and Legal Studies,,
Finland,Undergraduate,Law and Legal Studies,,
Finland,Undergraduate,Law and Legal Studies,,
Finland,Undergraduate,Law and Legal Studies,,
Finland,Undergraduate,Law and Legal Studies,,
Finland,Undergraduate,Law and Legal Studies,,
Finland,Undergraduate,Law and Legal Studies,,
Finland,Undergraduate,Law and Legal Studies,,
Finland,Undergraduate,Law and Legal Studies,University of Turku,#276 QS World University Rankings 2018
Finland,Undergraduate,Law and Legal Studies,University of Eastern Finland,#451-460 QS World University Rankings 2018
Finland,Undergraduate,Law and Legal Studies,University of Tampere,#551-600 QS World University Rankings 2018
Finland,Undergraduate,Library & Information Management,University of Tampere,#551-600 QS World University Rankings 2018
Finland,Undergraduate,Linguistics,University of Helsinki,#=102 QS World University Rankings 2018
Finland,Undergraduate,Linguistics,,
Finland,Undergraduate,Linguistics,,
Finland,Undergraduate,Linguistics,,
Finland,Undergraduate,Linguistics,,
Finland,Undergraduate,Linguistics,,
Finland,Undergraduate,Linguistics,,
Finland,Undergraduate,Linguistics,,
Finland,Undergraduate,Linguistics,,
Finland,Undergraduate,Linguistics,University of Jyväskylä,#=357 QS World University Rankings 2018
Finland,Undergraduate,Linguistics,University of Oulu,#411-420 QS World University Rankings 2018
Finland,Undergraduate,Linguistics,University of Eastern Finland,#451-460 QS World University Rankings 2018
Finland,Undergraduate,Marketing,Aalto University School of Business,#=137 QS World University Rankings 2018
Finland,Undergraduate,Marketing,University of Jyväskylä,#=357 QS World University Rankings 2018
Finland,Undergraduate,Marketing,University of Oulu,#411-420 QS World University Rankings 2018
Finland,Undergraduate,Marketing,University of Tampere,#551-600 QS World University Rankings 2018
Finland,Undergraduate,Materials Sciences,Tampere University of Technology,#380 QS World University Rankings 2018
Finland,Undergraduate,Materials Sciences,University of Oulu,#411-420 QS World University Rankings 2018
Finland,Undergraduate,Mathematics,University of Helsinki,#=102 QS World University Rankings 2018
Finland,Undergraduate,Mathematics,,
Finland,Undergraduate,Mathematics,,
Finland,Undergraduate,Mathematics,,
Finland,Undergraduate,Mathematics,,
Finland,Undergraduate,Mathematics,,
Finland,Undergraduate,Mathematics,,
Finland,Undergraduate,Mathematics,,
Finland,Undergraduate,Mathematics,,
Finland,Undergraduate,Mathematics,Aalto University School of Business,#=137 QS World University Rankings 2018
Finland,Undergraduate,Mathematics,University of Turku,#276 QS World University Rankings 2018
Finland,Undergraduate,Mathematics,University of Jyväskylä,#=357 QS World University Rankings 2018
Finland,Undergraduate,Mathematics,Tampere University of Technology,#380 QS World University Rankings 2018
Finland,Undergraduate,Mathematics,University of Oulu,#411-420 QS World University Rankings 2018
Finland,Undergraduate,Mathematics,University of Eastern Finland,#451-460 QS World University Rankings 2018
Finland,Undergraduate,Mathematics,University of Tampere,#551-600 QS World University Rankings 2018
Finland,Undergraduate,Medicine,University of Helsinki,#=102 QS World University Rankings 2018
Finland,Undergraduate,Medicine,,
Finland,Undergraduate,Medicine,,
Finland,Undergraduate,Medicine,,
Finland,Undergraduate,Medicine,,
Finland,Undergraduate,Medicine,,
Finland,Undergraduate,Medicine,,
Finland,Undergraduate,Medicine,,
Finland,Undergraduate,Medicine,,
Finland,Undergraduate,Medicine,University of Turku,#276 QS World University Rankings 2018
Finland,Undergraduate,Medicine,University of Oulu,#411-420 QS World University Rankings 2018
Finland,Undergraduate,Medicine,University of Eastern Finland,#451-460 QS World University Rankings 2018
Finland,Undergraduate,Medicine,University of Tampere,#551-600 QS World University Rankings 2018
Finland,Undergraduate,Medicine Related Studies,University of Helsinki,#=102 QS World University Rankings 2018
Finland,Undergraduate,Medicine Related Studies,,
Finland,Undergraduate,Medicine Related Studies,,
Finland,Undergraduate,Medicine Related Studies,,
Finland,Undergraduate,Medicine Related Studies,,
Finland,Undergraduate,Medicine Related Studies,,
Finland,Undergraduate,Medicine Related Studies,,
Finland,Undergraduate,Medicine Related Studies,,
Finland,Undergraduate,Medicine Related Studies,,
Finland,Undergraduate,Medicine Related Studies,University of Turku,#276 QS World University Rankings 2018
Finland,Undergraduate,Medicine Related Studies,University of Jyväskylä,#=357 QS World University Rankings 2018
Finland,Undergraduate,Medicine Related Studies,University of Oulu,#411-420 QS World University Rankings 2018
Finland,Undergraduate,Medicine Related Studies,University of Eastern Finland,#451-460 QS World University Rankings 2018
Finland,Undergraduate,Medicine Related Studies,University of Tampere,#551-600 QS World University Rankings 2018
Finland,Undergraduate,Modern Languages,University of Helsinki,#=102 QS World University Rankings 2018
Finland,Undergraduate,Modern Languages,,
Finland,Undergraduate,Modern Languages,,
Finland,Undergraduate,Modern Languages,,
Finland,Undergraduate,Modern Languages,,
Finland,Undergraduate,Modern Languages,,
Finland,Undergraduate,Modern Languages,,
Finland,Undergraduate,Modern Languages,,
Finland,Undergraduate,Modern Languages,,
Finland,Undergraduate,Modern Languages,University of Turku,#276 QS World University Rankings 2018
Finland,Undergraduate,Modern Languages,University of Jyväskylä,#=357 QS World University Rankings 2018
Finland,Undergraduate,Modern Languages,University of Oulu,#411-420 QS World University Rankings 2018
Finland,Undergraduate,Modern Languages,University of Eastern Finland,#451-460 QS World University Rankings 2018
Finland,Undergraduate,Modern Languages,University of Tampere,#551-600 QS World University Rankings 2018
Finland,Undergraduate,Nursing,University of Oulu,#411-420 QS World University Rankings 2018
Finland,Undergraduate,Nursing,University of Eastern Finland,#451-460 QS World University Rankings 2018
Finland,Undergraduate,Nursing,University of Tampere,#551-600 QS World University Rankings 2018
Finland,Undergraduate,Performing Arts,University of Helsinki,#=102 QS World University Rankings 2018
Finland,Undergraduate,Performing Arts,,
Finland,Undergraduate,Performing Arts,,
Finland,Undergraduate,Performing Arts,,
Finland,Undergraduate,Performing Arts,,
Finland,Undergraduate,Performing Arts,,
Finland,Undergraduate,Performing Arts,,
Finland,Undergraduate,Performing Arts,,
Finland,Undergraduate,Performing Arts,,
Finland,Undergraduate,Performing Arts,Aalto University School of Business,#=137 QS World University Rankings 2018
Finland,Undergraduate,Performing Arts,University of Turku,#276 QS World University Rankings 2018
Finland,Undergraduate,Performing Arts,University of Tampere,#551-600 QS World University Rankings 2018
Finland,Undergraduate,Pharmacology,University of Helsinki,#=102 QS World University Rankings 2018
Finland,Undergraduate,Pharmacology,,
Finland,Undergraduate,Pharmacology,,
Finland,Undergraduate,Pharmacology,,
Finland,Undergraduate,Pharmacology,,
Finland,Undergraduate,Pharmacology,,
Finland,Undergraduate,Pharmacology,,
Finland,Undergraduate,Pharmacology,,
Finland,Undergraduate,Pharmacology,,
Finland,Undergraduate,Pharmacology,University of Eastern Finland,#451-460 QS World University Rankings 2018
Finland,Undergraduate,Philosophy,University of Helsinki,#=102 QS World University Rankings 2018
Finland,Undergraduate,Philosophy,,
Finland,Undergraduate,Philosophy,,
Finland,Undergraduate,Philosophy,,
Finland,Undergraduate,Philosophy,,
Finland,Undergraduate,Philosophy,,
Finland,Undergraduate,Philosophy,,
Finland,Undergraduate,Philosophy,,
Finland,Undergraduate,Philosophy,,
Finland,Undergraduate,Philosophy,University of Turku,#276 QS World University Rankings 2018
Finland,Undergraduate,Philosophy,University of Jyväskylä,#=357 QS World University Rankings 2018
Finland,Undergraduate,Philosophy,University of Tampere,#551-600 QS World University Rankings 2018
Finland,Undergraduate,Physics & Astronomy,University of Helsinki,#=102 QS World University Rankings 2018
Finland,Undergraduate,Physics & Astronomy,,
Finland,Undergraduate,Physics & Astronomy,,
Finland,Undergraduate,Physics & Astronomy,,
Finland,Undergraduate,Physics & Astronomy,,
Finland,Undergraduate,Physics & Astronomy,,
Finland,Undergraduate,Physics & Astronomy,,
Finland,Undergraduate,Physics & Astronomy,,
Finland,Undergraduate,Physics & Astronomy,,
Finland,Undergraduate,Physics & Astronomy,University of Turku,#276 QS World University Rankings 2018
Finland,Undergraduate,Physics & Astronomy,University of Jyväskylä,#=357 QS World University Rankings 2018
Finland,Undergraduate,Physics & Astronomy,Tampere University of Technology,#380 QS World University Rankings 2018
Finland,Undergraduate,Physics & Astronomy,University of Oulu,#411-420 QS World University Rankings 2018
Finland,Undergraduate,Physics & Astronomy,University of Eastern Finland,#451-460 QS World University Rankings 2018
Finland,Undergraduate,Politics,University of Helsinki,#=102 QS World University Rankings 2018
Finland,Undergraduate,Politics,,
Finland,Undergraduate,Politics,,
Finland,Undergraduate,Politics,,
Finland,Undergraduate,Politics,,
Finland,Undergraduate,Politics,,
Finland,Undergraduate,Politics,,
Finland,Undergraduate,Politics,,
Finland,Undergraduate,Politics,,
Finland,Undergraduate,Politics,University of Turku,#276 QS World University Rankings 2018
Finland,Undergraduate,Politics,University of Jyväskylä,#=357 QS World University Rankings 2018
Finland,Undergraduate,Politics,University of Tampere,#551-600 QS World University Rankings 2018
Finland,Undergraduate,Psychology,University of Helsinki,#=102 QS World University Rankings 2018
Finland,Undergraduate,Psychology,,
Finland,Undergraduate,Psychology,,
Finland,Undergraduate,Psychology,,
Finland,Undergraduate,Psychology,,
Finland,Undergraduate,Psychology,,
Finland,Undergraduate,Psychology,,
Finland,Undergraduate,Psychology,,
Finland,Undergraduate,Psychology,,
Finland,Undergraduate,Psychology,University of Turku,#276 QS World University Rankings 2018
Finland,Undergraduate,Psychology,University of Jyväskylä,#=357 QS World University Rankings 2018
Finland,Undergraduate,Psychology,University of Eastern Finland,#451-460 QS World University Rankings 2018
Finland,Undergraduate,Psychology,University of Tampere,#551-600 QS World University Rankings 2018
Finland,Undergraduate,Public Policy,University of Helsinki,#=102 QS World University Rankings 2018
Finland,Undergraduate,Public Policy,,
Finland,Undergraduate,Public Policy,,
Finland,Undergraduate,Public Policy,,
Finland,Undergraduate,Public Policy,,
Finland,Undergraduate,Public Policy,,
Finland,Undergraduate,Public Policy,,
Finland,Undergraduate,Public Policy,,
Finland,Undergraduate,Public Policy,,
Finland,Undergraduate,Public Policy,University of Turku,#276 QS World University Rankings 2018
Finland,Undergraduate,Public Policy,University of Jyväskylä,#=357 QS World University Rankings 2018
Finland,Undergraduate,Public Policy,University of Tampere,#551-600 QS World University Rankings 2018
Finland,Undergraduate,Sociology,University of Helsinki,#=102 QS World University Rankings 2018
Finland,Undergraduate,Sociology,,
Finland,Undergraduate,Sociology,,
Finland,Undergraduate,Sociology,,
Finland,Undergraduate,Sociology,,
Finland,Undergraduate,Sociology,,
Finland,Undergraduate,Sociology,,
Finland,Undergraduate,Sociology,,
Finland,Undergraduate,Sociology,,
Finland,Undergraduate,Sociology,University of Turku,#276 QS World University Rankings 2018
Finland,Undergraduate,Sociology,University of Jyväskylä,#=357 QS World University Rankings 2018
Finland,Undergraduate,Sociology,University of Eastern Finland,#451-460 QS World University Rankings 2018
Finland,Undergraduate,Sociology,University of Tampere,#551-600 QS World University Rankings 2018
Finland,Undergraduate,Sports-related Courses,University of Jyväskylä,#=357 QS World University Rankings 2018
Finland,Undergraduate,Statistics and Operational Research,University of Helsinki,#=102 QS World University Rankings 2018
Finland,Undergraduate,Statistics and Operational Research,,
Finland,Undergraduate,Statistics and Operational Research,,
Finland,Undergraduate,Statistics and Operational Research,,
Finland,Undergraduate,Statistics and Operational Research,,
Finland,Undergraduate,Statistics and Operational Research,,
Finland,Undergraduate,Statistics and Operational Research,,
Finland,Undergraduate,Statistics and Operational Research,,
Finland,Undergraduate,Statistics and Operational Research,,
Finland,Undergraduate,Statistics and Operational Research,University of Jyväskylä,#=357 QS World University Rankings 2018
Finland,Undergraduate,Statistics and Operational Research,University of Oulu,#411-420 QS World University Rankings 2018
Finland,Undergraduate,Statistics and Operational Research,University of Tampere,#551-600 QS World University Rankings 2018
Finland,Undergraduate,Theology, Divinity & Religious Studies,University of Helsinki,#=102 QS World University Rankings 2018
Finland,Undergraduate,Theology, Divinity & Religious Studies,,
Finland,Undergraduate,Theology, Divinity & Religious Studies,,
Finland,Undergraduate,Theology, Divinity & Religious Studies,,
Finland,Undergraduate,Theology, Divinity & Religious Studies,,
Finland,Undergraduate,Theology, Divinity & Religious Studies,,
Finland,Undergraduate,Theology, Divinity & Religious Studies,,
Finland,Undergraduate,Theology, Divinity & Religious Studies,,
Finland,Undergraduate,Theology, Divinity & Religious Studies,,
Finland,Undergraduate,Theology, Divinity & Religious Studies,University of Turku,#276 QS World University Rankings 2018
Finland,Undergraduate,Theology, Divinity & Religious Studies,University of Eastern Finland,#451-460 QS World University Rankings 2018
Finland,Undergraduate,Urban Planning,Aalto University School of Business,#=137 QS World University Rankings 2018
Finland,Undergraduate,Urban Planning,Tampere University of Technology,#380 QS World University Rankings 2018
Finland,Undergraduate,Urban Planning,University of Oulu,#411-420 QS World University Rankings 2018
Finland,Undergraduate,Urban Planning,University of Tampere,#551-600 QS World University Rankings 2018
Finland,Undergraduate,Veterinary Science,University of Helsinki,#=102 QS World University Rankings 2018
Finland,Undergraduate,Veterinary Science,,
Finland,Undergraduate,Veterinary Science,,
Finland,Undergraduate,Veterinary Science,,
Finland,Undergraduate,Veterinary Science,,
Finland,Undergraduate,Veterinary Science,,
Finland,Undergraduate,Veterinary Science,,
Finland,Undergraduate,Veterinary Science,,
Finland,Undergraduate,Veterinary Science,,
Finland,Undergraduate,Zoology,University of Helsinki,#=102 QS World University Rankings 2018
Finland,Undergraduate,Zoology,,
Finland,Undergraduate,Zoology,,
Finland,Undergraduate,Zoology,,
Finland,Undergraduate,Zoology,,
Finland,Undergraduate,Zoology,,
Finland,Undergraduate,Zoology,,
Finland,Undergraduate,Zoology,,
Finland,Undergraduate,Zoology,,
Finland,Undergraduate,Zoology,University of Turku,#276 QS World University Rankings 2018
Finland,Undergraduate,Zoology,University of Oulu,#411-420 QS World University Rankings 2018
Finland,Postgraduate,Accounting and Finance,Aalto University School of Business,#=137 QS World University Rankings 2018
Finland,Postgraduate,Accounting and Finance,University of Jyväskylä,#=357 QS World University Rankings 2018
Finland,Postgraduate,Accounting and Finance,University of Oulu,#411-420 QS World University Rankings 2018
Finland,Postgraduate,Accounting and Finance,University of Eastern Finland,#451-460 QS World University Rankings 2018
Finland,Postgraduate,Accounting and Finance,University of Tampere,#551-600 QS World University Rankings 2018
Finland,Postgraduate,Agriculture & Forestry,University of Helsinki,#=102 QS World University Rankings 2018
Finland,Postgraduate,Agriculture & Forestry,,
Finland,Postgraduate,Agriculture & Forestry,,
Finland,Postgraduate,Agriculture & Forestry,,
Finland,Postgraduate,Agriculture & Forestry,,
Finland,Postgraduate,Agriculture & Forestry,,
Finland,Postgraduate,Agriculture & Forestry,,
Finland,Postgraduate,Agriculture & Forestry,,
Finland,Postgraduate,Agriculture & Forestry,,
Finland,Postgraduate,Agriculture & Forestry,University of Eastern Finland,#451-460 QS World University Rankings 2018
Finland,Postgraduate,Anatomy & Physiology,University of Helsinki,#=102 QS World University Rankings 2018
Finland,Postgraduate,Anatomy & Physiology,,
Finland,Postgraduate,Anatomy & Physiology,,
Finland,Postgraduate,Anatomy & Physiology,,
Finland,Postgraduate,Anatomy & Physiology,,
Finland,Postgraduate,Anatomy & Physiology,,
Finland,Postgraduate,Anatomy & Physiology,,
Finland,Postgraduate,Anatomy & Physiology,,
Finland,Postgraduate,Anatomy & Physiology,,
Finland,Postgraduate,Anatomy & Physiology,University of Oulu,#411-420 QS World University Rankings 2018
Finland,Postgraduate,Anatomy & Physiology,University of Eastern Finland,#451-460 QS World University Rankings 2018
Finland,Postgraduate,Anatomy & Physiology,University of Tampere,#551-600 QS World University Rankings 2018
Finland,Postgraduate,Anthropology,University of Helsinki,#=102 QS World University Rankings 2018
Finland,Postgraduate,Anthropology,,
Finland,Postgraduate,Anthropology,,
Finland,Postgraduate,Anthropology,,
Finland,Postgraduate,Anthropology,,
Finland,Postgraduate,Anthropology,,
Finland,Postgraduate,Anthropology,,
Finland,Postgraduate,Anthropology,,
Finland,Postgraduate,Anthropology,,
Finland,Postgraduate,Anthropology,University of Turku,#276 QS World University Rankings 2018
Finland,Postgraduate,Anthropology,University of Tampere,#551-600 QS World University Rankings 2018
Finland,Postgraduate,Archaeology,University of Helsinki,#=102 QS World University Rankings 2018
Finland,Postgraduate,Archaeology,,
Finland,Postgraduate,Archaeology,,
Finland,Postgraduate,Archaeology,,
Finland,Postgraduate,Archaeology,,
Finland,Postgraduate,Archaeology,,
Finland,Postgraduate,Archaeology,,
Finland,Postgraduate,Archaeology,,
Finland,Postgraduate,Archaeology,,
Finland,Postgraduate,Archaeology,University of Turku,#276 QS World University Rankings 2018
Finland,Postgraduate,Archaeology,University of Jyväskylä,#=357 QS World University Rankings 2018
Finland,Postgraduate,Archaeology,University of Oulu,#411-420 QS World University Rankings 2018
Finland,Postgraduate,Archaeology,University of Tampere,#551-600 QS World University Rankings 2018
Finland,Postgraduate,Architecture,Aalto University School of Business,#=137 QS World University Rankings 2018
Finland,Postgraduate,Architecture,Tampere University of Technology,#380 QS World University Rankings 2018
Finland,Postgraduate,Architecture,University of Oulu,#411-420 QS World University Rankings 2018
Finland,Postgraduate,Area Studies,University of Helsinki,#=102 QS World University Rankings 2018
Finland,Postgraduate,Area Studies,,
Finland,Postgraduate,Area Studies,,
Finland,Postgraduate,Area Studies,,
Finland,Postgraduate,Area Studies,,
Finland,Postgraduate,Area Studies,,
Finland,Postgraduate,Area Studies,,
Finland,Postgraduate,Area Studies,,
Finland,Postgraduate,Area Studies,,
Finland,Postgraduate,Area Studies,University of Turku,#276 QS World University Rankings 2018
Finland,Postgraduate,Area Studies,University of Tampere,#551-600 QS World University Rankings 2018
Finland,Postgraduate,Art & Design,Aalto University School of Business,#=137 QS World University Rankings 2018
Finland,Postgraduate,Art & Design,University of Jyväskylä,#=357 QS World University Rankings 2018
Finland,Postgraduate,Astronomy,University of Helsinki,#=102 QS World University Rankings 2018
Finland,Postgraduate,Astronomy,,
Finland,Postgraduate,Astronomy,,
Finland,Postgraduate,Astronomy,,
Finland,Postgraduate,Astronomy,,
Finland,Postgraduate,Astronomy,,
Finland,Postgraduate,Astronomy,,
Finland,Postgraduate,Astronomy,,
Finland,Postgraduate,Astronomy,,
Finland,Postgraduate,Astronomy,University of Oulu,#411-420 QS World University Rankings 2018
Finland,Postgraduate,Biological Sciences,University of Helsinki,#=102 QS World University Rankings 2018
Finland,Postgraduate,Biological Sciences,,
Finland,Postgraduate,Biological Sciences,,
Finland,Postgraduate,Biological Sciences,,
Finland,Postgraduate,Biological Sciences,,
Finland,Postgraduate,Biological Sciences,,
Finland,Postgraduate,Biological Sciences,,
Finland,Postgraduate,Biological Sciences,,
Finland,Postgraduate,Biological Sciences,,
Finland,Postgraduate,Biological Sciences,University of Turku,#276 QS World University Rankings 2018
Finland,Postgraduate,Biological Sciences,University of Jyväskylä,#=357 QS World University Rankings 2018
Finland,Postgraduate,Biological Sciences,University of Oulu,#411-420 QS World University Rankings 2018
Finland,Postgraduate,Biological Sciences,University of Eastern Finland,#451-460 QS World University Rankings 2018
Finland,Postgraduate,Biological Sciences,University of Tampere,#551-600 QS World University Rankings 2018
Finland,Postgraduate,Built Environment,Aalto University School of Business,#=137 QS World University Rankings 2018
Finland,Postgraduate,Built Environment,Tampere University of Technology,#380 QS World University Rankings 2018
Finland,Postgraduate,Built Environment,University of Oulu,#411-420 QS World University Rankings 2018
Finland,Postgraduate,Business & Management Studies,University of Helsinki,#=102 QS World University Rankings 2018
Finland,Postgraduate,Business & Management Studies,,
Finland,Postgraduate,Business & Management Studies,,
Finland,Postgraduate,Business & Management Studies,,
Finland,Postgraduate,Business & Management Studies,,
Finland,Postgraduate,Business & Management Studies,,
Finland,Postgraduate,Business & Management Studies,,
Finland,Postgraduate,Business & Management Studies,,
Finland,Postgraduate,Business & Management Studies,,
Finland,Postgraduate,Business & Management Studies,Aalto University School of Business,#=137 QS World University Rankings 2018
Finland,Postgraduate,Business & Management Studies,University of Jyväskylä,#=357 QS World University Rankings 2018
Finland,Postgraduate,Business & Management Studies,Tampere University of Technology,#380 QS World University Rankings 2018
Finland,Postgraduate,Business & Management Studies,University of Oulu,#411-420 QS World University Rankings 2018
Finland,Postgraduate,Business & Management Studies,University of Eastern Finland,#451-460 QS World University Rankings 2018
Finland,Postgraduate,Business & Management Studies,University of Tampere,#551-600 QS World University Rankings 2018
Finland,Postgraduate,Chemistry,University of Helsinki,#=102 QS World University Rankings 2018
Finland,Postgraduate,Chemistry,,
Finland,Postgraduate,Chemistry,,
Finland,Postgraduate,Chemistry,,
Finland,Postgraduate,Chemistry,,
Finland,Postgraduate,Chemistry,,
Finland,Postgraduate,Chemistry,,
Finland,Postgraduate,Chemistry,,
Finland,Postgraduate,Chemistry,,
Finland,Postgraduate,Chemistry,University of Jyväskylä,#=357 QS World University Rankings 2018
Finland,Postgraduate,Chemistry,Tampere University of Technology,#380 QS World University Rankings 2018
Finland,Postgraduate,Chemistry,University of Oulu,#411-420 QS World University Rankings 2018
Finland,Postgraduate,Chemistry,University of Eastern Finland,#451-460 QS World University Rankings 2018
Finland,Postgraduate,Classics & Ancient History,University of Helsinki,#=102 QS World University Rankings 2018
Finland,Postgraduate,Classics & Ancient History,,
Finland,Postgraduate,Classics & Ancient History,,
Finland,Postgraduate,Classics & Ancient History,,
Finland,Postgraduate,Classics & Ancient History,,
Finland,Postgraduate,Classics & Ancient History,,
Finland,Postgraduate,Classics & Ancient History,,
Finland,Postgraduate,Classics & Ancient History,,
Finland,Postgraduate,Classics & Ancient History,,
Finland,Postgraduate,Communication and Media Studies,University of Helsinki,#=102 QS World University Rankings 2018
Finland,Postgraduate,Communication and Media Studies,,
Finland,Postgraduate,Communication and Media Studies,,
Finland,Postgraduate,Communication and Media Studies,,
Finland,Postgraduate,Communication and Media Studies,,
Finland,Postgraduate,Communication and Media Studies,,
Finland,Postgraduate,Communication and Media Studies,,
Finland,Postgraduate,Communication and Media Studies,,
Finland,Postgraduate,Communication and Media Studies,,
Finland,Postgraduate,Communication and Media Studies,Aalto University School of Business,#=137 QS World University Rankings 2018
Finland,Postgraduate,Communication and Media Studies,University of Turku,#276 QS World University Rankings 2018
Finland,Postgraduate,Communication and Media Studies,University of Jyväskylä,#=357 QS World University Rankings 2018
Finland,Postgraduate,Communication and Media Studies,University of Tampere,#551-600 QS World University Rankings 2018
Finland,Postgraduate,Computer Science and Information Systems,University of Helsinki,#=102 QS World University Rankings 2018
Finland,Postgraduate,Computer Science and Information Systems,,
Finland,Postgraduate,Computer Science and Information Systems,,
Finland,Postgraduate,Computer Science and Information Systems,,
Finland,Postgraduate,Computer Science and Information Systems,,
Finland,Postgraduate,Computer Science and Information Systems,,
Finland,Postgraduate,Computer Science and Information Systems,,
Finland,Postgraduate,Computer Science and Information Systems,,
Finland,Postgraduate,Computer Science and Information Systems,,
Finland,Postgraduate,Computer Science and Information Systems,Aalto University School of Business,#=137 QS World University Rankings 2018
Finland,Postgraduate,Computer Science and Information Systems,University of Turku,#276 QS World University Rankings 2018
Finland,Postgraduate,Computer Science and Information Systems,University of Jyväskylä,#=357 QS World University Rankings 2018
Finland,Postgraduate,Computer Science and Information Systems,Tampere University of Technology,#380 QS World University Rankings 2018
Finland,Postgraduate,Computer Science and Information Systems,University of Oulu,#411-420 QS World University Rankings 2018
Finland,Postgraduate,Computer Science and Information Systems,University of Eastern Finland,#451-460 QS World University Rankings 2018
Finland,Postgraduate,Computer Science and Information Systems,University of Tampere,#551-600 QS World University Rankings 2018
Finland,Postgraduate,Dentistry,University of Helsinki,#=102 QS World University Rankings 2018
Finland,Postgraduate,Dentistry,,
Finland,Postgraduate,Dentistry,,
Finland,Postgraduate,Dentistry,,
Finland,Postgraduate,Dentistry,,
Finland,Postgraduate,Dentistry,,
Finland,Postgraduate,Dentistry,,
Finland,Postgraduate,Dentistry,,
Finland,Postgraduate,Dentistry,,
Finland,Postgraduate,Dentistry,University of Turku,#276 QS World University Rankings 2018
Finland,Postgraduate,Dentistry,University of Oulu,#411-420 QS World University Rankings 2018
Finland,Postgraduate,Dentistry,University of Eastern Finland,#451-460 QS World University Rankings 2018
Finland,Postgraduate,Dentistry,University of Tampere,#551-600 QS World University Rankings 2018
Finland,Postgraduate,Development Studies,University of Helsinki,#=102 QS World University Rankings 2018
Finland,Postgraduate,Development Studies,,
Finland,Postgraduate,Development Studies,,
Finland,Postgraduate,Development Studies,,
Finland,Postgraduate,Development Studies,,
Finland,Postgraduate,Development Studies,,
Finland,Postgraduate,Development Studies,,
Finland,Postgraduate,Development Studies,,
Finland,Postgraduate,Development Studies,,
Finland,Postgraduate,Development Studies,University of Jyväskylä,#=357 QS World University Rankings 2018
Finland,Postgraduate,Earth and Marine Sciences,University of Helsinki,#=102 QS World University Rankings 2018
Finland,Postgraduate,Earth and Marine Sciences,,
Finland,Postgraduate,Earth and Marine Sciences,,
Finland,Postgraduate,Earth and Marine Sciences,,
Finland,Postgraduate,Earth and Marine Sciences,,
Finland,Postgraduate,Earth and Marine Sciences,,
Finland,Postgraduate,Earth and Marine Sciences,,
Finland,Postgraduate,Earth and Marine Sciences,,
Finland,Postgraduate,Earth and Marine Sciences,,
Finland,Postgraduate,Earth and Marine Sciences,University of Turku,#276 QS World University Rankings 2018
Finland,Postgraduate,Earth and Marine Sciences,University of Oulu,#411-420 QS World University Rankings 2018
Finland,Postgraduate,Economics and Econometrics,University of Helsinki,#=102 QS World University Rankings 2018
Finland,Postgraduate,Economics and Econometrics,,
Finland,Postgraduate,Economics and Econometrics,,
Finland,Postgraduate,Economics and Econometrics,,
Finland,Postgraduate,Economics and Econometrics,,
Finland,Postgraduate,Economics and Econometrics,,
Finland,Postgraduate,Economics and Econometrics,,
Finland,Postgraduate,Economics and Econometrics,,
Finland,Postgraduate,Economics and Econometrics,,
Finland,Postgraduate,Economics and Econometrics,Aalto University School of Business,#=137 QS World University Rankings 2018
Finland,Postgraduate,Economics and Econometrics,University of Turku,#276 QS World University Rankings 2018
Finland,Postgraduate,Economics and Econometrics,University of Jyväskylä,#=357 QS World University Rankings 2018
Finland,Postgraduate,Economics and Econometrics,University of Oulu,#411-420 QS World University Rankings 2018
Finland,Postgraduate,Economics and Econometrics,University of Eastern Finland,#451-460 QS World University Rankings 2018
Finland,Postgraduate,Economics and Econometrics,University of Tampere,#551-600 QS World University Rankings 2018
Finland,Postgraduate,Education and Training,University of Helsinki,#=102 QS World University Rankings 2018
Finland,Postgraduate,Education and Training,,
Finland,Postgraduate,Education and Training,,
Finland,Postgraduate,Education and Training,,
Finland,Postgraduate,Education and Training,,
Finland,Postgraduate,Education and Training,,
Finland,Postgraduate,Education and Training,,
Finland,Postgraduate,Education and Training,,
Finland,Postgraduate,Education and Training,,
Finland,Postgraduate,Education and Training,University of Turku,#276 QS World University Rankings 2018
Finland,Postgraduate,Education and Training,University of Jyväskylä,#=357 QS World University Rankings 2018
Finland,Postgraduate,Education and Training,University of Oulu,#411-420 QS World University Rankings 2018
Finland,Postgraduate,Education and Training,University of Eastern Finland,#451-460 QS World University Rankings 2018
Finland,Postgraduate,Education and Training,University of Tampere,#551-600 QS World University Rankings 2018
Finland,Postgraduate,Engineering - Aeronautical,Aalto University School of Business,#=137 QS World University Rankings 2018
Finland,Postgraduate,Engineering - Aeronautical,Tampere University of Technology,#380 QS World University Rankings 2018
Finland,Postgraduate,Engineering - Chemical,Aalto University School of Business,#=137 QS World University Rankings 2018
Finland,Postgraduate,Engineering - Chemical,Tampere University of Technology,#380 QS World University Rankings 2018
Finland,Postgraduate,Engineering - Chemical,University of Oulu,#411-420 QS World University Rankings 2018
Finland,Postgraduate,Engineering - Civil and Structural,Aalto University School of Business,#=137 QS World University Rankings 2018
Finland,Postgraduate,Engineering - Civil and Structural,Tampere University of Technology,#380 QS World University Rankings 2018
Finland,Postgraduate,Engineering - Civil and Structural,University of Oulu,#411-420 QS World University Rankings 2018
Finland,Postgraduate,Engineering - Electrical and Electronic,Aalto University School of Business,#=137 QS World University Rankings 2018
Finland,Postgraduate,Engineering - Electrical and Electronic,University of Turku,#276 QS World University Rankings 2018
Finland,Postgraduate,Engineering - Electrical and Electronic,Tampere University of Technology,#380 QS World University Rankings 2018
Finland,Postgraduate,Engineering - Electrical and Electronic,University of Oulu,#411-420 QS World University Rankings 2018
Finland,Postgraduate,Engineering - General,University of Oulu,#411-420 QS World University Rankings 2018
Finland,Postgraduate,Engineering - General,Helsinki Education and Researc ...,
Finland,Postgraduate,Engineering - Manufacturing & Production,Tampere University of Technology,#380 QS World University Rankings 2018
Finland,Postgraduate,Engineering - Manufacturing & Production,University of Oulu,#411-420 QS World University Rankings 2018
Finland,Postgraduate,Engineering - Mechanical,Aalto University School of Business,#=137 QS World University Rankings 2018
Finland,Postgraduate,Engineering - Mechanical,Tampere University of Technology,#380 QS World University Rankings 2018
Finland,Postgraduate,Engineering - Mechanical,University of Oulu,#411-420 QS World University Rankings 2018
Finland,Postgraduate,Engineering - Mineral & Mining,Aalto University School of Business,#=137 QS World University Rankings 2018
Finland,Postgraduate,Engineering - Mineral & Mining,University of Oulu,#411-420 QS World University Rankings 2018
Finland,Postgraduate,Engineering Management,Aalto University School of Business,#=137 QS World University Rankings 2018
Finland,Postgraduate,Engineering Management,University of Oulu,#411-420 QS World University Rankings 2018
Finland,Postgraduate,English Language and Literature,University of Helsinki,#=102 QS World University Rankings 2018
Finland,Postgraduate,English Language and Literature,,
Finland,Postgraduate,English Language and Literature,,
Finland,Postgraduate,English Language and Literature,,
Finland,Postgraduate,English Language and Literature,,
Finland,Postgraduate,English Language and Literature,,
Finland,Postgraduate,English Language and Literature,,
Finland,Postgraduate,English Language and Literature,,
Finland,Postgraduate,English Language and Literature,,
Finland,Postgraduate,English Language and Literature,University of Turku,#276 QS World University Rankings 2018
Finland,Postgraduate,English Language and Literature,University of Jyväskylä,#=357 QS World University Rankings 2018
Finland,Postgraduate,English Language and Literature,University of Oulu,#411-420 QS World University Rankings 2018
Finland,Postgraduate,English Language and Literature,University of Eastern Finland,#451-460 QS World University Rankings 2018
Finland,Postgraduate,English Language and Literature,University of Tampere,#551-600 QS World University Rankings 2018
Finland,Postgraduate,Environmental Studies,University of Helsinki,#=102 QS World University Rankings 2018
Finland,Postgraduate,Environmental Studies,,
Finland,Postgraduate,Environmental Studies,,
Finland,Postgraduate,Environmental Studies,,
Finland,Postgraduate,Environmental Studies,,
Finland,Postgraduate,Environmental Studies,,
Finland,Postgraduate,Environmental Studies,,
Finland,Postgraduate,Environmental Studies,,
Finland,Postgraduate,Environmental Studies,,
Finland,Postgraduate,Environmental Studies,University of Turku,#276 QS World University Rankings 2018
Finland,Postgraduate,Environmental Studies,University of Jyväskylä,#=357 QS World University Rankings 2018
Finland,Postgraduate,Environmental Studies,Tampere University of Technology,#380 QS World University Rankings 2018
Finland,Postgraduate,Environmental Studies,University of Eastern Finland,#451-460 QS World University Rankings 2018
Finland,Postgraduate,Ethnicity, Gender and Diversity,University of Helsinki,#=102 QS World University Rankings 2018
Finland,Postgraduate,Ethnicity, Gender and Diversity,,
Finland,Postgraduate,Ethnicity, Gender and Diversity,,
Finland,Postgraduate,Ethnicity, Gender and Diversity,,
Finland,Postgraduate,Ethnicity, Gender and Diversity,,
Finland,Postgraduate,Ethnicity, Gender and Diversity,,
Finland,Postgraduate,Ethnicity, Gender and Diversity,,
Finland,Postgraduate,Ethnicity, Gender and Diversity,,
Finland,Postgraduate,Ethnicity, Gender and Diversity,,
Finland,Postgraduate,Ethnicity, Gender and Diversity,University of Turku,#276 QS World University Rankings 2018
Finland,Postgraduate,Ethnicity, Gender and Diversity,University of Jyväskylä,#=357 QS World University Rankings 2018
Finland,Postgraduate,Ethnicity, Gender and Diversity,University of Tampere,#551-600 QS World University Rankings 2018
Finland,Postgraduate,Finance,Aalto University School of Business,#=137 QS World University Rankings 2018
Finland,Postgraduate,Finance,University of Jyväskylä,#=357 QS World University Rankings 2018
Finland,Postgraduate,Finance,University of Oulu,#411-420 QS World University Rankings 2018
Finland,Postgraduate,Finance,University of Tampere,#551-600 QS World University Rankings 2018
Finland,Postgraduate,Geography,University of Helsinki,#=102 QS World University Rankings 2018
Finland,Postgraduate,Geography,,
Finland,Postgraduate,Geography,,
Finland,Postgraduate,Geography,,
Finland,Postgraduate,Geography,,
Finland,Postgraduate,Geography,,
Finland,Postgraduate,Geography,,
Finland,Postgraduate,Geography,,
Finland,Postgraduate,Geography,,
Finland,Postgraduate,Geography,University of Turku,#276 QS World University Rankings 2018
Finland,Postgraduate,Geography,University of Oulu,#411-420 QS World University Rankings 2018
Finland,Postgraduate,Geography,University of Eastern Finland,#451-460 QS World University Rankings 2018
Finland,Postgraduate,Hospitality & Leisure Management,University of Helsinki,#=102 QS World University Rankings 2018
Finland,Postgraduate,Hospitality & Leisure Management,,
Finland,Postgraduate,Hospitality & Leisure Management,,
Finland,Postgraduate,Hospitality & Leisure Management,,
Finland,Postgraduate,Hospitality & Leisure Management,,
Finland,Postgraduate,Hospitality & Leisure Management,,
Finland,Postgraduate,Hospitality & Leisure Management,,
Finland,Postgraduate,Hospitality & Leisure Management,,
Finland,Postgraduate,Hospitality & Leisure Management,,
Finland,Postgraduate,Human Resources Management,University of Jyväskylä,#=357 QS World University Rankings 2018
Finland,Postgraduate,Human Resources Management,University of Tampere,#551-600 QS World University Rankings 2018
Finland,Postgraduate,International Relations/Studies/Affairs,University of Helsinki,#=102 QS World University Rankings 2018
Finland,Postgraduate,International Relations/Studies/Affairs,,
Finland,Postgraduate,International Relations/Studies/Affairs,,
Finland,Postgraduate,International Relations/Studies/Affairs,,
Finland,Postgraduate,International Relations/Studies/Affairs,,
Finland,Postgraduate,International Relations/Studies/Affairs,,
Finland,Postgraduate,International Relations/Studies/Affairs,,
Finland,Postgraduate,International Relations/Studies/Affairs,,
Finland,Postgraduate,International Relations/Studies/Affairs,,
Finland,Postgraduate,International Relations/Studies/Affairs,University of Jyväskylä,#=357 QS World University Rankings 2018
Finland,Postgraduate,International Relations/Studies/Affairs,University of Tampere,#551-600 QS World University Rankings 2018
Finland,Postgraduate,Journalism,University of Helsinki,#=102 QS World University Rankings 2018
Finland,Postgraduate,Journalism,,
Finland,Postgraduate,Journalism,,
Finland,Postgraduate,Journalism,,
Finland,Postgraduate,Journalism,,
Finland,Postgraduate,Journalism,,
Finland,Postgraduate,Journalism,,
Finland,Postgraduate,Journalism,,
Finland,Postgraduate,Journalism,,
Finland,Postgraduate,Journalism,University of Jyväskylä,#=357 QS World University Rankings 2018
Finland,Postgraduate,Journalism,University of Tampere,#551-600 QS World University Rankings 2018
Finland,Postgraduate,Law and Legal Studies,University of Helsinki,#=102 QS World University Rankings 2018
Finland,Postgraduate,Law and Legal Studies,,
Finland,Postgraduate,Law and Legal Studies,,
Finland,Postgraduate,Law and Legal Studies,,
Finland,Postgraduate,Law and Legal Studies,,
Finland,Postgraduate,Law and Legal Studies,,
Finland,Postgraduate,Law and Legal Studies,,
Finland,Postgraduate,Law and Legal Studies,,
Finland,Postgraduate,Law and Legal Studies,,
Finland,Postgraduate,Law and Legal Studies,University of Turku,#276 QS World University Rankings 2018
Finland,Postgraduate,Law and Legal Studies,University of Eastern Finland,#451-460 QS World University Rankings 2018
Finland,Postgraduate,Law and Legal Studies,University of Tampere,#551-600 QS World University Rankings 2018
Finland,Postgraduate,Library & Information Management,University of Tampere,#551-600 QS World University Rankings 2018
Finland,Postgraduate,Linguistics,University of Helsinki,#=102 QS World University Rankings 2018
Finland,Postgraduate,Linguistics,,
Finland,Postgraduate,Linguistics,,
Finland,Postgraduate,Linguistics,,
Finland,Postgraduate,Linguistics,,
Finland,Postgraduate,Linguistics,,
Finland,Postgraduate,Linguistics,,
Finland,Postgraduate,Linguistics,,
Finland,Postgraduate,Linguistics,,
Finland,Postgraduate,Linguistics,University of Jyväskylä,#=357 QS World University Rankings 2018
Finland,Postgraduate,Linguistics,University of Oulu,#411-420 QS World University Rankings 2018
Finland,Postgraduate,Linguistics,University of Eastern Finland,#451-460 QS World University Rankings 2018
Finland,Postgraduate,Marketing,Aalto University School of Business,#=137 QS World University Rankings 2018
Finland,Postgraduate,Marketing,University of Jyväskylä,#=357 QS World University Rankings 2018
Finland,Postgraduate,Marketing,University of Oulu,#411-420 QS World University Rankings 2018
Finland,Postgraduate,Marketing,University of Tampere,#551-600 QS World University Rankings 2018
Finland,Postgraduate,Materials Sciences,Tampere University of Technology,#380 QS World University Rankings 2018
Finland,Postgraduate,Materials Sciences,University of Oulu,#411-420 QS World University Rankings 2018
Finland,Postgraduate,Mathematics,University of Helsinki,#=102 QS World University Rankings 2018
Finland,Postgraduate,Mathematics,,
Finland,Postgraduate,Mathematics,,
Finland,Postgraduate,Mathematics,,
Finland,Postgraduate,Mathematics,,
Finland,Postgraduate,Mathematics,,
Finland,Postgraduate,Mathematics,,
Finland,Postgraduate,Mathematics,,
Finland,Postgraduate,Mathematics,,
Finland,Postgraduate,Mathematics,Aalto University School of Business,#=137 QS World University Rankings 2018
Finland,Postgraduate,Mathematics,University of Turku,#276 QS World University Rankings 2018
Finland,Postgraduate,Mathematics,University of Jyväskylä,#=357 QS World University Rankings 2018
Finland,Postgraduate,Mathematics,Tampere University of Technology,#380 QS World University Rankings 2018
Finland,Postgraduate,Mathematics,University of Oulu,#411-420 QS World University Rankings 2018
Finland,Postgraduate,Mathematics,University of Eastern Finland,#451-460 QS World University Rankings 2018
Finland,Postgraduate,Mathematics,University of Tampere,#551-600 QS World University Rankings 2018
Finland,Postgraduate,Medicine,University of Helsinki,#=102 QS World University Rankings 2018
Finland,Postgraduate,Medicine,,
Finland,Postgraduate,Medicine,,
Finland,Postgraduate,Medicine,,
Finland,Postgraduate,Medicine,,
Finland,Postgraduate,Medicine,,
Finland,Postgraduate,Medicine,,
Finland,Postgraduate,Medicine,,
Finland,Postgraduate,Medicine,,
Finland,Postgraduate,Medicine,University of Turku,#276 QS World University Rankings 2018
Finland,Postgraduate,Medicine,University of Oulu,#411-420 QS World University Rankings 2018
Finland,Postgraduate,Medicine,University of Eastern Finland,#451-460 QS World University Rankings 2018
Finland,Postgraduate,Medicine,University of Tampere,#551-600 QS World University Rankings 2018
Finland,Postgraduate,Medicine Related Studies,University of Helsinki,#=102 QS World University Rankings 2018
Finland,Postgraduate,Medicine Related Studies,,
Finland,Postgraduate,Medicine Related Studies,,
Finland,Postgraduate,Medicine Related Studies,,
Finland,Postgraduate,Medicine Related Studies,,
Finland,Postgraduate,Medicine Related Studies,,
Finland,Postgraduate,Medicine Related Studies,,
Finland,Postgraduate,Medicine Related Studies,,
Finland,Postgraduate,Medicine Related Studies,,
Finland,Postgraduate,Medicine Related Studies,University of Turku,#276 QS World University Rankings 2018
Finland,Postgraduate,Medicine Related Studies,University of Jyväskylä,#=357 QS World University Rankings 2018
Finland,Postgraduate,Medicine Related Studies,University of Oulu,#411-420 QS World University Rankings 2018
Finland,Postgraduate,Medicine Related Studies,University of Eastern Finland,#451-460 QS World University Rankings 2018
Finland,Postgraduate,Medicine Related Studies,University of Tampere,#551-600 QS World University Rankings 2018
Finland,Postgraduate,Modern Languages,University of Helsinki,#=102 QS World University Rankings 2018
Finland,Postgraduate,Modern Languages,,
Finland,Postgraduate,Modern Languages,,
Finland,Postgraduate,Modern Languages,,
Finland,Postgraduate,Modern Languages,,
Finland,Postgraduate,Modern Languages,,
Finland,Postgraduate,Modern Languages,,
Finland,Postgraduate,Modern Languages,,
Finland,Postgraduate,Modern Languages,,
Finland,Postgraduate,Modern Languages,University of Turku,#276 QS World University Rankings 2018
Finland,Postgraduate,Modern Languages,University of Jyväskylä,#=357 QS World University Rankings 2018
Finland,Postgraduate,Modern Languages,University of Oulu,#411-420 QS World University Rankings 2018
Finland,Postgraduate,Modern Languages,University of Eastern Finland,#451-460 QS World University Rankings 2018
Finland,Postgraduate,Modern Languages,University of Tampere,#551-600 QS World University Rankings 2018
Finland,Postgraduate,Nursing,University of Oulu,#411-420 QS World University Rankings 2018
Finland,Postgraduate,Nursing,University of Eastern Finland,#451-460 QS World University Rankings 2018
Finland,Postgraduate,Nursing,University of Tampere,#551-600 QS World University Rankings 2018
Finland,Postgraduate,Performing Arts,University of Helsinki,#=102 QS World University Rankings 2018
Finland,Postgraduate,Performing Arts,,
Finland,Postgraduate,Performing Arts,,
Finland,Postgraduate,Performing Arts,,
Finland,Postgraduate,Performing Arts,,
Finland,Postgraduate,Performing Arts,,
Finland,Postgraduate,Performing Arts,,
Finland,Postgraduate,Performing Arts,,
Finland,Postgraduate,Performing Arts,,
Finland,Postgraduate,Performing Arts,Aalto University School of Business,#=137 QS World University Rankings 2018
Finland,Postgraduate,Performing Arts,University of Turku,#276 QS World University Rankings 2018
Finland,Postgraduate,Performing Arts,University of Tampere,#551-600 QS World University Rankings 2018
Finland,Postgraduate,Pharmacology,University of Helsinki,#=102 QS World University Rankings 2018
Finland,Postgraduate,Pharmacology,,
Finland,Postgraduate,Pharmacology,,
Finland,Postgraduate,Pharmacology,,
Finland,Postgraduate,Pharmacology,,
Finland,Postgraduate,Pharmacology,,
Finland,Postgraduate,Pharmacology,,
Finland,Postgraduate,Pharmacology,,
Finland,Postgraduate,Pharmacology,,
Finland,Postgraduate,Pharmacology,University of Eastern Finland,#451-460 QS World University Rankings 2018
Finland,Postgraduate,Philosophy,University of Helsinki,#=102 QS World University Rankings 2018
Finland,Postgraduate,Philosophy,,
Finland,Postgraduate,Philosophy,,
Finland,Postgraduate,Philosophy,,
Finland,Postgraduate,Philosophy,,
Finland,Postgraduate,Philosophy,,
Finland,Postgraduate,Philosophy,,
Finland,Postgraduate,Philosophy,,
Finland,Postgraduate,Philosophy,,
Finland,Postgraduate,Philosophy,University of Turku,#276 QS World University Rankings 2018
Finland,Postgraduate,Philosophy,University of Jyväskylä,#=357 QS World University Rankings 2018
Finland,Postgraduate,Philosophy,University of Tampere,#551-600 QS World University Rankings 2018
Finland,Postgraduate,Physics & Astronomy,University of Helsinki,#=102 QS World University Rankings 2018
Finland,Postgraduate,Physics & Astronomy,,
Finland,Postgraduate,Physics & Astronomy,,
Finland,Postgraduate,Physics & Astronomy,,
Finland,Postgraduate,Physics & Astronomy,,
Finland,Postgraduate,Physics & Astronomy,,
Finland,Postgraduate,Physics & Astronomy,,
Finland,Postgraduate,Physics & Astronomy,,
Finland,Postgraduate,Physics & Astronomy,,
Finland,Postgraduate,Physics & Astronomy,University of Turku,#276 QS World University Rankings 2018
Finland,Postgraduate,Physics & Astronomy,University of Jyväskylä,#=357 QS World University Rankings 2018
Finland,Postgraduate,Physics & Astronomy,Tampere University of Technology,#380 QS World University Rankings 2018
Finland,Postgraduate,Physics & Astronomy,University of Oulu,#411-420 QS World University Rankings 2018
Finland,Postgraduate,Physics & Astronomy,University of Eastern Finland,#451-460 QS World University Rankings 2018
Finland,Postgraduate,Politics,University of Helsinki,#=102 QS World University Rankings 2018
Finland,Postgraduate,Politics,,
Finland,Postgraduate,Politics,,
Finland,Postgraduate,Politics,,
Finland,Postgraduate,Politics,,
Finland,Postgraduate,Politics,,
Finland,Postgraduate,Politics,,
Finland,Postgraduate,Politics,,
Finland,Postgraduate,Politics,,
Finland,Postgraduate,Politics,University of Turku,#276 QS World University Rankings 2018
Finland,Postgraduate,Politics,University of Jyväskylä,#=357 QS World University Rankings 2018
Finland,Postgraduate,Politics,University of Tampere,#551-600 QS World University Rankings 2018
Finland,Postgraduate,Psychology,University of Helsinki,#=102 QS World University Rankings 2018
Finland,Postgraduate,Psychology,,
Finland,Postgraduate,Psychology,,
Finland,Postgraduate,Psychology,,
Finland,Postgraduate,Psychology,,
Finland,Postgraduate,Psychology,,
Finland,Postgraduate,Psychology,,
Finland,Postgraduate,Psychology,,
Finland,Postgraduate,Psychology,,
Finland,Postgraduate,Psychology,University of Turku,#276 QS World University Rankings 2018
Finland,Postgraduate,Psychology,University of Jyväskylä,#=357 QS World University Rankings 2018
Finland,Postgraduate,Psychology,University of Eastern Finland,#451-460 QS World University Rankings 2018
Finland,Postgraduate,Psychology,University of Tampere,#551-600 QS World University Rankings 2018
Finland,Postgraduate,Public Policy,University of Helsinki,#=102 QS World University Rankings 2018
Finland,Postgraduate,Public Policy,,
Finland,Postgraduate,Public Policy,,
Finland,Postgraduate,Public Policy,,
Finland,Postgraduate,Public Policy,,
Finland,Postgraduate,Public Policy,,
Finland,Postgraduate,Public Policy,,
Finland,Postgraduate,Public Policy,,
Finland,Postgraduate,Public Policy,,
Finland,Postgraduate,Public Policy,University of Turku,#276 QS World University Rankings 2018
Finland,Postgraduate,Public Policy,University of Jyväskylä,#=357 QS World University Rankings 2018
Finland,Postgraduate,Public Policy,University of Tampere,#551-600 QS World University Rankings 2018
Finland,Postgraduate,Sociology,University of Helsinki,#=102 QS World University Rankings 2018
Finland,Postgraduate,Sociology,,
Finland,Postgraduate,Sociology,,
Finland,Postgraduate,Sociology,,
Finland,Postgraduate,Sociology,,
Finland,Postgraduate,Sociology,,
Finland,Postgraduate,Sociology,,
Finland,Postgraduate,Sociology,,
Finland,Postgraduate,Sociology,,
Finland,Postgraduate,Sociology,University of Turku,#276 QS World University Rankings 2018
Finland,Postgraduate,Sociology,University of Jyväskylä,#=357 QS World University Rankings 2018
Finland,Postgraduate,Sociology,University of Eastern Finland,#451-460 QS World University Rankings 2018
Finland,Postgraduate,Sociology,University of Tampere,#551-600 QS World University Rankings 2018
Finland,Postgraduate,Sports-related Courses,University of Jyväskylä,#=357 QS World University Rankings 2018
Finland,Postgraduate,Statistics and Operational Research,University of Helsinki,#=102 QS World University Rankings 2018
Finland,Postgraduate,Statistics and Operational Research,,
Finland,Postgraduate,Statistics and Operational Research,,
Finland,Postgraduate,Statistics and Operational Research,,
Finland,Postgraduate,Statistics and Operational Research,,
Finland,Postgraduate,Statistics and Operational Research,,
Finland,Postgraduate,Statistics and Operational Research,,
Finland,Postgraduate,Statistics and Operational Research,,
Finland,Postgraduate,Statistics and Operational Research,,
Finland,Postgraduate,Statistics and Operational Research,University of Jyväskylä,#=357 QS World University Rankings 2018
Finland,Postgraduate,Statistics and Operational Research,University of Oulu,#411-420 QS World University Rankings 2018
Finland,Postgraduate,Statistics and Operational Research,University of Tampere,#551-600 QS World University Rankings 2018
Finland,Postgraduate,Theology, Divinity & Religious Studies,University of Helsinki,#=102 QS World University Rankings 2018
Finland,Postgraduate,Theology, Divinity & Religious Studies,,
Finland,Postgraduate,Theology, Divinity & Religious Studies,,
Finland,Postgraduate,Theology, Divinity & Religious Studies,,
Finland,Postgraduate,Theology, Divinity & Religious Studies,,
Finland,Postgraduate,Theology, Divinity & Religious Studies,,
Finland,Postgraduate,Theology, Divinity & Religious Studies,,
Finland,Postgraduate,Theology, Divinity & Religious Studies,,
Finland,Postgraduate,Theology, Divinity & Religious Studies,,
Finland,Postgraduate,Theology, Divinity & Religious Studies,University of Turku,#276 QS World University Rankings 2018
Finland,Postgraduate,Theology, Divinity & Religious Studies,University of Eastern Finland,#451-460 QS World University Rankings 2018
Finland,Postgraduate,Urban Planning,Aalto University School of Business,#=137 QS World University Rankings 2018
Finland,Postgraduate,Urban Planning,Tampere University of Technology,#380 QS World University Rankings 2018
Finland,Postgraduate,Urban Planning,University of Oulu,#411-420 QS World University Rankings 2018
Finland,Postgraduate,Urban Planning,University of Tampere,#551-600 QS World University Rankings 2018
Finland,Postgraduate,Veterinary Science,University of Helsinki,#=102 QS World University Rankings 2018
Finland,Postgraduate,Veterinary Science,,
Finland,Postgraduate,Veterinary Science,,
Finland,Postgraduate,Veterinary Science,,
Finland,Postgraduate,Veterinary Science,,
Finland,Postgraduate,Veterinary Science,,
Finland,Postgraduate,Veterinary Science,,
Finland,Postgraduate,Veterinary Science,,
Finland,Postgraduate,Veterinary Science,,
Finland,Postgraduate,Zoology,University of Helsinki,#=102 QS World University Rankings 2018
Finland,Postgraduate,Zoology,,
Finland,Postgraduate,Zoology,,
Finland,Postgraduate,Zoology,,
Finland,Postgraduate,Zoology,,
Finland,Postgraduate,Zoology,,
Finland,Postgraduate,Zoology,,
Finland,Postgraduate,Zoology,,
Finland,Postgraduate,Zoology,,
Finland,Postgraduate,Zoology,University of Turku,#276 QS World University Rankings 2018
Finland,Postgraduate,Zoology,University of Oulu,#411-420 QS World University Rankings 2018

