Country Name,Course Lavel,University Name,Course,Ranking
Belgium,Undergraduate,Accounting and Finance,Université de Liège,
Belgium,Undergraduate,Accounting and Finance,KU Leuven,#=71 QS World University Rankings 2018
Belgium,Undergraduate,Accounting and Finance,Ghent University,#=125 QS World University Rankings 2018
Belgium,Undergraduate,Accounting and Finance,Université catholique de Louva ...,#153 QS World University Rankings 2018
Belgium,Undergraduate,Accounting and Finance,Universite libre de Bruxelles,#=205 QS World University Rankings 2018
Belgium,Undergraduate,Accounting and Finance,University of Antwerp,#=210
Belgium,Undergraduate,Accounting and Finance,Boston University Brussels,
Belgium,Undergraduate,Accounting and Finance,HEC Management School, Univers ...,
Belgium,Undergraduate,Agriculture & Forestry,Université de Liège,
Belgium,Undergraduate,Agriculture & Forestry,KU Leuven,#=71 QS World University Rankings 2018
Belgium,Undergraduate,Agriculture & Forestry,Ghent University,#=125 QS World University Rankings 2018
Belgium,Undergraduate,Agriculture & Forestry,Université catholique de Louva ...,#153 QS World University Rankings 2018
Belgium,Undergraduate,Anatomy & Physiology,Université de Liège,
Belgium,Undergraduate,Anatomy & Physiology,KU Leuven,#=71 QS World University Rankings 2018
Belgium,Undergraduate,Anthropology,Université de Liège,
Belgium,Undergraduate,Anthropology,KU Leuven,#=71 QS World University Rankings 2018
Belgium,Undergraduate,Anthropology,Université catholique de Louva ...,#153 QS World University Rankings 2018
Belgium,Undergraduate,Archaeology,Université de Liège,
Belgium,Undergraduate,Archaeology,KU Leuven,#=71 QS World University Rankings 2018
Belgium,Undergraduate,Archaeology,Ghent University,#=125 QS World University Rankings 2018
Belgium,Undergraduate,Archaeology,Université catholique de Louva ...,#153 QS World University Rankings 2018
Belgium,Undergraduate,Archaeology,Vrije Universiteit Brussel (VUB),#=182 QS World University Rankings 2018
Belgium,Undergraduate,Archaeology,Universite libre de Bruxelles,#=205 QS World University Rankings 2018
Belgium,Undergraduate,Archaeology,University of Antwerp,#=210
Belgium,Undergraduate,Architecture,Université de Liège,
Belgium,Undergraduate,Architecture,KU Leuven,#=71 QS World University Rankings 2018
Belgium,Undergraduate,Architecture,Ghent University,#=125 QS World University Rankings 2018
Belgium,Undergraduate,Architecture,Université catholique de Louva ...,#153 QS World University Rankings 2018
Belgium,Undergraduate,Architecture,Universite libre de Bruxelles,#=205 QS World University Rankings 2018
Belgium,Undergraduate,Architecture,University of Antwerp,#=210
Belgium,Undergraduate,Area Studies,Université de Liège,
Belgium,Undergraduate,Area Studies,KU Leuven,#=71 QS World University Rankings 2018
Belgium,Undergraduate,Area Studies,Université catholique de Louva ...,#153 QS World University Rankings 2018
Belgium,Undergraduate,Art & Design,Université de Liège,
Belgium,Undergraduate,Art & Design,KU Leuven,#=71 QS World University Rankings 2018
Belgium,Undergraduate,Art & Design,Universite libre de Bruxelles,#=205 QS World University Rankings 2018
Belgium,Undergraduate,Art & Design,University of Antwerp,#=210
Belgium,Undergraduate,Astronomy,Vrije Universiteit Brussel (VUB),#=182 QS World University Rankings 2018
Belgium,Undergraduate,Biological Sciences,Université de Liège,
Belgium,Undergraduate,Biological Sciences,KU Leuven,#=71 QS World University Rankings 2018
Belgium,Undergraduate,Biological Sciences,Ghent University,#=125 QS World University Rankings 2018
Belgium,Undergraduate,Biological Sciences,Université catholique de Louva ...,#153 QS World University Rankings 2018
Belgium,Undergraduate,Biological Sciences,Vrije Universiteit Brussel (VUB),#=182 QS World University Rankings 2018
Belgium,Undergraduate,Biological Sciences,University of Antwerp,#=210
Belgium,Undergraduate,Built Environment,Université de Liège,
Belgium,Undergraduate,Built Environment,KU Leuven,#=71 QS World University Rankings 2018
Belgium,Undergraduate,Built Environment,Vrije Universiteit Brussel (VUB),#=182 QS World University Rankings 2018
Belgium,Undergraduate,Business & Management Studies,Université de Liège,
Belgium,Undergraduate,Business & Management Studies,KU Leuven,#=71 QS World University Rankings 2018
Belgium,Undergraduate,Business & Management Studies,Ghent University,#=125 QS World University Rankings 2018
Belgium,Undergraduate,Business & Management Studies,Université catholique de Louva ...,#153 QS World University Rankings 2018
Belgium,Undergraduate,Business & Management Studies,Vrije Universiteit Brussel (VUB),#=182 QS World University Rankings 2018
Belgium,Undergraduate,Business & Management Studies,Universite libre de Bruxelles,#=205 QS World University Rankings 2018
Belgium,Undergraduate,Business & Management Studies,University of Antwerp,#=210
Belgium,Undergraduate,Business & Management Studies,Boston University Brussels,
Belgium,Undergraduate,Business & Management Studies,HEC Management School, Univers ...,
Belgium,Undergraduate,Chemistry,Université de Liège,
Belgium,Undergraduate,Chemistry,KU Leuven,#=71 QS World University Rankings 2018
Belgium,Undergraduate,Chemistry,Vrije Universiteit Brussel (VUB),#=182 QS World University Rankings 2018
Belgium,Undergraduate,Chemistry,University of Antwerp,#=210
Belgium,Undergraduate,Classics & Ancient History,Université de Liège,
Belgium,Undergraduate,Classics & Ancient History,KU Leuven,#=71 QS World University Rankings 2018
Belgium,Undergraduate,Classics & Ancient History,Vrije Universiteit Brussel (VUB),#=182 QS World University Rankings 2018
Belgium,Undergraduate,Communication and Media Studies,Université de Liège,
Belgium,Undergraduate,Communication and Media Studies,KU Leuven,#=71 QS World University Rankings 2018
Belgium,Undergraduate,Communication and Media Studies,Ghent University,#=125 QS World University Rankings 2018
Belgium,Undergraduate,Communication and Media Studies,Université catholique de Louva ...,#153 QS World University Rankings 2018
Belgium,Undergraduate,Communication and Media Studies,Vrije Universiteit Brussel (VUB),#=182 QS World University Rankings 2018
Belgium,Undergraduate,Communication and Media Studies,Universite libre de Bruxelles,#=205 QS World University Rankings 2018
Belgium,Undergraduate,Communication and Media Studies,University of Antwerp,#=210
Belgium,Undergraduate,Communication and Media Studies,University of Kent in Brussels ...,
Belgium,Undergraduate,Computer Science and Information Systems,Université de Liège,
Belgium,Undergraduate,Computer Science and Information Systems,KU Leuven,#=71 QS World University Rankings 2018
Belgium,Undergraduate,Computer Science and Information Systems,Ghent University,#=125 QS World University Rankings 2018
Belgium,Undergraduate,Computer Science and Information Systems,Université catholique de Louva ...,#153 QS World University Rankings 2018
Belgium,Undergraduate,Computer Science and Information Systems,Vrije Universiteit Brussel (VUB),#=182 QS World University Rankings 2018
Belgium,Undergraduate,Computer Science and Information Systems,University of Antwerp,#=210
Belgium,Undergraduate,Dentistry,Université de Liège,
Belgium,Undergraduate,Dentistry,KU Leuven,#=71 QS World University Rankings 2018
Belgium,Undergraduate,Dentistry,Ghent University,#=125 QS World University Rankings 2018
Belgium,Undergraduate,Dentistry,Université catholique de Louva ...,#153 QS World University Rankings 2018
Belgium,Undergraduate,Development Studies,Université de Liège,
Belgium,Undergraduate,Development Studies,KU Leuven,#=71 QS World University Rankings 2018
Belgium,Undergraduate,Development Studies,University of Antwerp,#=210
Belgium,Undergraduate,Development Studies,University of Kent in Brussels ...,
Belgium,Undergraduate,Earth and Marine Sciences,Université de Liège,
Belgium,Undergraduate,Earth and Marine Sciences,KU Leuven,#=71 QS World University Rankings 2018
Belgium,Undergraduate,Earth and Marine Sciences,Ghent University,#=125 QS World University Rankings 2018
Belgium,Undergraduate,Earth and Marine Sciences,Université catholique de Louva ...,#153 QS World University Rankings 2018
Belgium,Undergraduate,Earth and Marine Sciences,Vrije Universiteit Brussel (VUB),#=182 QS World University Rankings 2018
Belgium,Undergraduate,Earth and Marine Sciences,University of Antwerp,#=210
Belgium,Undergraduate,Economics and Econometrics,Université de Liège,
Belgium,Undergraduate,Economics and Econometrics,KU Leuven,#=71 QS World University Rankings 2018
Belgium,Undergraduate,Economics and Econometrics,Ghent University,#=125 QS World University Rankings 2018
Belgium,Undergraduate,Economics and Econometrics,Université catholique de Louva ...,#153 QS World University Rankings 2018
Belgium,Undergraduate,Economics and Econometrics,Vrije Universiteit Brussel (VUB),#=182 QS World University Rankings 2018
Belgium,Undergraduate,Economics and Econometrics,Universite libre de Bruxelles,#=205 QS World University Rankings 2018
Belgium,Undergraduate,Economics and Econometrics,University of Antwerp,#=210
Belgium,Undergraduate,Economics and Econometrics,University of Kent in Brussels ...,
Belgium,Undergraduate,Economics and Econometrics,HEC Management School, Univers ...,
Belgium,Undergraduate,Economics and Econometrics,Boston University Brussels,
Belgium,Undergraduate,Education and Training,Université de Liège,
Belgium,Undergraduate,Education and Training,KU Leuven,#=71 QS World University Rankings 2018
Belgium,Undergraduate,Education and Training,Ghent University,#=125 QS World University Rankings 2018
Belgium,Undergraduate,Education and Training,Université catholique de Louva ...,#153 QS World University Rankings 2018
Belgium,Undergraduate,Education and Training,Vrije Universiteit Brussel (VUB),#=182 QS World University Rankings 2018
Belgium,Undergraduate,Education and Training,University of Antwerp,#=210
Belgium,Undergraduate,Engineering - Aeronautical,Université de Liège,
Belgium,Undergraduate,Engineering - Aeronautical,KU Leuven,#=71 QS World University Rankings 2018
Belgium,Undergraduate,Engineering - Aeronautical,Ghent University,#=125 QS World University Rankings 2018
Belgium,Undergraduate,Engineering - Aeronautical,Université catholique de Louva ...,#153 QS World University Rankings 2018
Belgium,Undergraduate,Engineering - Aeronautical,Vrije Universiteit Brussel (VUB),#=182 QS World University Rankings 2018
Belgium,Undergraduate,Engineering - Chemical,Université de Liège,
Belgium,Undergraduate,Engineering - Chemical,KU Leuven,#=71 QS World University Rankings 2018
Belgium,Undergraduate,Engineering - Chemical,Ghent University,#=125 QS World University Rankings 2018
Belgium,Undergraduate,Engineering - Chemical,Université catholique de Louva ...,#153 QS World University Rankings 2018
Belgium,Undergraduate,Engineering - Chemical,Vrije Universiteit Brussel (VUB),#=182 QS World University Rankings 2018
Belgium,Undergraduate,Engineering - Chemical,University of Antwerp,#=210
Belgium,Undergraduate,Engineering - Civil and Structural,Université de Liège,
Belgium,Undergraduate,Engineering - Civil and Structural,KU Leuven,#=71 QS World University Rankings 2018
Belgium,Undergraduate,Engineering - Civil and Structural,Ghent University,#=125 QS World University Rankings 2018
Belgium,Undergraduate,Engineering - Civil and Structural,Université catholique de Louva ...,#153 QS World University Rankings 2018
Belgium,Undergraduate,Engineering - Civil and Structural,Vrije Universiteit Brussel (VUB),#=182 QS World University Rankings 2018
Belgium,Undergraduate,Engineering - Civil and Structural,University of Antwerp,#=210
Belgium,Undergraduate,Engineering - Electrical and Electronic,Université de Liège,
Belgium,Undergraduate,Engineering - Electrical and Electronic,KU Leuven,#=71 QS World University Rankings 2018
Belgium,Undergraduate,Engineering - Electrical and Electronic,Ghent University,#=125 QS World University Rankings 2018
Belgium,Undergraduate,Engineering - Electrical and Electronic,Université catholique de Louva ...,#153 QS World University Rankings 2018
Belgium,Undergraduate,Engineering - Electrical and Electronic,Vrije Universiteit Brussel (VUB),#=182 QS World University Rankings 2018
Belgium,Undergraduate,Engineering - Electrical and Electronic,University of Antwerp,#=210
Belgium,Undergraduate,Engineering - General,Université de Liège,
Belgium,Undergraduate,Engineering - General,KU Leuven,#=71 QS World University Rankings 2018
Belgium,Undergraduate,Engineering - General,Ghent University,#=125 QS World University Rankings 2018
Belgium,Undergraduate,Engineering - General,Université catholique de Louva ...,#153 QS World University Rankings 2018
Belgium,Undergraduate,Engineering - General,Vrije Universiteit Brussel (VUB),#=182 QS World University Rankings 2018
Belgium,Undergraduate,Engineering - General,Universite libre de Bruxelles,#=205 QS World University Rankings 2018
Belgium,Undergraduate,Engineering - General,University of Antwerp,#=210
Belgium,Undergraduate,Engineering - Manufacturing & Production,Université de Liège,
Belgium,Undergraduate,Engineering - Manufacturing & Production,KU Leuven,#=71 QS World University Rankings 2018
Belgium,Undergraduate,Engineering - Manufacturing & Production,Université catholique de Louva ...,#153 QS World University Rankings 2018
Belgium,Undergraduate,Engineering - Manufacturing & Production,Vrije Universiteit Brussel (VUB),#=182 QS World University Rankings 2018
Belgium,Undergraduate,Engineering - Mechanical,Université de Liège,
Belgium,Undergraduate,Engineering - Mechanical,KU Leuven,#=71 QS World University Rankings 2018
Belgium,Undergraduate,Engineering - Mechanical,Ghent University,#=125 QS World University Rankings 2018
Belgium,Undergraduate,Engineering - Mechanical,Université catholique de Louva ...,#153 QS World University Rankings 2018
Belgium,Undergraduate,Engineering - Mechanical,Vrije Universiteit Brussel (VUB),#=182 QS World University Rankings 2018
Belgium,Undergraduate,Engineering - Mechanical,University of Antwerp,#=210
Belgium,Undergraduate,Engineering - Mineral & Mining,Université de Liège,
Belgium,Undergraduate,Engineering - Mineral & Mining,KU Leuven,#=71 QS World University Rankings 2018
Belgium,Undergraduate,Engineering Management,Université de Liège,
Belgium,Undergraduate,Engineering Management,Universite libre de Bruxelles,#=205 QS World University Rankings 2018
Belgium,Undergraduate,Engineering Management,HEC Management School, Univers ...,
Belgium,Undergraduate,English Language and Literature,Université de Liège,
Belgium,Undergraduate,English Language and Literature,KU Leuven,#=71 QS World University Rankings 2018
Belgium,Undergraduate,English Language and Literature,Ghent University,#=125 QS World University Rankings 2018
Belgium,Undergraduate,English Language and Literature,Université catholique de Louva ...,#153 QS World University Rankings 2018
Belgium,Undergraduate,English Language and Literature,Vrije Universiteit Brussel (VUB),#=182 QS World University Rankings 2018
Belgium,Undergraduate,English Language and Literature,University of Antwerp,#=210
Belgium,Undergraduate,Environmental Studies,Université de Liège,
Belgium,Undergraduate,Environmental Studies,KU Leuven,#=71 QS World University Rankings 2018
Belgium,Undergraduate,Environmental Studies,Université catholique de Louva ...,#153 QS World University Rankings 2018
Belgium,Undergraduate,Environmental Studies,Vrije Universiteit Brussel (VUB),#=182 QS World University Rankings 2018
Belgium,Undergraduate,Environmental Studies,University of Antwerp,#=210
Belgium,Undergraduate,Environmental Studies,Boston University Brussels,
Belgium,Undergraduate,Ethnicity, Gender and Diversity,Université de Liège,
Belgium,Undergraduate,Ethnicity, Gender and Diversity,KU Leuven,#=71 QS World University Rankings 2018
Belgium,Undergraduate,Ethnicity, Gender and Diversity,Ghent University,#=125 QS World University Rankings 2018
Belgium,Undergraduate,Ethnicity, Gender and Diversity,Vrije Universiteit Brussel (VUB),#=182 QS World University Rankings 2018
Belgium,Undergraduate,Ethnicity, Gender and Diversity,University of Antwerp,#=210
Belgium,Undergraduate,Finance,Université de Liège,
Belgium,Undergraduate,Finance,KU Leuven,#=71 QS World University Rankings 2018
Belgium,Undergraduate,Finance,Universite libre de Bruxelles,#=205 QS World University Rankings 2018
Belgium,Undergraduate,Finance,HEC Management School, Univers ...,
Belgium,Undergraduate,Geography,Université de Liège,
Belgium,Undergraduate,Geography,KU Leuven,#=71 QS World University Rankings 2018
Belgium,Undergraduate,Geography,Ghent University,#=125 QS World University Rankings 2018
Belgium,Undergraduate,Geography,Université catholique de Louva ...,#153 QS World University Rankings 2018
Belgium,Undergraduate,Geography,Vrije Universiteit Brussel (VUB),#=182 QS World University Rankings 2018
Belgium,Undergraduate,Hospitality & Leisure Management,KU Leuven,#=71 QS World University Rankings 2018
Belgium,Undergraduate,Hospitality & Leisure Management,University of Antwerp,#=210
Belgium,Undergraduate,Human Resources Management,Université de Liège,
Belgium,Undergraduate,Human Resources Management,KU Leuven,#=71 QS World University Rankings 2018
Belgium,Undergraduate,Human Resources Management,HEC Management School, Univers ...,
Belgium,Undergraduate,Human Resources Management,Boston University Brussels,
Belgium,Undergraduate,International Relations/Studies/Affairs,Université de Liège,
Belgium,Undergraduate,International Relations/Studies/Affairs,KU Leuven,#=71 QS World University Rankings 2018
Belgium,Undergraduate,International Relations/Studies/Affairs,Université catholique de Louva ...,#153 QS World University Rankings 2018
Belgium,Undergraduate,International Relations/Studies/Affairs,Vrije Universiteit Brussel (VUB),#=182 QS World University Rankings 2018
Belgium,Undergraduate,International Relations/Studies/Affairs,University of Antwerp,#=210
Belgium,Undergraduate,International Relations/Studies/Affairs,University of Kent in Brussels ...,
Belgium,Undergraduate,International Relations/Studies/Affairs,Boston University Brussels,
Belgium,Undergraduate,Journalism,Vrije Universiteit Brussel (VUB),#=182 QS World University Rankings 2018
Belgium,Undergraduate,Law and Legal Studies,Université de Liège,
Belgium,Undergraduate,Law and Legal Studies,KU Leuven,#=71 QS World University Rankings 2018
Belgium,Undergraduate,Law and Legal Studies,Ghent University,#=125 QS World University Rankings 2018
Belgium,Undergraduate,Law and Legal Studies,Université catholique de Louva ...,#153 QS World University Rankings 2018
Belgium,Undergraduate,Law and Legal Studies,Vrije Universiteit Brussel (VUB),#=182 QS World University Rankings 2018
Belgium,Undergraduate,Law and Legal Studies,University of Antwerp,#=210
Belgium,Undergraduate,Law and Legal Studies,University of Kent in Brussels ...,
Belgium,Undergraduate,Library & Information Management,Université de Liège,
Belgium,Undergraduate,Library & Information Management,KU Leuven,#=71 QS World University Rankings 2018
Belgium,Undergraduate,Linguistics,Université de Liège,
Belgium,Undergraduate,Linguistics,KU Leuven,#=71 QS World University Rankings 2018
Belgium,Undergraduate,Linguistics,Vrije Universiteit Brussel (VUB),#=182 QS World University Rankings 2018
Belgium,Undergraduate,Linguistics,University of Antwerp,#=210
Belgium,Undergraduate,Logistics / Supply Chain Management,Université de Liège,
Belgium,Undergraduate,Logistics / Supply Chain Management,KU Leuven,#=71 QS World University Rankings 2018
Belgium,Undergraduate,Logistics / Supply Chain Management,HEC Management School, Univers ...,
Belgium,Undergraduate,Marketing,Université de Liège,
Belgium,Undergraduate,Marketing,KU Leuven,#=71 QS World University Rankings 2018
Belgium,Undergraduate,Marketing,Université catholique de Louva ...,#153 QS World University Rankings 2018
Belgium,Undergraduate,Marketing,Universite libre de Bruxelles,#=205 QS World University Rankings 2018
Belgium,Undergraduate,Marketing,HEC Management School, Univers ...,
Belgium,Undergraduate,Marketing,Boston University Brussels,
Belgium,Undergraduate,Materials Sciences,Université de Liège,
Belgium,Undergraduate,Materials Sciences,KU Leuven,#=71 QS World University Rankings 2018
Belgium,Undergraduate,Materials Sciences,Vrije Universiteit Brussel (VUB),#=182 QS World University Rankings 2018
Belgium,Undergraduate,Mathematics,Université de Liège,
Belgium,Undergraduate,Mathematics,KU Leuven,#=71 QS World University Rankings 2018
Belgium,Undergraduate,Mathematics,Ghent University,#=125 QS World University Rankings 2018
Belgium,Undergraduate,Mathematics,Université catholique de Louva ...,#153 QS World University Rankings 2018
Belgium,Undergraduate,Mathematics,Vrije Universiteit Brussel (VUB),#=182 QS World University Rankings 2018
Belgium,Undergraduate,Mathematics,University of Antwerp,#=210
Belgium,Undergraduate,Medicine,Université de Liège,
Belgium,Undergraduate,Medicine,KU Leuven,#=71 QS World University Rankings 2018
Belgium,Undergraduate,Medicine,Ghent University,#=125 QS World University Rankings 2018
Belgium,Undergraduate,Medicine,Université catholique de Louva ...,#153 QS World University Rankings 2018
Belgium,Undergraduate,Medicine,Vrije Universiteit Brussel (VUB),#=182 QS World University Rankings 2018
Belgium,Undergraduate,Medicine,University of Antwerp,#=210
Belgium,Undergraduate,Medicine Related Studies,Université de Liège,
Belgium,Undergraduate,Medicine Related Studies,KU Leuven,#=71 QS World University Rankings 2018
Belgium,Undergraduate,Medicine Related Studies,Ghent University,#=125 QS World University Rankings 2018
Belgium,Undergraduate,Medicine Related Studies,Université catholique de Louva ...,#153 QS World University Rankings 2018
Belgium,Undergraduate,Medicine Related Studies,Vrije Universiteit Brussel (VUB),#=182 QS World University Rankings 2018
Belgium,Undergraduate,Medicine Related Studies,University of Antwerp,#=210
Belgium,Undergraduate,Modern Languages,Université de Liège,
Belgium,Undergraduate,Modern Languages,KU Leuven,#=71 QS World University Rankings 2018
Belgium,Undergraduate,Modern Languages,Ghent University,#=125 QS World University Rankings 2018
Belgium,Undergraduate,Modern Languages,Université catholique de Louva ...,#153 QS World University Rankings 2018
Belgium,Undergraduate,Modern Languages,Vrije Universiteit Brussel (VUB),#=182 QS World University Rankings 2018
Belgium,Undergraduate,Modern Languages,University of Antwerp,#=210
Belgium,Undergraduate,Nursing,KU Leuven,#=71 QS World University Rankings 2018
Belgium,Undergraduate,Nursing,Vrije Universiteit Brussel (VUB),#=182 QS World University Rankings 2018
Belgium,Undergraduate,Nursing,University of Antwerp,#=210
Belgium,Undergraduate,Performing Arts,Université de Liège,
Belgium,Undergraduate,Performing Arts,KU Leuven,#=71 QS World University Rankings 2018
Belgium,Undergraduate,Performing Arts,Ghent University,#=125 QS World University Rankings 2018
Belgium,Undergraduate,Performing Arts,Université catholique de Louva ...,#153 QS World University Rankings 2018
Belgium,Undergraduate,Pharmacology,Vrije Universiteit Brussel (VUB),#=182 QS World University Rankings 2018
Belgium,Undergraduate,Philosophy,Université de Liège,
Belgium,Undergraduate,Philosophy,KU Leuven,#=71 QS World University Rankings 2018
Belgium,Undergraduate,Philosophy,Ghent University,#=125 QS World University Rankings 2018
Belgium,Undergraduate,Philosophy,Université catholique de Louva ...,#153 QS World University Rankings 2018
Belgium,Undergraduate,Philosophy,Vrije Universiteit Brussel (VUB),#=182 QS World University Rankings 2018
Belgium,Undergraduate,Philosophy,University of Antwerp,#=210
Belgium,Undergraduate,Physics & Astronomy,Université de Liège,
Belgium,Undergraduate,Physics & Astronomy,KU Leuven,#=71 QS World University Rankings 2018
Belgium,Undergraduate,Physics & Astronomy,Ghent University,#=125 QS World University Rankings 2018
Belgium,Undergraduate,Physics & Astronomy,Université catholique de Louva ...,#153 QS World University Rankings 2018
Belgium,Undergraduate,Physics & Astronomy,Vrije Universiteit Brussel (VUB),#=182 QS World University Rankings 2018
Belgium,Undergraduate,Physics & Astronomy,University of Antwerp,#=210
Belgium,Undergraduate,Politics,Université de Liège,
Belgium,Undergraduate,Politics,KU Leuven,#=71 QS World University Rankings 2018
Belgium,Undergraduate,Politics,Ghent University,#=125 QS World University Rankings 2018
Belgium,Undergraduate,Politics,Université catholique de Louva ...,#153 QS World University Rankings 2018
Belgium,Undergraduate,Politics,Vrije Universiteit Brussel (VUB),#=182 QS World University Rankings 2018
Belgium,Undergraduate,Politics,Universite libre de Bruxelles,#=205 QS World University Rankings 2018
Belgium,Undergraduate,Politics,University of Antwerp,#=210
Belgium,Undergraduate,Politics,Boston University Brussels,
Belgium,Undergraduate,Politics,University of Kent in Brussels ...,
Belgium,Undergraduate,Psychology,Université de Liège,
Belgium,Undergraduate,Psychology,KU Leuven,#=71 QS World University Rankings 2018
Belgium,Undergraduate,Psychology,Ghent University,#=125 QS World University Rankings 2018
Belgium,Undergraduate,Psychology,Université catholique de Louva ...,#153 QS World University Rankings 2018
Belgium,Undergraduate,Psychology,Vrije Universiteit Brussel (VUB),#=182 QS World University Rankings 2018
Belgium,Undergraduate,Public Policy,Université de Liège,
Belgium,Undergraduate,Public Policy,KU Leuven,#=71 QS World University Rankings 2018
Belgium,Undergraduate,Public Policy,Université catholique de Louva ...,#153 QS World University Rankings 2018
Belgium,Undergraduate,Public Policy,Universite libre de Bruxelles,#=205 QS World University Rankings 2018
Belgium,Undergraduate,Public Policy,Boston University Brussels,
Belgium,Undergraduate,Public Policy,University of Kent in Brussels ...,
Belgium,Undergraduate,Sociology,Université de Liège,
Belgium,Undergraduate,Sociology,KU Leuven,#=71 QS World University Rankings 2018
Belgium,Undergraduate,Sociology,Ghent University,#=125 QS World University Rankings 2018
Belgium,Undergraduate,Sociology,Université catholique de Louva ...,#153 QS World University Rankings 2018
Belgium,Undergraduate,Sociology,Vrije Universiteit Brussel (VUB),#=182 QS World University Rankings 2018
Belgium,Undergraduate,Sociology,University of Antwerp,#=210
Belgium,Undergraduate,Sociology,University of Kent in Brussels ...,
Belgium,Undergraduate,Sociology,Boston University Brussels,
Belgium,Undergraduate,Sports-related Courses,Université de Liège,
Belgium,Undergraduate,Sports-related Courses,KU Leuven,#=71 QS World University Rankings 2018
Belgium,Undergraduate,Sports-related Courses,Ghent University,#=125 QS World University Rankings 2018
Belgium,Undergraduate,Sports-related Courses,Vrije Universiteit Brussel (VUB),#=182 QS World University Rankings 2018
Belgium,Undergraduate,Statistics and Operational Research,Université de Liège,
Belgium,Undergraduate,Theology, Divinity & Religious Studies,KU Leuven,#=71 QS World University Rankings 2018
Belgium,Undergraduate,Theology, Divinity & Religious Studies,Université catholique de Louva ...,#153 QS World University Rankings 2018
Belgium,Undergraduate,Urban Planning,Université de Liège,
Belgium,Undergraduate,Urban Planning,KU Leuven,#=71 QS World University Rankings 2018
Belgium,Undergraduate,Urban Planning,Ghent University,#=125 QS World University Rankings 2018
Belgium,Undergraduate,Urban Planning,Université catholique de Louva ...,#153 QS World University Rankings 2018
Belgium,Undergraduate,Urban Planning,Vrije Universiteit Brussel (VUB),#=182 QS World University Rankings 2018
Belgium,Undergraduate,Urban Planning,University of Antwerp,#=210
Belgium,Undergraduate,Veterinary Science,Université de Liège,
Belgium,Undergraduate,Veterinary Science,Ghent University,#=125 QS World University Rankings 2018
Belgium,Undergraduate,Veterinary Science,Université catholique de Louva ...,#153 QS World University Rankings 2018
Belgium,Undergraduate,Veterinary Science,University of Antwerp,#=210
Belgium,Undergraduate,Zoology,Université de Liège,
Belgium,Undergraduate,Zoology,KU Leuven,#=71 QS World University Rankings 2018
Belgium,Undergraduate,Zoology,Université catholique de Louva ...,#153 QS World University Rankings 2018
Belgium,Postgraduate,Accounting and Finance,Solvay Brussels School of Econ ...,
Belgium,Postgraduate,Accounting and Finance,Antwerp Management School,
Belgium,Postgraduate,Accounting and Finance,Université de Liège,
Belgium,Postgraduate,Accounting and Finance,KU Leuven,#=71 QS World University Rankings 2018
Belgium,Postgraduate,Accounting and Finance,Ghent University,#=125 QS World University Rankings 2018
Belgium,Postgraduate,Accounting and Finance,Université catholique de Louva ...,#153 QS World University Rankings 2018
Belgium,Postgraduate,Accounting and Finance,Universite libre de Bruxelles,#=205 QS World University Rankings 2018
Belgium,Postgraduate,Accounting and Finance,University of Antwerp,#=210
Belgium,Postgraduate,Accounting and Finance,HEC Management School, Univers ...,
Belgium,Postgraduate,Accounting and Finance,Boston University Brussels,
Belgium,Postgraduate,Accounting and Finance,Vlerick Business School,
Belgium,Postgraduate,Agriculture & Forestry,Université de Liège,
Belgium,Postgraduate,Agriculture & Forestry,KU Leuven,#=71 QS World University Rankings 2018
Belgium,Postgraduate,Agriculture & Forestry,Ghent University,#=125 QS World University Rankings 2018
Belgium,Postgraduate,Agriculture & Forestry,Université catholique de Louva ...,#153 QS World University Rankings 2018
Belgium,Postgraduate,Anatomy & Physiology,Université de Liège,
Belgium,Postgraduate,Anatomy & Physiology,KU Leuven,#=71 QS World University Rankings 2018
Belgium,Postgraduate,Anthropology,Université de Liège,
Belgium,Postgraduate,Anthropology,KU Leuven,#=71 QS World University Rankings 2018
Belgium,Postgraduate,Anthropology,Université catholique de Louva ...,#153 QS World University Rankings 2018
Belgium,Postgraduate,Archaeology,Université de Liège,
Belgium,Postgraduate,Archaeology,KU Leuven,#=71 QS World University Rankings 2018
Belgium,Postgraduate,Archaeology,Ghent University,#=125 QS World University Rankings 2018
Belgium,Postgraduate,Archaeology,Université catholique de Louva ...,#153 QS World University Rankings 2018
Belgium,Postgraduate,Archaeology,Vrije Universiteit Brussel (VUB),#=182 QS World University Rankings 2018
Belgium,Postgraduate,Archaeology,Universite libre de Bruxelles,#=205 QS World University Rankings 2018
Belgium,Postgraduate,Archaeology,University of Antwerp,#=210
Belgium,Postgraduate,Architecture,Université de Liège,
Belgium,Postgraduate,Architecture,KU Leuven,#=71 QS World University Rankings 2018
Belgium,Postgraduate,Architecture,Ghent University,#=125 QS World University Rankings 2018
Belgium,Postgraduate,Architecture,Université catholique de Louva ...,#153 QS World University Rankings 2018
Belgium,Postgraduate,Architecture,Universite libre de Bruxelles,#=205 QS World University Rankings 2018
Belgium,Postgraduate,Architecture,University of Antwerp,#=210
Belgium,Postgraduate,Area Studies,Université de Liège,
Belgium,Postgraduate,Area Studies,KU Leuven,#=71 QS World University Rankings 2018
Belgium,Postgraduate,Area Studies,Université catholique de Louva ...,#153 QS World University Rankings 2018
Belgium,Postgraduate,Art & Design,Université de Liège,
Belgium,Postgraduate,Art & Design,KU Leuven,#=71 QS World University Rankings 2018
Belgium,Postgraduate,Art & Design,Universite libre de Bruxelles,#=205 QS World University Rankings 2018
Belgium,Postgraduate,Art & Design,University of Antwerp,#=210
Belgium,Postgraduate,Astronomy,Vrije Universiteit Brussel (VUB),#=182 QS World University Rankings 2018
Belgium,Postgraduate,Biological Sciences,Université de Liège,
Belgium,Postgraduate,Biological Sciences,KU Leuven,#=71 QS World University Rankings 2018
Belgium,Postgraduate,Biological Sciences,Ghent University,#=125 QS World University Rankings 2018
Belgium,Postgraduate,Biological Sciences,Université catholique de Louva ...,#153 QS World University Rankings 2018
Belgium,Postgraduate,Biological Sciences,Vrije Universiteit Brussel (VUB),#=182 QS World University Rankings 2018
Belgium,Postgraduate,Biological Sciences,University of Antwerp,#=210
Belgium,Postgraduate,Built Environment,Université de Liège,
Belgium,Postgraduate,Built Environment,KU Leuven,#=71 QS World University Rankings 2018
Belgium,Postgraduate,Built Environment,Vrije Universiteit Brussel (VUB),#=182 QS World University Rankings 2018
Belgium,Postgraduate,Business & Management Studies,Solvay Brussels School of Econ ...,
Belgium,Postgraduate,Business & Management Studies,Antwerp Management School,
Belgium,Postgraduate,Business & Management Studies,Université de Liège,
Belgium,Postgraduate,Business & Management Studies,KU Leuven,#=71 QS World University Rankings 2018
Belgium,Postgraduate,Business & Management Studies,Ghent University,#=125 QS World University Rankings 2018
Belgium,Postgraduate,Business & Management Studies,Université catholique de Louva ...,#153 QS World University Rankings 2018
Belgium,Postgraduate,Business & Management Studies,Vrije Universiteit Brussel (VUB),#=182 QS World University Rankings 2018
Belgium,Postgraduate,Business & Management Studies,Universite libre de Bruxelles,#=205 QS World University Rankings 2018
Belgium,Postgraduate,Business & Management Studies,University of Antwerp,#=210
Belgium,Postgraduate,Business & Management Studies,Vlerick Business School,
Belgium,Postgraduate,Business & Management Studies,HEC Management School, Univers ...,
Belgium,Postgraduate,Business & Management Studies,Boston University Brussels,
Belgium,Postgraduate,Chemistry,Université de Liège,
Belgium,Postgraduate,Chemistry,KU Leuven,#=71 QS World University Rankings 2018
Belgium,Postgraduate,Chemistry,Vrije Universiteit Brussel (VUB),#=182 QS World University Rankings 2018
Belgium,Postgraduate,Chemistry,University of Antwerp,#=210
Belgium,Postgraduate,Classics & Ancient History,Université de Liège,
Belgium,Postgraduate,Classics & Ancient History,KU Leuven,#=71 QS World University Rankings 2018
Belgium,Postgraduate,Classics & Ancient History,Vrije Universiteit Brussel (VUB),#=182 QS World University Rankings 2018
Belgium,Postgraduate,Communication and Media Studies,Université de Liège,
Belgium,Postgraduate,Communication and Media Studies,KU Leuven,#=71 QS World University Rankings 2018
Belgium,Postgraduate,Communication and Media Studies,Ghent University,#=125 QS World University Rankings 2018
Belgium,Postgraduate,Communication and Media Studies,Université catholique de Louva ...,#153 QS World University Rankings 2018
Belgium,Postgraduate,Communication and Media Studies,Vrije Universiteit Brussel (VUB),#=182 QS World University Rankings 2018
Belgium,Postgraduate,Communication and Media Studies,Universite libre de Bruxelles,#=205 QS World University Rankings 2018
Belgium,Postgraduate,Communication and Media Studies,University of Antwerp,#=210
Belgium,Postgraduate,Communication and Media Studies,University of Kent in Brussels ...,
Belgium,Postgraduate,Computer Science and Information Systems,Université de Liège,
Belgium,Postgraduate,Computer Science and Information Systems,KU Leuven,#=71 QS World University Rankings 2018
Belgium,Postgraduate,Computer Science and Information Systems,Ghent University,#=125 QS World University Rankings 2018
Belgium,Postgraduate,Computer Science and Information Systems,Université catholique de Louva ...,#153 QS World University Rankings 2018
Belgium,Postgraduate,Computer Science and Information Systems,Vrije Universiteit Brussel (VUB),#=182 QS World University Rankings 2018
Belgium,Postgraduate,Computer Science and Information Systems,University of Antwerp,#=210
Belgium,Postgraduate,Computer Science and Information Systems,EIT Digital Master School,
Belgium,Postgraduate,Dentistry,Université de Liège,
Belgium,Postgraduate,Dentistry,KU Leuven,#=71 QS World University Rankings 2018
Belgium,Postgraduate,Dentistry,Ghent University,#=125 QS World University Rankings 2018
Belgium,Postgraduate,Dentistry,Université catholique de Louva ...,#153 QS World University Rankings 2018
Belgium,Postgraduate,Development Studies,Université de Liège,
Belgium,Postgraduate,Development Studies,KU Leuven,#=71 QS World University Rankings 2018
Belgium,Postgraduate,Development Studies,University of Antwerp,#=210
Belgium,Postgraduate,Development Studies,University of Kent in Brussels ...,
Belgium,Postgraduate,Earth and Marine Sciences,Université de Liège,
Belgium,Postgraduate,Earth and Marine Sciences,KU Leuven,#=71 QS World University Rankings 2018
Belgium,Postgraduate,Earth and Marine Sciences,Ghent University,#=125 QS World University Rankings 2018
Belgium,Postgraduate,Earth and Marine Sciences,Université catholique de Louva ...,#153 QS World University Rankings 2018
Belgium,Postgraduate,Earth and Marine Sciences,Vrije Universiteit Brussel (VUB),#=182 QS World University Rankings 2018
Belgium,Postgraduate,Earth and Marine Sciences,University of Antwerp,#=210
Belgium,Postgraduate,Economics and Econometrics,Université de Liège,
Belgium,Postgraduate,Economics and Econometrics,KU Leuven,#=71 QS World University Rankings 2018
Belgium,Postgraduate,Economics and Econometrics,Ghent University,#=125 QS World University Rankings 2018
Belgium,Postgraduate,Economics and Econometrics,Université catholique de Louva ...,#153 QS World University Rankings 2018
Belgium,Postgraduate,Economics and Econometrics,Vrije Universiteit Brussel (VUB),#=182 QS World University Rankings 2018
Belgium,Postgraduate,Economics and Econometrics,Universite libre de Bruxelles,#=205 QS World University Rankings 2018
Belgium,Postgraduate,Economics and Econometrics,University of Antwerp,#=210
Belgium,Postgraduate,Economics and Econometrics,Boston University Brussels,
Belgium,Postgraduate,Economics and Econometrics,University of Kent in Brussels ...,
Belgium,Postgraduate,Economics and Econometrics,HEC Management School, Univers ...,
Belgium,Postgraduate,Education and Training,Université de Liège,
Belgium,Postgraduate,Education and Training,KU Leuven,#=71 QS World University Rankings 2018
Belgium,Postgraduate,Education and Training,Ghent University,#=125 QS World University Rankings 2018
Belgium,Postgraduate,Education and Training,Université catholique de Louva ...,#153 QS World University Rankings 2018
Belgium,Postgraduate,Education and Training,Vrije Universiteit Brussel (VUB),#=182 QS World University Rankings 2018
Belgium,Postgraduate,Education and Training,University of Antwerp,#=210
Belgium,Postgraduate,Engineering - Aeronautical,Université de Liège,
Belgium,Postgraduate,Engineering - Aeronautical,KU Leuven,#=71 QS World University Rankings 2018
Belgium,Postgraduate,Engineering - Aeronautical,Ghent University,#=125 QS World University Rankings 2018
Belgium,Postgraduate,Engineering - Aeronautical,Université catholique de Louva ...,#153 QS World University Rankings 2018
Belgium,Postgraduate,Engineering - Aeronautical,Vrije Universiteit Brussel (VUB),#=182 QS World University Rankings 2018
Belgium,Postgraduate,Engineering - Chemical,Université de Liège,
Belgium,Postgraduate,Engineering - Chemical,KU Leuven,#=71 QS World University Rankings 2018
Belgium,Postgraduate,Engineering - Chemical,Ghent University,#=125 QS World University Rankings 2018
Belgium,Postgraduate,Engineering - Chemical,Université catholique de Louva ...,#153 QS World University Rankings 2018
Belgium,Postgraduate,Engineering - Chemical,Vrije Universiteit Brussel (VUB),#=182 QS World University Rankings 2018
Belgium,Postgraduate,Engineering - Chemical,University of Antwerp,#=210
Belgium,Postgraduate,Engineering - Civil and Structural,Université de Liège,
Belgium,Postgraduate,Engineering - Civil and Structural,KU Leuven,#=71 QS World University Rankings 2018
Belgium,Postgraduate,Engineering - Civil and Structural,Ghent University,#=125 QS World University Rankings 2018
Belgium,Postgraduate,Engineering - Civil and Structural,Université catholique de Louva ...,#153 QS World University Rankings 2018
Belgium,Postgraduate,Engineering - Civil and Structural,Vrije Universiteit Brussel (VUB),#=182 QS World University Rankings 2018
Belgium,Postgraduate,Engineering - Civil and Structural,University of Antwerp,#=210
Belgium,Postgraduate,Engineering - Electrical and Electronic,Université de Liège,
Belgium,Postgraduate,Engineering - Electrical and Electronic,KU Leuven,#=71 QS World University Rankings 2018
Belgium,Postgraduate,Engineering - Electrical and Electronic,Ghent University,#=125 QS World University Rankings 2018
Belgium,Postgraduate,Engineering - Electrical and Electronic,Université catholique de Louva ...,#153 QS World University Rankings 2018
Belgium,Postgraduate,Engineering - Electrical and Electronic,Vrije Universiteit Brussel (VUB),#=182 QS World University Rankings 2018
Belgium,Postgraduate,Engineering - Electrical and Electronic,University of Antwerp,#=210
Belgium,Postgraduate,Engineering - Electrical and Electronic,EIT Digital Master School,
Belgium,Postgraduate,Engineering - General,Université de Liège,
Belgium,Postgraduate,Engineering - General,KU Leuven,#=71 QS World University Rankings 2018
Belgium,Postgraduate,Engineering - General,Ghent University,#=125 QS World University Rankings 2018
Belgium,Postgraduate,Engineering - General,Université catholique de Louva ...,#153 QS World University Rankings 2018
Belgium,Postgraduate,Engineering - General,Vrije Universiteit Brussel (VUB),#=182 QS World University Rankings 2018
Belgium,Postgraduate,Engineering - General,Universite libre de Bruxelles,#=205 QS World University Rankings 2018
Belgium,Postgraduate,Engineering - General,University of Antwerp,#=210
Belgium,Postgraduate,Engineering - General,EIT Digital Master School,
Belgium,Postgraduate,Engineering - Manufacturing & Production,Université de Liège,
Belgium,Postgraduate,Engineering - Manufacturing & Production,KU Leuven,#=71 QS World University Rankings 2018
Belgium,Postgraduate,Engineering - Manufacturing & Production,Université catholique de Louva ...,#153 QS World University Rankings 2018
Belgium,Postgraduate,Engineering - Manufacturing & Production,Vrije Universiteit Brussel (VUB),#=182 QS World University Rankings 2018
Belgium,Postgraduate,Engineering - Mechanical,Université de Liège,
Belgium,Postgraduate,Engineering - Mechanical,KU Leuven,#=71 QS World University Rankings 2018
Belgium,Postgraduate,Engineering - Mechanical,Ghent University,#=125 QS World University Rankings 2018
Belgium,Postgraduate,Engineering - Mechanical,Université catholique de Louva ...,#153 QS World University Rankings 2018
Belgium,Postgraduate,Engineering - Mechanical,Vrije Universiteit Brussel (VUB),#=182 QS World University Rankings 2018
Belgium,Postgraduate,Engineering - Mechanical,University of Antwerp,#=210
Belgium,Postgraduate,Engineering - Mineral & Mining,Université de Liège,
Belgium,Postgraduate,Engineering - Mineral & Mining,KU Leuven,#=71 QS World University Rankings 2018
Belgium,Postgraduate,Engineering Management,Université de Liège,
Belgium,Postgraduate,Engineering Management,Universite libre de Bruxelles,#=205 QS World University Rankings 2018
Belgium,Postgraduate,Engineering Management,HEC Management School, Univers ...,
Belgium,Postgraduate,English Language and Literature,Université de Liège,
Belgium,Postgraduate,English Language and Literature,KU Leuven,#=71 QS World University Rankings 2018
Belgium,Postgraduate,English Language and Literature,Ghent University,#=125 QS World University Rankings 2018
Belgium,Postgraduate,English Language and Literature,Université catholique de Louva ...,#153 QS World University Rankings 2018
Belgium,Postgraduate,English Language and Literature,Vrije Universiteit Brussel (VUB),#=182 QS World University Rankings 2018
Belgium,Postgraduate,English Language and Literature,University of Antwerp,#=210
Belgium,Postgraduate,Environmental Studies,Université de Liège,
Belgium,Postgraduate,Environmental Studies,KU Leuven,#=71 QS World University Rankings 2018
Belgium,Postgraduate,Environmental Studies,Université catholique de Louva ...,#153 QS World University Rankings 2018
Belgium,Postgraduate,Environmental Studies,Vrije Universiteit Brussel (VUB),#=182 QS World University Rankings 2018
Belgium,Postgraduate,Environmental Studies,University of Antwerp,#=210
Belgium,Postgraduate,Environmental Studies,Boston University Brussels,
Belgium,Postgraduate,Ethnicity, Gender and Diversity,Université de Liège,
Belgium,Postgraduate,Ethnicity, Gender and Diversity,KU Leuven,#=71 QS World University Rankings 2018
Belgium,Postgraduate,Ethnicity, Gender and Diversity,Ghent University,#=125 QS World University Rankings 2018
Belgium,Postgraduate,Ethnicity, Gender and Diversity,Vrije Universiteit Brussel (VUB),#=182 QS World University Rankings 2018
Belgium,Postgraduate,Ethnicity, Gender and Diversity,University of Antwerp,#=210
Belgium,Postgraduate,Finance,Solvay Brussels School of Econ ...,
Belgium,Postgraduate,Finance,Université de Liège,
Belgium,Postgraduate,Finance,KU Leuven,#=71 QS World University Rankings 2018
Belgium,Postgraduate,Finance,Universite libre de Bruxelles,#=205 QS World University Rankings 2018
Belgium,Postgraduate,Finance,HEC Management School, Univers ...,
Belgium,Postgraduate,Geography,Université de Liège,
Belgium,Postgraduate,Geography,KU Leuven,#=71 QS World University Rankings 2018
Belgium,Postgraduate,Geography,Ghent University,#=125 QS World University Rankings 2018
Belgium,Postgraduate,Geography,Université catholique de Louva ...,#153 QS World University Rankings 2018
Belgium,Postgraduate,Geography,Vrije Universiteit Brussel (VUB),#=182 QS World University Rankings 2018
Belgium,Postgraduate,Hospitality & Leisure Management,KU Leuven,#=71 QS World University Rankings 2018
Belgium,Postgraduate,Hospitality & Leisure Management,University of Antwerp,#=210
Belgium,Postgraduate,Human Resources Management,Université de Liège,
Belgium,Postgraduate,Human Resources Management,KU Leuven,#=71 QS World University Rankings 2018
Belgium,Postgraduate,Human Resources Management,HEC Management School, Univers ...,
Belgium,Postgraduate,Human Resources Management,Boston University Brussels,
Belgium,Postgraduate,International Relations/Studies/Affairs,Université de Liège,
Belgium,Postgraduate,International Relations/Studies/Affairs,KU Leuven,#=71 QS World University Rankings 2018
Belgium,Postgraduate,International Relations/Studies/Affairs,Université catholique de Louva ...,#153 QS World University Rankings 2018
Belgium,Postgraduate,International Relations/Studies/Affairs,Vrije Universiteit Brussel (VUB),#=182 QS World University Rankings 2018
Belgium,Postgraduate,International Relations/Studies/Affairs,University of Antwerp,#=210
Belgium,Postgraduate,International Relations/Studies/Affairs,Boston University Brussels,
Belgium,Postgraduate,International Relations/Studies/Affairs,University of Kent in Brussels ...,
Belgium,Postgraduate,Journalism,Vrije Universiteit Brussel (VUB),#=182 QS World University Rankings 2018
Belgium,Postgraduate,Law and Legal Studies,Université de Liège,
Belgium,Postgraduate,Law and Legal Studies,KU Leuven,#=71 QS World University Rankings 2018
Belgium,Postgraduate,Law and Legal Studies,Ghent University,#=125 QS World University Rankings 2018
Belgium,Postgraduate,Law and Legal Studies,Université catholique de Louva ...,#153 QS World University Rankings 2018
Belgium,Postgraduate,Law and Legal Studies,Vrije Universiteit Brussel (VUB),#=182 QS World University Rankings 2018
Belgium,Postgraduate,Law and Legal Studies,University of Antwerp,#=210
Belgium,Postgraduate,Law and Legal Studies,University of Kent in Brussels ...,
Belgium,Postgraduate,Library & Information Management,Université de Liège,
Belgium,Postgraduate,Library & Information Management,KU Leuven,#=71 QS World University Rankings 2018
Belgium,Postgraduate,Linguistics,Université de Liège,
Belgium,Postgraduate,Linguistics,KU Leuven,#=71 QS World University Rankings 2018
Belgium,Postgraduate,Linguistics,Vrije Universiteit Brussel (VUB),#=182 QS World University Rankings 2018
Belgium,Postgraduate,Linguistics,University of Antwerp,#=210
Belgium,Postgraduate,Logistics / Supply Chain Management,Antwerp Management School,
Belgium,Postgraduate,Logistics / Supply Chain Management,Université de Liège,
Belgium,Postgraduate,Logistics / Supply Chain Management,KU Leuven,#=71 QS World University Rankings 2018
Belgium,Postgraduate,Logistics / Supply Chain Management,HEC Management School, Univers ...,
Belgium,Postgraduate,Marketing,Solvay Brussels School of Econ ...,
Belgium,Postgraduate,Marketing,Antwerp Management School,
Belgium,Postgraduate,Marketing,Université de Liège,
Belgium,Postgraduate,Marketing,KU Leuven,#=71 QS World University Rankings 2018
Belgium,Postgraduate,Marketing,Université catholique de Louva ...,#153 QS World University Rankings 2018
Belgium,Postgraduate,Marketing,Universite libre de Bruxelles,#=205 QS World University Rankings 2018
Belgium,Postgraduate,Marketing,Vlerick Business School,
Belgium,Postgraduate,Marketing,HEC Management School, Univers ...,
Belgium,Postgraduate,Marketing,Boston University Brussels,
Belgium,Postgraduate,Materials Sciences,Université de Liège,
Belgium,Postgraduate,Materials Sciences,KU Leuven,#=71 QS World University Rankings 2018
Belgium,Postgraduate,Materials Sciences,Vrije Universiteit Brussel (VUB),#=182 QS World University Rankings 2018
Belgium,Postgraduate,Mathematics,Université de Liège,
Belgium,Postgraduate,Mathematics,KU Leuven,#=71 QS World University Rankings 2018
Belgium,Postgraduate,Mathematics,Ghent University,#=125 QS World University Rankings 2018
Belgium,Postgraduate,Mathematics,Université catholique de Louva ...,#153 QS World University Rankings 2018
Belgium,Postgraduate,Mathematics,Vrije Universiteit Brussel (VUB),#=182 QS World University Rankings 2018
Belgium,Postgraduate,Mathematics,University of Antwerp,#=210
Belgium,Postgraduate,Medicine,Université de Liège,
Belgium,Postgraduate,Medicine,KU Leuven,#=71 QS World University Rankings 2018
Belgium,Postgraduate,Medicine,Ghent University,#=125 QS World University Rankings 2018
Belgium,Postgraduate,Medicine,Université catholique de Louva ...,#153 QS World University Rankings 2018
Belgium,Postgraduate,Medicine,Vrije Universiteit Brussel (VUB),#=182 QS World University Rankings 2018
Belgium,Postgraduate,Medicine,University of Antwerp,#=210
Belgium,Postgraduate,Medicine Related Studies,Université de Liège,
Belgium,Postgraduate,Medicine Related Studies,KU Leuven,#=71 QS World University Rankings 2018
Belgium,Postgraduate,Medicine Related Studies,Ghent University,#=125 QS World University Rankings 2018
Belgium,Postgraduate,Medicine Related Studies,Université catholique de Louva ...,#153 QS World University Rankings 2018
Belgium,Postgraduate,Medicine Related Studies,Vrije Universiteit Brussel (VUB),#=182 QS World University Rankings 2018
Belgium,Postgraduate,Medicine Related Studies,University of Antwerp,#=210
Belgium,Postgraduate,Modern Languages,Université de Liège,
Belgium,Postgraduate,Modern Languages,KU Leuven,#=71 QS World University Rankings 2018
Belgium,Postgraduate,Modern Languages,Ghent University,#=125 QS World University Rankings 2018
Belgium,Postgraduate,Modern Languages,Université catholique de Louva ...,#153 QS World University Rankings 2018
Belgium,Postgraduate,Modern Languages,Vrije Universiteit Brussel (VUB),#=182 QS World University Rankings 2018
Belgium,Postgraduate,Modern Languages,University of Antwerp,#=210
Belgium,Postgraduate,Nursing,KU Leuven,#=71 QS World University Rankings 2018
Belgium,Postgraduate,Nursing,Vrije Universiteit Brussel (VUB),#=182 QS World University Rankings 2018
Belgium,Postgraduate,Nursing,University of Antwerp,#=210
Belgium,Postgraduate,Performing Arts,Université de Liège,
Belgium,Postgraduate,Performing Arts,KU Leuven,#=71 QS World University Rankings 2018
Belgium,Postgraduate,Performing Arts,Ghent University,#=125 QS World University Rankings 2018
Belgium,Postgraduate,Performing Arts,Université catholique de Louva ...,#153 QS World University Rankings 2018
Belgium,Postgraduate,Pharmacology,Vrije Universiteit Brussel (VUB),#=182 QS World University Rankings 2018
Belgium,Postgraduate,Philosophy,Université de Liège,
Belgium,Postgraduate,Philosophy,KU Leuven,#=71 QS World University Rankings 2018
Belgium,Postgraduate,Philosophy,Ghent University,#=125 QS World University Rankings 2018
Belgium,Postgraduate,Philosophy,Université catholique de Louva ...,#153 QS World University Rankings 2018
Belgium,Postgraduate,Philosophy,Vrije Universiteit Brussel (VUB),#=182 QS World University Rankings 2018
Belgium,Postgraduate,Philosophy,University of Antwerp,#=210
Belgium,Postgraduate,Physics & Astronomy,Université de Liège,
Belgium,Postgraduate,Physics & Astronomy,KU Leuven,#=71 QS World University Rankings 2018
Belgium,Postgraduate,Physics & Astronomy,Ghent University,#=125 QS World University Rankings 2018
Belgium,Postgraduate,Physics & Astronomy,Université catholique de Louva ...,#153 QS World University Rankings 2018
Belgium,Postgraduate,Physics & Astronomy,Vrije Universiteit Brussel (VUB),#=182 QS World University Rankings 2018
Belgium,Postgraduate,Physics & Astronomy,University of Antwerp,#=210
Belgium,Postgraduate,Politics,Université de Liège,
Belgium,Postgraduate,Politics,KU Leuven,#=71 QS World University Rankings 2018
Belgium,Postgraduate,Politics,Ghent University,#=125 QS World University Rankings 2018
Belgium,Postgraduate,Politics,Université catholique de Louva ...,#153 QS World University Rankings 2018
Belgium,Postgraduate,Politics,Vrije Universiteit Brussel (VUB),#=182 QS World University Rankings 2018
Belgium,Postgraduate,Politics,Universite libre de Bruxelles,#=205 QS World University Rankings 2018
Belgium,Postgraduate,Politics,University of Antwerp,#=210
Belgium,Postgraduate,Politics,Boston University Brussels,
Belgium,Postgraduate,Politics,University of Kent in Brussels ...,
Belgium,Postgraduate,Psychology,Université de Liège,
Belgium,Postgraduate,Psychology,KU Leuven,#=71 QS World University Rankings 2018
Belgium,Postgraduate,Psychology,Ghent University,#=125 QS World University Rankings 2018
Belgium,Postgraduate,Psychology,Université catholique de Louva ...,#153 QS World University Rankings 2018
Belgium,Postgraduate,Psychology,Vrije Universiteit Brussel (VUB),#=182 QS World University Rankings 2018
Belgium,Postgraduate,Public Policy,Université de Liège,
Belgium,Postgraduate,Public Policy,KU Leuven,#=71 QS World University Rankings 2018
Belgium,Postgraduate,Public Policy,Université catholique de Louva ...,#153 QS World University Rankings 2018
Belgium,Postgraduate,Public Policy,Universite libre de Bruxelles,#=205 QS World University Rankings 2018
Belgium,Postgraduate,Public Policy,Boston University Brussels,
Belgium,Postgraduate,Public Policy,University of Kent in Brussels ...,
Belgium,Postgraduate,Sociology,Université de Liège,
Belgium,Postgraduate,Sociology,KU Leuven,#=71 QS World University Rankings 2018
Belgium,Postgraduate,Sociology,Ghent University,#=125 QS World University Rankings 2018
Belgium,Postgraduate,Sociology,Université catholique de Louva ...,#153 QS World University Rankings 2018
Belgium,Postgraduate,Sociology,Vrije Universiteit Brussel (VUB),#=182 QS World University Rankings 2018
Belgium,Postgraduate,Sociology,University of Antwerp,#=210
Belgium,Postgraduate,Sociology,University of Kent in Brussels ...,
Belgium,Postgraduate,Sociology,Boston University Brussels,
Belgium,Postgraduate,Sports-related Courses,Université de Liège,
Belgium,Postgraduate,Sports-related Courses,KU Leuven,#=71 QS World University Rankings 2018
Belgium,Postgraduate,Sports-related Courses,Ghent University,#=125 QS World University Rankings 2018
Belgium,Postgraduate,Sports-related Courses,Vrije Universiteit Brussel (VUB),#=182 QS World University Rankings 2018
Belgium,Postgraduate,Statistics and Operational Research,Université de Liège,
Belgium,Postgraduate,Theology, Divinity & Religious Studies,KU Leuven,#=71 QS World University Rankings 2018
Belgium,Postgraduate,Theology, Divinity & Religious Studies,Université catholique de Louva ...,#153 QS World University Rankings 2018
Belgium,Postgraduate,Urban Planning,Université de Liège,
Belgium,Postgraduate,Urban Planning,KU Leuven,#=71 QS World University Rankings 2018
Belgium,Postgraduate,Urban Planning,Ghent University,#=125 QS World University Rankings 2018
Belgium,Postgraduate,Urban Planning,Université catholique de Louva ...,#153 QS World University Rankings 2018
Belgium,Postgraduate,Urban Planning,Vrije Universiteit Brussel (VUB),#=182 QS World University Rankings 2018
Belgium,Postgraduate,Urban Planning,University of Antwerp,#=210
Belgium,Postgraduate,Veterinary Science,Université de Liège,
Belgium,Postgraduate,Veterinary Science,Ghent University,#=125 QS World University Rankings 2018
Belgium,Postgraduate,Veterinary Science,Université catholique de Louva ...,#153 QS World University Rankings 2018
Belgium,Postgraduate,Veterinary Science,University of Antwerp,#=210
Belgium,Postgraduate,Zoology,Université de Liège,
Belgium,Postgraduate,Zoology,KU Leuven,#=71 QS World University Rankings 2018
Belgium,Postgraduate,Zoology,Université catholique de Louva ...,#153 QS World University Rankings 2018

