Country Name,Course Lavel,University Name,Course,Ranking
Greece,Undergraduate,Accounting and Finance,Aristotle University of Thessa ...,#501-550 QS World University Rankings 2018
Greece,Undergraduate,Accounting and Finance,National and Kapodistrian Univ ...,#651-700 QS World University Rankings 2018
Greece,Undergraduate,Accounting and Finance,University of Patras,#701-750 QS World University Rankings 2018
Greece,Undergraduate,Accounting and Finance,Athens University of Economics ...,#801-1000 QS World University Rankings 2018
Greece,Undergraduate,Accounting and Finance,University of Macedonia,
Greece,Undergraduate,Accounting and Finance,International Hellenic University,
Greece,Undergraduate,Accounting and Finance,Deree College - The American C ...,
Greece,Undergraduate,Accounting and Finance,ALBA Graduate Business School ...,
Greece,Undergraduate,Agriculture & Forestry,Aristotle University of Thessa ...,#501-550 QS World University Rankings 2018
Greece,Undergraduate,Agriculture & Forestry,University of Patras,#701-750 QS World University Rankings 2018
Greece,Undergraduate,Anatomy & Physiology,Aristotle University of Thessa ...,#501-550 QS World University Rankings 2018
Greece,Undergraduate,Anatomy & Physiology,University of Patras,#701-750 QS World University Rankings 2018
Greece,Undergraduate,Anthropology,University of Macedonia,
Greece,Undergraduate,Archaeology,Aristotle University of Thessa ...,#501-550 QS World University Rankings 2018
Greece,Undergraduate,Archaeology,National and Kapodistrian Univ ...,#651-700 QS World University Rankings 2018
Greece,Undergraduate,Archaeology,University of Patras,#701-750 QS World University Rankings 2018
Greece,Undergraduate,Archaeology,International Hellenic University,
Greece,Undergraduate,Archaeology,Deree College - The American C ...,
Greece,Undergraduate,Architecture,Aristotle University of Thessa ...,#501-550 QS World University Rankings 2018
Greece,Undergraduate,Architecture,University of Patras,#701-750 QS World University Rankings 2018
Greece,Undergraduate,Area Studies,University of Patras,#701-750 QS World University Rankings 2018
Greece,Undergraduate,Area Studies,International Hellenic University,
Greece,Undergraduate,Art & Design,Aristotle University of Thessa ...,#501-550 QS World University Rankings 2018
Greece,Undergraduate,Art & Design,University of Patras,#701-750 QS World University Rankings 2018
Greece,Undergraduate,Art & Design,International Hellenic University,
Greece,Undergraduate,Astronomy,Aristotle University of Thessa ...,#501-550 QS World University Rankings 2018
Greece,Undergraduate,Astronomy,National and Kapodistrian Univ ...,#651-700 QS World University Rankings 2018
Greece,Undergraduate,Astronomy,University of Patras,#701-750 QS World University Rankings 2018
Greece,Undergraduate,Biological Sciences,Aristotle University of Thessa ...,#501-550 QS World University Rankings 2018
Greece,Undergraduate,Biological Sciences,National and Kapodistrian Univ ...,#651-700 QS World University Rankings 2018
Greece,Undergraduate,Biological Sciences,University of Patras,#701-750 QS World University Rankings 2018
Greece,Undergraduate,Built Environment,Aristotle University of Thessa ...,#501-550 QS World University Rankings 2018
Greece,Undergraduate,Built Environment,University of Patras,#701-750 QS World University Rankings 2018
Greece,Undergraduate,Built Environment,International Hellenic University,
Greece,Undergraduate,Business & Management Studies,Aristotle University of Thessa ...,#501-550 QS World University Rankings 2018
Greece,Undergraduate,Business & Management Studies,National and Kapodistrian Univ ...,#651-700 QS World University Rankings 2018
Greece,Undergraduate,Business & Management Studies,University of Patras,#701-750 QS World University Rankings 2018
Greece,Undergraduate,Business & Management Studies,Athens University of Economics ...,#801-1000 QS World University Rankings 2018
Greece,Undergraduate,Business & Management Studies,ALBA Graduate Business School ...,
Greece,Undergraduate,Business & Management Studies,Deree College - The American C ...,
Greece,Undergraduate,Business & Management Studies,International Hellenic University,
Greece,Undergraduate,Business & Management Studies,University of Macedonia,
Greece,Undergraduate,Chemistry,Aristotle University of Thessa ...,#501-550 QS World University Rankings 2018
Greece,Undergraduate,Chemistry,National and Kapodistrian Univ ...,#651-700 QS World University Rankings 2018
Greece,Undergraduate,Chemistry,University of Patras,#701-750 QS World University Rankings 2018
Greece,Undergraduate,Classics & Ancient History,Aristotle University of Thessa ...,#501-550 QS World University Rankings 2018
Greece,Undergraduate,Classics & Ancient History,National and Kapodistrian Univ ...,#651-700 QS World University Rankings 2018
Greece,Undergraduate,Classics & Ancient History,University of Patras,#701-750 QS World University Rankings 2018
Greece,Undergraduate,Classics & Ancient History,International Hellenic University,
Greece,Undergraduate,Communication and Media Studies,Aristotle University of Thessa ...,#501-550 QS World University Rankings 2018
Greece,Undergraduate,Communication and Media Studies,National and Kapodistrian Univ ...,#651-700 QS World University Rankings 2018
Greece,Undergraduate,Communication and Media Studies,Athens University of Economics ...,#801-1000 QS World University Rankings 2018
Greece,Undergraduate,Communication and Media Studies,University of Macedonia,
Greece,Undergraduate,Communication and Media Studies,Deree College - The American C ...,
Greece,Undergraduate,Computer Science and Information Systems,Aristotle University of Thessa ...,#501-550 QS World University Rankings 2018
Greece,Undergraduate,Computer Science and Information Systems,National and Kapodistrian Univ ...,#651-700 QS World University Rankings 2018
Greece,Undergraduate,Computer Science and Information Systems,University of Patras,#701-750 QS World University Rankings 2018
Greece,Undergraduate,Computer Science and Information Systems,Athens University of Economics ...,#801-1000 QS World University Rankings 2018
Greece,Undergraduate,Computer Science and Information Systems,Deree College - The American C ...,
Greece,Undergraduate,Computer Science and Information Systems,International Hellenic University,
Greece,Undergraduate,Computer Science and Information Systems,University of Macedonia,
Greece,Undergraduate,Dentistry,Aristotle University of Thessa ...,#501-550 QS World University Rankings 2018
Greece,Undergraduate,Dentistry,National and Kapodistrian Univ ...,#651-700 QS World University Rankings 2018
Greece,Undergraduate,Development Studies,University of Patras,#701-750 QS World University Rankings 2018
Greece,Undergraduate,Development Studies,University of Macedonia,
Greece,Undergraduate,Earth and Marine Sciences,Aristotle University of Thessa ...,#501-550 QS World University Rankings 2018
Greece,Undergraduate,Earth and Marine Sciences,National and Kapodistrian Univ ...,#651-700 QS World University Rankings 2018
Greece,Undergraduate,Earth and Marine Sciences,University of Patras,#701-750 QS World University Rankings 2018
Greece,Undergraduate,Earth and Marine Sciences,International Hellenic University,
Greece,Undergraduate,Economics and Econometrics,Aristotle University of Thessa ...,#501-550 QS World University Rankings 2018
Greece,Undergraduate,Economics and Econometrics,National and Kapodistrian Univ ...,#651-700 QS World University Rankings 2018
Greece,Undergraduate,Economics and Econometrics,University of Patras,#701-750 QS World University Rankings 2018
Greece,Undergraduate,Economics and Econometrics,Athens University of Economics ...,#801-1000 QS World University Rankings 2018
Greece,Undergraduate,Economics and Econometrics,Deree College - The American C ...,
Greece,Undergraduate,Economics and Econometrics,University of Macedonia,
Greece,Undergraduate,Economics and Econometrics,International Hellenic University,
Greece,Undergraduate,Education and Training,Aristotle University of Thessa ...,#501-550 QS World University Rankings 2018
Greece,Undergraduate,Education and Training,National and Kapodistrian Univ ...,#651-700 QS World University Rankings 2018
Greece,Undergraduate,Education and Training,University of Patras,#701-750 QS World University Rankings 2018
Greece,Undergraduate,Education and Training,University of Macedonia,
Greece,Undergraduate,Engineering - Aeronautical,University of Patras,#701-750 QS World University Rankings 2018
Greece,Undergraduate,Engineering - Aeronautical,International Hellenic University,
Greece,Undergraduate,Engineering - Chemical,Aristotle University of Thessa ...,#501-550 QS World University Rankings 2018
Greece,Undergraduate,Engineering - Chemical,University of Patras,#701-750 QS World University Rankings 2018
Greece,Undergraduate,Engineering - Civil and Structural,Aristotle University of Thessa ...,#501-550 QS World University Rankings 2018
Greece,Undergraduate,Engineering - Civil and Structural,University of Patras,#701-750 QS World University Rankings 2018
Greece,Undergraduate,Engineering - Civil and Structural,International Hellenic University,
Greece,Undergraduate,Engineering - Electrical and Electronic,Aristotle University of Thessa ...,#501-550 QS World University Rankings 2018
Greece,Undergraduate,Engineering - Electrical and Electronic,University of Patras,#701-750 QS World University Rankings 2018
Greece,Undergraduate,Engineering - General,Aristotle University of Thessa ...,#501-550 QS World University Rankings 2018
Greece,Undergraduate,Engineering - General,University of Patras,#701-750 QS World University Rankings 2018
Greece,Undergraduate,Engineering - General,International Hellenic University,
Greece,Undergraduate,Engineering - Manufacturing & Production,Aristotle University of Thessa ...,#501-550 QS World University Rankings 2018
Greece,Undergraduate,Engineering - Manufacturing & Production,University of Patras,#701-750 QS World University Rankings 2018
Greece,Undergraduate,Engineering - Manufacturing & Production,Athens University of Economics ...,#801-1000 QS World University Rankings 2018
Greece,Undergraduate,Engineering - Manufacturing & Production,International Hellenic University,
Greece,Undergraduate,Engineering - Mechanical,Aristotle University of Thessa ...,#501-550 QS World University Rankings 2018
Greece,Undergraduate,Engineering - Mechanical,University of Patras,#701-750 QS World University Rankings 2018
Greece,Undergraduate,Engineering - Mechanical,International Hellenic University,
Greece,Undergraduate,Engineering Management,University of Patras,#701-750 QS World University Rankings 2018
Greece,Undergraduate,English Language and Literature,Aristotle University of Thessa ...,#501-550 QS World University Rankings 2018
Greece,Undergraduate,English Language and Literature,National and Kapodistrian Univ ...,#651-700 QS World University Rankings 2018
Greece,Undergraduate,English Language and Literature,Deree College - The American C ...,
Greece,Undergraduate,Environmental Studies,Aristotle University of Thessa ...,#501-550 QS World University Rankings 2018
Greece,Undergraduate,Environmental Studies,University of Patras,#701-750 QS World University Rankings 2018
Greece,Undergraduate,Environmental Studies,International Hellenic University,
Greece,Undergraduate,Ethnicity, Gender and Diversity,National and Kapodistrian Univ ...,#651-700 QS World University Rankings 2018
Greece,Undergraduate,Ethnicity, Gender and Diversity,University of Patras,#701-750 QS World University Rankings 2018
Greece,Undergraduate,Ethnicity, Gender and Diversity,University of Macedonia,
Greece,Undergraduate,Finance,Aristotle University of Thessa ...,#501-550 QS World University Rankings 2018
Greece,Undergraduate,Finance,University of Patras,#701-750 QS World University Rankings 2018
Greece,Undergraduate,Finance,Athens University of Economics ...,#801-1000 QS World University Rankings 2018
Greece,Undergraduate,Finance,University of Macedonia,
Greece,Undergraduate,Finance,International Hellenic University,
Greece,Undergraduate,Geography,Aristotle University of Thessa ...,#501-550 QS World University Rankings 2018
Greece,Undergraduate,Geography,National and Kapodistrian Univ ...,#651-700 QS World University Rankings 2018
Greece,Undergraduate,Geography,International Hellenic University,
Greece,Undergraduate,Hospitality & Leisure Management,University of Patras,#701-750 QS World University Rankings 2018
Greece,Undergraduate,Hospitality & Leisure Management,Deree College - The American C ...,
Greece,Undergraduate,Hospitality & Leisure Management,University of Macedonia,
Greece,Undergraduate,Hospitality & Leisure Management,International Hellenic University,
Greece,Undergraduate,Human Resources Management,University of Patras,#701-750 QS World University Rankings 2018
Greece,Undergraduate,Human Resources Management,Athens University of Economics ...,#801-1000 QS World University Rankings 2018
Greece,Undergraduate,Human Resources Management,University of Macedonia,
Greece,Undergraduate,Human Resources Management,ALBA Graduate Business School ...,
Greece,Undergraduate,International Relations/Studies/Affairs,National and Kapodistrian Univ ...,#651-700 QS World University Rankings 2018
Greece,Undergraduate,International Relations/Studies/Affairs,Athens University of Economics ...,#801-1000 QS World University Rankings 2018
Greece,Undergraduate,International Relations/Studies/Affairs,University of Macedonia,
Greece,Undergraduate,International Relations/Studies/Affairs,Deree College - The American C ...,
Greece,Undergraduate,International Relations/Studies/Affairs,International Hellenic University,
Greece,Undergraduate,Journalism,Aristotle University of Thessa ...,#501-550 QS World University Rankings 2018
Greece,Undergraduate,Journalism,National and Kapodistrian Univ ...,#651-700 QS World University Rankings 2018
Greece,Undergraduate,Law and Legal Studies,Aristotle University of Thessa ...,#501-550 QS World University Rankings 2018
Greece,Undergraduate,Law and Legal Studies,National and Kapodistrian Univ ...,#651-700 QS World University Rankings 2018
Greece,Undergraduate,Law and Legal Studies,ALBA Graduate Business School ...,
Greece,Undergraduate,Law and Legal Studies,International Hellenic University,
Greece,Undergraduate,Law and Legal Studies,University of Macedonia,
Greece,Undergraduate,Linguistics,Aristotle University of Thessa ...,#501-550 QS World University Rankings 2018
Greece,Undergraduate,Linguistics,National and Kapodistrian Univ ...,#651-700 QS World University Rankings 2018
Greece,Undergraduate,Linguistics,University of Patras,#701-750 QS World University Rankings 2018
Greece,Undergraduate,Logistics / Supply Chain Management,University of Patras,#701-750 QS World University Rankings 2018
Greece,Undergraduate,Logistics / Supply Chain Management,Athens University of Economics ...,#801-1000 QS World University Rankings 2018
Greece,Undergraduate,Logistics / Supply Chain Management,University of Macedonia,
Greece,Undergraduate,Marketing,Aristotle University of Thessa ...,#501-550 QS World University Rankings 2018
Greece,Undergraduate,Marketing,University of Patras,#701-750 QS World University Rankings 2018
Greece,Undergraduate,Marketing,Athens University of Economics ...,#801-1000 QS World University Rankings 2018
Greece,Undergraduate,Marketing,ALBA Graduate Business School ...,
Greece,Undergraduate,Marketing,University of Macedonia,
Greece,Undergraduate,Materials Sciences,University of Patras,#701-750 QS World University Rankings 2018
Greece,Undergraduate,Mathematics,Aristotle University of Thessa ...,#501-550 QS World University Rankings 2018
Greece,Undergraduate,Mathematics,National and Kapodistrian Univ ...,#651-700 QS World University Rankings 2018
Greece,Undergraduate,Mathematics,University of Patras,#701-750 QS World University Rankings 2018
Greece,Undergraduate,Mathematics,Athens University of Economics ...,#801-1000 QS World University Rankings 2018
Greece,Undergraduate,Medicine,Aristotle University of Thessa ...,#501-550 QS World University Rankings 2018
Greece,Undergraduate,Medicine,National and Kapodistrian Univ ...,#651-700 QS World University Rankings 2018
Greece,Undergraduate,Medicine,University of Patras,#701-750 QS World University Rankings 2018
Greece,Undergraduate,Medicine Related Studies,Aristotle University of Thessa ...,#501-550 QS World University Rankings 2018
Greece,Undergraduate,Medicine Related Studies,National and Kapodistrian Univ ...,#651-700 QS World University Rankings 2018
Greece,Undergraduate,Medicine Related Studies,University of Patras,#701-750 QS World University Rankings 2018
Greece,Undergraduate,Modern Languages,Aristotle University of Thessa ...,#501-550 QS World University Rankings 2018
Greece,Undergraduate,Modern Languages,National and Kapodistrian Univ ...,#651-700 QS World University Rankings 2018
Greece,Undergraduate,Modern Languages,University of Patras,#701-750 QS World University Rankings 2018
Greece,Undergraduate,Modern Languages,University of Macedonia,
Greece,Undergraduate,Nursing,National and Kapodistrian Univ ...,#651-700 QS World University Rankings 2018
Greece,Undergraduate,Performing Arts,Aristotle University of Thessa ...,#501-550 QS World University Rankings 2018
Greece,Undergraduate,Performing Arts,National and Kapodistrian Univ ...,#651-700 QS World University Rankings 2018
Greece,Undergraduate,Performing Arts,University of Patras,#701-750 QS World University Rankings 2018
Greece,Undergraduate,Pharmacology,Aristotle University of Thessa ...,#501-550 QS World University Rankings 2018
Greece,Undergraduate,Pharmacology,University of Patras,#701-750 QS World University Rankings 2018
Greece,Undergraduate,Philosophy,Aristotle University of Thessa ...,#501-550 QS World University Rankings 2018
Greece,Undergraduate,Philosophy,National and Kapodistrian Univ ...,#651-700 QS World University Rankings 2018
Greece,Undergraduate,Philosophy,University of Patras,#701-750 QS World University Rankings 2018
Greece,Undergraduate,Philosophy,Deree College - The American C ...,
Greece,Undergraduate,Physics & Astronomy,Aristotle University of Thessa ...,#501-550 QS World University Rankings 2018
Greece,Undergraduate,Physics & Astronomy,National and Kapodistrian Univ ...,#651-700 QS World University Rankings 2018
Greece,Undergraduate,Physics & Astronomy,University of Patras,#701-750 QS World University Rankings 2018
Greece,Undergraduate,Politics,Aristotle University of Thessa ...,#501-550 QS World University Rankings 2018
Greece,Undergraduate,Politics,National and Kapodistrian Univ ...,#651-700 QS World University Rankings 2018
Greece,Undergraduate,Politics,International Hellenic University,
Greece,Undergraduate,Politics,University of Macedonia,
Greece,Undergraduate,Psychology,Aristotle University of Thessa ...,#501-550 QS World University Rankings 2018
Greece,Undergraduate,Psychology,National and Kapodistrian Univ ...,#651-700 QS World University Rankings 2018
Greece,Undergraduate,Psychology,University of Patras,#701-750 QS World University Rankings 2018
Greece,Undergraduate,Psychology,Deree College - The American C ...,
Greece,Undergraduate,Psychology,University of Macedonia,
Greece,Undergraduate,Public Policy,Aristotle University of Thessa ...,#501-550 QS World University Rankings 2018
Greece,Undergraduate,Public Policy,National and Kapodistrian Univ ...,#651-700 QS World University Rankings 2018
Greece,Undergraduate,Public Policy,Athens University of Economics ...,#801-1000 QS World University Rankings 2018
Greece,Undergraduate,Public Policy,University of Macedonia,
Greece,Undergraduate,Sociology,Aristotle University of Thessa ...,#501-550 QS World University Rankings 2018
Greece,Undergraduate,Sociology,National and Kapodistrian Univ ...,#651-700 QS World University Rankings 2018
Greece,Undergraduate,Sociology,University of Patras,#701-750 QS World University Rankings 2018
Greece,Undergraduate,Sociology,Deree College - The American C ...,
Greece,Undergraduate,Sociology,University of Macedonia,
Greece,Undergraduate,Sports-related Courses,Aristotle University of Thessa ...,#501-550 QS World University Rankings 2018
Greece,Undergraduate,Sports-related Courses,National and Kapodistrian Univ ...,#651-700 QS World University Rankings 2018
Greece,Undergraduate,Sports-related Courses,University of Patras,#701-750 QS World University Rankings 2018
Greece,Undergraduate,Statistics and Operational Research,National and Kapodistrian Univ ...,#651-700 QS World University Rankings 2018
Greece,Undergraduate,Statistics and Operational Research,University of Patras,#701-750 QS World University Rankings 2018
Greece,Undergraduate,Statistics and Operational Research,Athens University of Economics ...,#801-1000 QS World University Rankings 2018
Greece,Undergraduate,Statistics and Operational Research,University of Macedonia,
Greece,Undergraduate,Theology, Divinity & Religious Studies,Aristotle University of Thessa ...,#501-550 QS World University Rankings 2018
Greece,Undergraduate,Theology, Divinity & Religious Studies,National and Kapodistrian Univ ...,#651-700 QS World University Rankings 2018
Greece,Undergraduate,Theology, Divinity & Religious Studies,University of Patras,#701-750 QS World University Rankings 2018
Greece,Undergraduate,Urban Planning,Aristotle University of Thessa ...,#501-550 QS World University Rankings 2018
Greece,Undergraduate,Urban Planning,University of Patras,#701-750 QS World University Rankings 2018
Greece,Undergraduate,Urban Planning,International Hellenic University,
Greece,Undergraduate,Veterinary Science,Aristotle University of Thessa ...,#501-550 QS World University Rankings 2018
Greece,Undergraduate,Zoology,Aristotle University of Thessa ...,#501-550 QS World University Rankings 2018
Greece,Undergraduate,Zoology,National and Kapodistrian Univ ...,#651-700 QS World University Rankings 2018
Greece,Undergraduate,Zoology,University of Patras,#701-750 QS World University Rankings 2018
Greece,Postgraduate,Accounting and Finance,Aristotle University of Thessa ...,#501-550 QS World University Rankings 2018
Greece,Postgraduate,Accounting and Finance,National and Kapodistrian Univ ...,#651-700 QS World University Rankings 2018
Greece,Postgraduate,Accounting and Finance,University of Patras,#701-750 QS World University Rankings 2018
Greece,Postgraduate,Accounting and Finance,Athens University of Economics ...,#801-1000 QS World University Rankings 2018
Greece,Postgraduate,Accounting and Finance,The School of Economics and Bu ...,
Greece,Postgraduate,Accounting and Finance,ALBA Graduate Business School ...,
Greece,Postgraduate,Accounting and Finance,International Hellenic University,
Greece,Postgraduate,Accounting and Finance,University of Macedonia,
Greece,Postgraduate,Accounting and Finance,Deree College - The American C ...,
Greece,Postgraduate,Agriculture & Forestry,Aristotle University of Thessa ...,#501-550 QS World University Rankings 2018
Greece,Postgraduate,Agriculture & Forestry,University of Patras,#701-750 QS World University Rankings 2018
Greece,Postgraduate,Anatomy & Physiology,Aristotle University of Thessa ...,#501-550 QS World University Rankings 2018
Greece,Postgraduate,Anatomy & Physiology,University of Patras,#701-750 QS World University Rankings 2018
Greece,Postgraduate,Anthropology,University of Macedonia,
Greece,Postgraduate,Archaeology,Aristotle University of Thessa ...,#501-550 QS World University Rankings 2018
Greece,Postgraduate,Archaeology,National and Kapodistrian Univ ...,#651-700 QS World University Rankings 2018
Greece,Postgraduate,Archaeology,University of Patras,#701-750 QS World University Rankings 2018
Greece,Postgraduate,Archaeology,The School of Economics and Bu ...,
Greece,Postgraduate,Archaeology,International Hellenic University,
Greece,Postgraduate,Archaeology,Deree College - The American C ...,
Greece,Postgraduate,Architecture,Aristotle University of Thessa ...,#501-550 QS World University Rankings 2018
Greece,Postgraduate,Architecture,University of Patras,#701-750 QS World University Rankings 2018
Greece,Postgraduate,Area Studies,University of Patras,#701-750 QS World University Rankings 2018
Greece,Postgraduate,Area Studies,International Hellenic University,
Greece,Postgraduate,Area Studies,The School of Economics and Bu ...,
Greece,Postgraduate,Art & Design,Aristotle University of Thessa ...,#501-550 QS World University Rankings 2018
Greece,Postgraduate,Art & Design,University of Patras,#701-750 QS World University Rankings 2018
Greece,Postgraduate,Art & Design,The School of Economics and Bu ...,
Greece,Postgraduate,Art & Design,International Hellenic University,
Greece,Postgraduate,Astronomy,Aristotle University of Thessa ...,#501-550 QS World University Rankings 2018
Greece,Postgraduate,Astronomy,National and Kapodistrian Univ ...,#651-700 QS World University Rankings 2018
Greece,Postgraduate,Astronomy,University of Patras,#701-750 QS World University Rankings 2018
Greece,Postgraduate,Biological Sciences,Aristotle University of Thessa ...,#501-550 QS World University Rankings 2018
Greece,Postgraduate,Biological Sciences,National and Kapodistrian Univ ...,#651-700 QS World University Rankings 2018
Greece,Postgraduate,Biological Sciences,University of Patras,#701-750 QS World University Rankings 2018
Greece,Postgraduate,Built Environment,Aristotle University of Thessa ...,#501-550 QS World University Rankings 2018
Greece,Postgraduate,Built Environment,University of Patras,#701-750 QS World University Rankings 2018
Greece,Postgraduate,Built Environment,International Hellenic University,
Greece,Postgraduate,Business & Management Studies,Aristotle University of Thessa ...,#501-550 QS World University Rankings 2018
Greece,Postgraduate,Business & Management Studies,National and Kapodistrian Univ ...,#651-700 QS World University Rankings 2018
Greece,Postgraduate,Business & Management Studies,University of Patras,#701-750 QS World University Rankings 2018
Greece,Postgraduate,Business & Management Studies,Athens University of Economics ...,#801-1000 QS World University Rankings 2018
Greece,Postgraduate,Business & Management Studies,The School of Economics and Bu ...,
Greece,Postgraduate,Business & Management Studies,ALBA Graduate Business School ...,
Greece,Postgraduate,Business & Management Studies,University of Macedonia,
Greece,Postgraduate,Business & Management Studies,Deree College - The American C ...,
Greece,Postgraduate,Business & Management Studies,International Hellenic University,
Greece,Postgraduate,Chemistry,Aristotle University of Thessa ...,#501-550 QS World University Rankings 2018
Greece,Postgraduate,Chemistry,National and Kapodistrian Univ ...,#651-700 QS World University Rankings 2018
Greece,Postgraduate,Chemistry,University of Patras,#701-750 QS World University Rankings 2018
Greece,Postgraduate,Classics & Ancient History,Aristotle University of Thessa ...,#501-550 QS World University Rankings 2018
Greece,Postgraduate,Classics & Ancient History,National and Kapodistrian Univ ...,#651-700 QS World University Rankings 2018
Greece,Postgraduate,Classics & Ancient History,University of Patras,#701-750 QS World University Rankings 2018
Greece,Postgraduate,Classics & Ancient History,International Hellenic University,
Greece,Postgraduate,Communication and Media Studies,Aristotle University of Thessa ...,#501-550 QS World University Rankings 2018
Greece,Postgraduate,Communication and Media Studies,National and Kapodistrian Univ ...,#651-700 QS World University Rankings 2018
Greece,Postgraduate,Communication and Media Studies,Athens University of Economics ...,#801-1000 QS World University Rankings 2018
Greece,Postgraduate,Communication and Media Studies,University of Macedonia,
Greece,Postgraduate,Communication and Media Studies,Deree College - The American C ...,
Greece,Postgraduate,Computer Science and Information Systems,Aristotle University of Thessa ...,#501-550 QS World University Rankings 2018
Greece,Postgraduate,Computer Science and Information Systems,National and Kapodistrian Univ ...,#651-700 QS World University Rankings 2018
Greece,Postgraduate,Computer Science and Information Systems,University of Patras,#701-750 QS World University Rankings 2018
Greece,Postgraduate,Computer Science and Information Systems,Athens University of Economics ...,#801-1000 QS World University Rankings 2018
Greece,Postgraduate,Computer Science and Information Systems,Deree College - The American C ...,
Greece,Postgraduate,Computer Science and Information Systems,The School of Economics and Bu ...,
Greece,Postgraduate,Computer Science and Information Systems,University of Macedonia,
Greece,Postgraduate,Computer Science and Information Systems,International Hellenic University,
Greece,Postgraduate,Dentistry,Aristotle University of Thessa ...,#501-550 QS World University Rankings 2018
Greece,Postgraduate,Dentistry,National and Kapodistrian Univ ...,#651-700 QS World University Rankings 2018
Greece,Postgraduate,Development Studies,University of Patras,#701-750 QS World University Rankings 2018
Greece,Postgraduate,Development Studies,University of Macedonia,
Greece,Postgraduate,Earth and Marine Sciences,Aristotle University of Thessa ...,#501-550 QS World University Rankings 2018
Greece,Postgraduate,Earth and Marine Sciences,National and Kapodistrian Univ ...,#651-700 QS World University Rankings 2018
Greece,Postgraduate,Earth and Marine Sciences,University of Patras,#701-750 QS World University Rankings 2018
Greece,Postgraduate,Earth and Marine Sciences,International Hellenic University,
Greece,Postgraduate,Economics and Econometrics,Aristotle University of Thessa ...,#501-550 QS World University Rankings 2018
Greece,Postgraduate,Economics and Econometrics,National and Kapodistrian Univ ...,#651-700 QS World University Rankings 2018
Greece,Postgraduate,Economics and Econometrics,University of Patras,#701-750 QS World University Rankings 2018
Greece,Postgraduate,Economics and Econometrics,Athens University of Economics ...,#801-1000 QS World University Rankings 2018
Greece,Postgraduate,Economics and Econometrics,International Hellenic University,
Greece,Postgraduate,Economics and Econometrics,The School of Economics and Bu ...,
Greece,Postgraduate,Economics and Econometrics,Deree College - The American C ...,
Greece,Postgraduate,Economics and Econometrics,University of Macedonia,
Greece,Postgraduate,Education and Training,Aristotle University of Thessa ...,#501-550 QS World University Rankings 2018
Greece,Postgraduate,Education and Training,National and Kapodistrian Univ ...,#651-700 QS World University Rankings 2018
Greece,Postgraduate,Education and Training,University of Patras,#701-750 QS World University Rankings 2018
Greece,Postgraduate,Education and Training,University of Macedonia,
Greece,Postgraduate,Engineering - Aeronautical,University of Patras,#701-750 QS World University Rankings 2018
Greece,Postgraduate,Engineering - Aeronautical,International Hellenic University,
Greece,Postgraduate,Engineering - Chemical,Aristotle University of Thessa ...,#501-550 QS World University Rankings 2018
Greece,Postgraduate,Engineering - Chemical,University of Patras,#701-750 QS World University Rankings 2018
Greece,Postgraduate,Engineering - Civil and Structural,Aristotle University of Thessa ...,#501-550 QS World University Rankings 2018
Greece,Postgraduate,Engineering - Civil and Structural,University of Patras,#701-750 QS World University Rankings 2018
Greece,Postgraduate,Engineering - Civil and Structural,International Hellenic University,
Greece,Postgraduate,Engineering - Electrical and Electronic,Aristotle University of Thessa ...,#501-550 QS World University Rankings 2018
Greece,Postgraduate,Engineering - Electrical and Electronic,University of Patras,#701-750 QS World University Rankings 2018
Greece,Postgraduate,Engineering - General,Aristotle University of Thessa ...,#501-550 QS World University Rankings 2018
Greece,Postgraduate,Engineering - General,University of Patras,#701-750 QS World University Rankings 2018
Greece,Postgraduate,Engineering - General,The School of Economics and Bu ...,
Greece,Postgraduate,Engineering - General,International Hellenic University,
Greece,Postgraduate,Engineering - Manufacturing & Production,Aristotle University of Thessa ...,#501-550 QS World University Rankings 2018
Greece,Postgraduate,Engineering - Manufacturing & Production,University of Patras,#701-750 QS World University Rankings 2018
Greece,Postgraduate,Engineering - Manufacturing & Production,Athens University of Economics ...,#801-1000 QS World University Rankings 2018
Greece,Postgraduate,Engineering - Manufacturing & Production,International Hellenic University,
Greece,Postgraduate,Engineering - Mechanical,Aristotle University of Thessa ...,#501-550 QS World University Rankings 2018
Greece,Postgraduate,Engineering - Mechanical,University of Patras,#701-750 QS World University Rankings 2018
Greece,Postgraduate,Engineering - Mechanical,International Hellenic University,
Greece,Postgraduate,Engineering Management,University of Patras,#701-750 QS World University Rankings 2018
Greece,Postgraduate,English Language and Literature,Aristotle University of Thessa ...,#501-550 QS World University Rankings 2018
Greece,Postgraduate,English Language and Literature,National and Kapodistrian Univ ...,#651-700 QS World University Rankings 2018
Greece,Postgraduate,English Language and Literature,Deree College - The American C ...,
Greece,Postgraduate,Environmental Studies,Aristotle University of Thessa ...,#501-550 QS World University Rankings 2018
Greece,Postgraduate,Environmental Studies,University of Patras,#701-750 QS World University Rankings 2018
Greece,Postgraduate,Environmental Studies,The School of Economics and Bu ...,
Greece,Postgraduate,Environmental Studies,International Hellenic University,
Greece,Postgraduate,Ethnicity, Gender and Diversity,National and Kapodistrian Univ ...,#651-700 QS World University Rankings 2018
Greece,Postgraduate,Ethnicity, Gender and Diversity,University of Patras,#701-750 QS World University Rankings 2018
Greece,Postgraduate,Ethnicity, Gender and Diversity,University of Macedonia,
Greece,Postgraduate,Finance,Aristotle University of Thessa ...,#501-550 QS World University Rankings 2018
Greece,Postgraduate,Finance,University of Patras,#701-750 QS World University Rankings 2018
Greece,Postgraduate,Finance,Athens University of Economics ...,#801-1000 QS World University Rankings 2018
Greece,Postgraduate,Finance,International Hellenic University,
Greece,Postgraduate,Finance,University of Macedonia,
Greece,Postgraduate,Geography,Aristotle University of Thessa ...,#501-550 QS World University Rankings 2018
Greece,Postgraduate,Geography,National and Kapodistrian Univ ...,#651-700 QS World University Rankings 2018
Greece,Postgraduate,Geography,International Hellenic University,
Greece,Postgraduate,Hospitality & Leisure Management,University of Patras,#701-750 QS World University Rankings 2018
Greece,Postgraduate,Hospitality & Leisure Management,International Hellenic University,
Greece,Postgraduate,Hospitality & Leisure Management,The School of Economics and Bu ...,
Greece,Postgraduate,Hospitality & Leisure Management,University of Macedonia,
Greece,Postgraduate,Hospitality & Leisure Management,Deree College - The American C ...,
Greece,Postgraduate,Human Resources Management,University of Patras,#701-750 QS World University Rankings 2018
Greece,Postgraduate,Human Resources Management,Athens University of Economics ...,#801-1000 QS World University Rankings 2018
Greece,Postgraduate,Human Resources Management,ALBA Graduate Business School ...,
Greece,Postgraduate,Human Resources Management,University of Macedonia,
Greece,Postgraduate,International Relations/Studies/Affairs,National and Kapodistrian Univ ...,#651-700 QS World University Rankings 2018
Greece,Postgraduate,International Relations/Studies/Affairs,Athens University of Economics ...,#801-1000 QS World University Rankings 2018
Greece,Postgraduate,International Relations/Studies/Affairs,University of Macedonia,
Greece,Postgraduate,International Relations/Studies/Affairs,International Hellenic University,
Greece,Postgraduate,International Relations/Studies/Affairs,Deree College - The American C ...,
Greece,Postgraduate,Journalism,Aristotle University of Thessa ...,#501-550 QS World University Rankings 2018
Greece,Postgraduate,Journalism,National and Kapodistrian Univ ...,#651-700 QS World University Rankings 2018
Greece,Postgraduate,Law and Legal Studies,Aristotle University of Thessa ...,#501-550 QS World University Rankings 2018
Greece,Postgraduate,Law and Legal Studies,National and Kapodistrian Univ ...,#651-700 QS World University Rankings 2018
Greece,Postgraduate,Law and Legal Studies,International Hellenic University,
Greece,Postgraduate,Law and Legal Studies,The School of Economics and Bu ...,
Greece,Postgraduate,Law and Legal Studies,ALBA Graduate Business School ...,
Greece,Postgraduate,Law and Legal Studies,University of Macedonia,
Greece,Postgraduate,Linguistics,Aristotle University of Thessa ...,#501-550 QS World University Rankings 2018
Greece,Postgraduate,Linguistics,National and Kapodistrian Univ ...,#651-700 QS World University Rankings 2018
Greece,Postgraduate,Linguistics,University of Patras,#701-750 QS World University Rankings 2018
Greece,Postgraduate,Logistics / Supply Chain Management,University of Patras,#701-750 QS World University Rankings 2018
Greece,Postgraduate,Logistics / Supply Chain Management,Athens University of Economics ...,#801-1000 QS World University Rankings 2018
Greece,Postgraduate,Logistics / Supply Chain Management,University of Macedonia,
Greece,Postgraduate,Marketing,Aristotle University of Thessa ...,#501-550 QS World University Rankings 2018
Greece,Postgraduate,Marketing,University of Patras,#701-750 QS World University Rankings 2018
Greece,Postgraduate,Marketing,Athens University of Economics ...,#801-1000 QS World University Rankings 2018
Greece,Postgraduate,Marketing,ALBA Graduate Business School ...,
Greece,Postgraduate,Marketing,University of Macedonia,
Greece,Postgraduate,Materials Sciences,University of Patras,#701-750 QS World University Rankings 2018
Greece,Postgraduate,Mathematics,Aristotle University of Thessa ...,#501-550 QS World University Rankings 2018
Greece,Postgraduate,Mathematics,National and Kapodistrian Univ ...,#651-700 QS World University Rankings 2018
Greece,Postgraduate,Mathematics,University of Patras,#701-750 QS World University Rankings 2018
Greece,Postgraduate,Mathematics,Athens University of Economics ...,#801-1000 QS World University Rankings 2018
Greece,Postgraduate,Medicine,Aristotle University of Thessa ...,#501-550 QS World University Rankings 2018
Greece,Postgraduate,Medicine,National and Kapodistrian Univ ...,#651-700 QS World University Rankings 2018
Greece,Postgraduate,Medicine,University of Patras,#701-750 QS World University Rankings 2018
Greece,Postgraduate,Medicine Related Studies,Aristotle University of Thessa ...,#501-550 QS World University Rankings 2018
Greece,Postgraduate,Medicine Related Studies,National and Kapodistrian Univ ...,#651-700 QS World University Rankings 2018
Greece,Postgraduate,Medicine Related Studies,University of Patras,#701-750 QS World University Rankings 2018
Greece,Postgraduate,Modern Languages,Aristotle University of Thessa ...,#501-550 QS World University Rankings 2018
Greece,Postgraduate,Modern Languages,National and Kapodistrian Univ ...,#651-700 QS World University Rankings 2018
Greece,Postgraduate,Modern Languages,University of Patras,#701-750 QS World University Rankings 2018
Greece,Postgraduate,Modern Languages,University of Macedonia,
Greece,Postgraduate,Nursing,National and Kapodistrian Univ ...,#651-700 QS World University Rankings 2018
Greece,Postgraduate,Performing Arts,Aristotle University of Thessa ...,#501-550 QS World University Rankings 2018
Greece,Postgraduate,Performing Arts,National and Kapodistrian Univ ...,#651-700 QS World University Rankings 2018
Greece,Postgraduate,Performing Arts,University of Patras,#701-750 QS World University Rankings 2018
Greece,Postgraduate,Pharmacology,Aristotle University of Thessa ...,#501-550 QS World University Rankings 2018
Greece,Postgraduate,Pharmacology,University of Patras,#701-750 QS World University Rankings 2018
Greece,Postgraduate,Philosophy,Aristotle University of Thessa ...,#501-550 QS World University Rankings 2018
Greece,Postgraduate,Philosophy,National and Kapodistrian Univ ...,#651-700 QS World University Rankings 2018
Greece,Postgraduate,Philosophy,University of Patras,#701-750 QS World University Rankings 2018
Greece,Postgraduate,Philosophy,Deree College - The American C ...,
Greece,Postgraduate,Physics & Astronomy,Aristotle University of Thessa ...,#501-550 QS World University Rankings 2018
Greece,Postgraduate,Physics & Astronomy,National and Kapodistrian Univ ...,#651-700 QS World University Rankings 2018
Greece,Postgraduate,Physics & Astronomy,University of Patras,#701-750 QS World University Rankings 2018
Greece,Postgraduate,Politics,Aristotle University of Thessa ...,#501-550 QS World University Rankings 2018
Greece,Postgraduate,Politics,National and Kapodistrian Univ ...,#651-700 QS World University Rankings 2018
Greece,Postgraduate,Politics,University of Macedonia,
Greece,Postgraduate,Politics,International Hellenic University,
Greece,Postgraduate,Psychology,Aristotle University of Thessa ...,#501-550 QS World University Rankings 2018
Greece,Postgraduate,Psychology,National and Kapodistrian Univ ...,#651-700 QS World University Rankings 2018
Greece,Postgraduate,Psychology,University of Patras,#701-750 QS World University Rankings 2018
Greece,Postgraduate,Psychology,University of Macedonia,
Greece,Postgraduate,Psychology,Deree College - The American C ...,
Greece,Postgraduate,Public Policy,Aristotle University of Thessa ...,#501-550 QS World University Rankings 2018
Greece,Postgraduate,Public Policy,National and Kapodistrian Univ ...,#651-700 QS World University Rankings 2018
Greece,Postgraduate,Public Policy,Athens University of Economics ...,#801-1000 QS World University Rankings 2018
Greece,Postgraduate,Public Policy,University of Macedonia,
Greece,Postgraduate,Sociology,Aristotle University of Thessa ...,#501-550 QS World University Rankings 2018
Greece,Postgraduate,Sociology,National and Kapodistrian Univ ...,#651-700 QS World University Rankings 2018
Greece,Postgraduate,Sociology,University of Patras,#701-750 QS World University Rankings 2018
Greece,Postgraduate,Sociology,University of Macedonia,
Greece,Postgraduate,Sociology,Deree College - The American C ...,
Greece,Postgraduate,Sports-related Courses,Aristotle University of Thessa ...,#501-550 QS World University Rankings 2018
Greece,Postgraduate,Sports-related Courses,National and Kapodistrian Univ ...,#651-700 QS World University Rankings 2018
Greece,Postgraduate,Sports-related Courses,University of Patras,#701-750 QS World University Rankings 2018
Greece,Postgraduate,Statistics and Operational Research,National and Kapodistrian Univ ...,#651-700 QS World University Rankings 2018
Greece,Postgraduate,Statistics and Operational Research,University of Patras,#701-750 QS World University Rankings 2018
Greece,Postgraduate,Statistics and Operational Research,Athens University of Economics ...,#801-1000 QS World University Rankings 2018
Greece,Postgraduate,Statistics and Operational Research,University of Macedonia,
Greece,Postgraduate,Theology, Divinity & Religious Studies,Aristotle University of Thessa ...,#501-550 QS World University Rankings 2018
Greece,Postgraduate,Theology, Divinity & Religious Studies,National and Kapodistrian Univ ...,#651-700 QS World University Rankings 2018
Greece,Postgraduate,Theology, Divinity & Religious Studies,University of Patras,#701-750 QS World University Rankings 2018
Greece,Postgraduate,Urban Planning,Aristotle University of Thessa ...,#501-550 QS World University Rankings 2018
Greece,Postgraduate,Urban Planning,University of Patras,#701-750 QS World University Rankings 2018
Greece,Postgraduate,Urban Planning,International Hellenic University,
Greece,Postgraduate,Veterinary Science,Aristotle University of Thessa ...,#501-550 QS World University Rankings 2018
Greece,Postgraduate,Zoology,Aristotle University of Thessa ...,#501-550 QS World University Rankings 2018
Greece,Postgraduate,Zoology,National and Kapodistrian Univ ...,#651-700 QS World University Rankings 2018
Greece,Postgraduate,Zoology,University of Patras,#701-750 QS World University Rankings 2018

