Country Name,Course Lavel,University Name,Course,Ranking
Denmark,Undergraduate,Accounting and Finance,Copenhagen Business School,#N/A QS World University Rankings® 2014/15
Denmark,Undergraduate,Accounting and Finance,Aarhus University,#119 QS World University Rankings 2018
Denmark,Undergraduate,Accounting and Finance,Aarhus University, School of B ...,
Denmark,Undergraduate,Agriculture & Forestry,Aarhus University,#119 QS World University Rankings 2018
Denmark,Undergraduate,Anatomy & Physiology,Aarhus University,#119 QS World University Rankings 2018
Denmark,Undergraduate,Anthropology,Aalborg University,
Denmark,Undergraduate,Anthropology,,
Denmark,Undergraduate,Anthropology,,
Denmark,Undergraduate,Anthropology,,
Denmark,Undergraduate,Anthropology,,
Denmark,Undergraduate,Anthropology,,
Denmark,Undergraduate,Anthropology,,
Denmark,Undergraduate,Anthropology,,
Denmark,Undergraduate,Anthropology,,
Denmark,Undergraduate,Anthropology,Aarhus University,#119 QS World University Rankings 2018
Denmark,Undergraduate,Archaeology,Aarhus University,#119 QS World University Rankings 2018
Denmark,Undergraduate,Architecture,Aalborg University,
Denmark,Undergraduate,Architecture,,
Denmark,Undergraduate,Architecture,,
Denmark,Undergraduate,Architecture,,
Denmark,Undergraduate,Architecture,,
Denmark,Undergraduate,Architecture,,
Denmark,Undergraduate,Architecture,,
Denmark,Undergraduate,Architecture,,
Denmark,Undergraduate,Architecture,,
Denmark,Undergraduate,Area Studies,Aalborg University,
Denmark,Undergraduate,Area Studies,,
Denmark,Undergraduate,Area Studies,,
Denmark,Undergraduate,Area Studies,,
Denmark,Undergraduate,Area Studies,,
Denmark,Undergraduate,Area Studies,,
Denmark,Undergraduate,Area Studies,,
Denmark,Undergraduate,Area Studies,,
Denmark,Undergraduate,Area Studies,,
Denmark,Undergraduate,Area Studies,Aarhus University,#119 QS World University Rankings 2018
Denmark,Undergraduate,Art & Design,Aalborg University,
Denmark,Undergraduate,Art & Design,,
Denmark,Undergraduate,Art & Design,,
Denmark,Undergraduate,Art & Design,,
Denmark,Undergraduate,Art & Design,,
Denmark,Undergraduate,Art & Design,,
Denmark,Undergraduate,Art & Design,,
Denmark,Undergraduate,Art & Design,,
Denmark,Undergraduate,Art & Design,,
Denmark,Undergraduate,Art & Design,Aarhus University,#119 QS World University Rankings 2018
Denmark,Undergraduate,Art & Design,Design School Kolding,
Denmark,Undergraduate,Astronomy,Technical University of Denmark,#=116 QS World University Rankings 2018
Denmark,Undergraduate,Astronomy,,
Denmark,Undergraduate,Astronomy,,
Denmark,Undergraduate,Astronomy,,
Denmark,Undergraduate,Astronomy,,
Denmark,Undergraduate,Astronomy,,
Denmark,Undergraduate,Astronomy,,
Denmark,Undergraduate,Astronomy,,
Denmark,Undergraduate,Astronomy,,
Denmark,Undergraduate,Astronomy,Aarhus University,#119 QS World University Rankings 2018
Denmark,Undergraduate,Biological Sciences,Aalborg University,
Denmark,Undergraduate,Biological Sciences,,
Denmark,Undergraduate,Biological Sciences,,
Denmark,Undergraduate,Biological Sciences,,
Denmark,Undergraduate,Biological Sciences,,
Denmark,Undergraduate,Biological Sciences,,
Denmark,Undergraduate,Biological Sciences,,
Denmark,Undergraduate,Biological Sciences,,
Denmark,Undergraduate,Biological Sciences,,
Denmark,Undergraduate,Biological Sciences,Technical University of Denmark,#=116 QS World University Rankings 2018
Denmark,Undergraduate,Biological Sciences,,
Denmark,Undergraduate,Biological Sciences,,
Denmark,Undergraduate,Biological Sciences,,
Denmark,Undergraduate,Biological Sciences,,
Denmark,Undergraduate,Biological Sciences,,
Denmark,Undergraduate,Biological Sciences,,
Denmark,Undergraduate,Biological Sciences,,
Denmark,Undergraduate,Biological Sciences,,
Denmark,Undergraduate,Biological Sciences,Aarhus University,#119 QS World University Rankings 2018
Denmark,Undergraduate,Built Environment,Aalborg University,
Denmark,Undergraduate,Built Environment,,
Denmark,Undergraduate,Built Environment,,
Denmark,Undergraduate,Built Environment,,
Denmark,Undergraduate,Built Environment,,
Denmark,Undergraduate,Built Environment,,
Denmark,Undergraduate,Built Environment,,
Denmark,Undergraduate,Built Environment,,
Denmark,Undergraduate,Built Environment,,
Denmark,Undergraduate,Built Environment,Aarhus University,#119 QS World University Rankings 2018
Denmark,Undergraduate,Business & Management Studies,Aalborg University,
Denmark,Undergraduate,Business & Management Studies,,
Denmark,Undergraduate,Business & Management Studies,,
Denmark,Undergraduate,Business & Management Studies,,
Denmark,Undergraduate,Business & Management Studies,,
Denmark,Undergraduate,Business & Management Studies,,
Denmark,Undergraduate,Business & Management Studies,,
Denmark,Undergraduate,Business & Management Studies,,
Denmark,Undergraduate,Business & Management Studies,,
Denmark,Undergraduate,Business & Management Studies,Copenhagen Business School,#N/A QS World University Rankings® 2014/15
Denmark,Undergraduate,Business & Management Studies,Aarhus University,#119 QS World University Rankings 2018
Denmark,Undergraduate,Business & Management Studies,Aarhus University, School of B ...,
Denmark,Undergraduate,Chemistry,Aalborg University,
Denmark,Undergraduate,Chemistry,,
Denmark,Undergraduate,Chemistry,,
Denmark,Undergraduate,Chemistry,,
Denmark,Undergraduate,Chemistry,,
Denmark,Undergraduate,Chemistry,,
Denmark,Undergraduate,Chemistry,,
Denmark,Undergraduate,Chemistry,,
Denmark,Undergraduate,Chemistry,,
Denmark,Undergraduate,Chemistry,Technical University of Denmark,#=116 QS World University Rankings 2018
Denmark,Undergraduate,Chemistry,,
Denmark,Undergraduate,Chemistry,,
Denmark,Undergraduate,Chemistry,,
Denmark,Undergraduate,Chemistry,,
Denmark,Undergraduate,Chemistry,,
Denmark,Undergraduate,Chemistry,,
Denmark,Undergraduate,Chemistry,,
Denmark,Undergraduate,Chemistry,,
Denmark,Undergraduate,Chemistry,Aarhus University,#119 QS World University Rankings 2018
Denmark,Undergraduate,Classics & Ancient History,Aarhus University,#119 QS World University Rankings 2018
Denmark,Undergraduate,Communication and Media Studies,Aalborg University,
Denmark,Undergraduate,Communication and Media Studies,,
Denmark,Undergraduate,Communication and Media Studies,,
Denmark,Undergraduate,Communication and Media Studies,,
Denmark,Undergraduate,Communication and Media Studies,,
Denmark,Undergraduate,Communication and Media Studies,,
Denmark,Undergraduate,Communication and Media Studies,,
Denmark,Undergraduate,Communication and Media Studies,,
Denmark,Undergraduate,Communication and Media Studies,,
Denmark,Undergraduate,Communication and Media Studies,Copenhagen Business School,#N/A QS World University Rankings® 2014/15
Denmark,Undergraduate,Communication and Media Studies,Aarhus University,#119 QS World University Rankings 2018
Denmark,Undergraduate,Communication and Media Studies,Aarhus University, School of B ...,
Denmark,Undergraduate,Computer Science and Information Systems,Technical University of Denmark,#=116 QS World University Rankings 2018
Denmark,Undergraduate,Computer Science and Information Systems,,
Denmark,Undergraduate,Computer Science and Information Systems,,
Denmark,Undergraduate,Computer Science and Information Systems,,
Denmark,Undergraduate,Computer Science and Information Systems,,
Denmark,Undergraduate,Computer Science and Information Systems,,
Denmark,Undergraduate,Computer Science and Information Systems,,
Denmark,Undergraduate,Computer Science and Information Systems,,
Denmark,Undergraduate,Computer Science and Information Systems,,
Denmark,Undergraduate,Computer Science and Information Systems,Aalborg University,
Denmark,Undergraduate,Computer Science and Information Systems,,
Denmark,Undergraduate,Computer Science and Information Systems,,
Denmark,Undergraduate,Computer Science and Information Systems,,
Denmark,Undergraduate,Computer Science and Information Systems,,
Denmark,Undergraduate,Computer Science and Information Systems,,
Denmark,Undergraduate,Computer Science and Information Systems,,
Denmark,Undergraduate,Computer Science and Information Systems,,
Denmark,Undergraduate,Computer Science and Information Systems,,
Denmark,Undergraduate,Computer Science and Information Systems,Aarhus University,#119 QS World University Rankings 2018
Denmark,Undergraduate,Dentistry,Aarhus University,#119 QS World University Rankings 2018
Denmark,Undergraduate,Development Studies,Aalborg University,
Denmark,Undergraduate,Development Studies,,
Denmark,Undergraduate,Development Studies,,
Denmark,Undergraduate,Development Studies,,
Denmark,Undergraduate,Development Studies,,
Denmark,Undergraduate,Development Studies,,
Denmark,Undergraduate,Development Studies,,
Denmark,Undergraduate,Development Studies,,
Denmark,Undergraduate,Development Studies,,
Denmark,Undergraduate,Development Studies,Copenhagen Business School,#N/A QS World University Rankings® 2014/15
Denmark,Undergraduate,Development Studies,Aarhus University,#119 QS World University Rankings 2018
Denmark,Undergraduate,Earth and Marine Sciences,Technical University of Denmark,#=116 QS World University Rankings 2018
Denmark,Undergraduate,Earth and Marine Sciences,,
Denmark,Undergraduate,Earth and Marine Sciences,,
Denmark,Undergraduate,Earth and Marine Sciences,,
Denmark,Undergraduate,Earth and Marine Sciences,,
Denmark,Undergraduate,Earth and Marine Sciences,,
Denmark,Undergraduate,Earth and Marine Sciences,,
Denmark,Undergraduate,Earth and Marine Sciences,,
Denmark,Undergraduate,Earth and Marine Sciences,,
Denmark,Undergraduate,Earth and Marine Sciences,Aarhus University,#119 QS World University Rankings 2018
Denmark,Undergraduate,Economics and Econometrics,Aalborg University,
Denmark,Undergraduate,Economics and Econometrics,,
Denmark,Undergraduate,Economics and Econometrics,,
Denmark,Undergraduate,Economics and Econometrics,,
Denmark,Undergraduate,Economics and Econometrics,,
Denmark,Undergraduate,Economics and Econometrics,,
Denmark,Undergraduate,Economics and Econometrics,,
Denmark,Undergraduate,Economics and Econometrics,,
Denmark,Undergraduate,Economics and Econometrics,,
Denmark,Undergraduate,Economics and Econometrics,Copenhagen Business School,#N/A QS World University Rankings® 2014/15
Denmark,Undergraduate,Economics and Econometrics,Aarhus University,#119 QS World University Rankings 2018
Denmark,Undergraduate,Economics and Econometrics,Aarhus University, School of B ...,
Denmark,Undergraduate,Education and Training,Aalborg University,
Denmark,Undergraduate,Education and Training,,
Denmark,Undergraduate,Education and Training,,
Denmark,Undergraduate,Education and Training,,
Denmark,Undergraduate,Education and Training,,
Denmark,Undergraduate,Education and Training,,
Denmark,Undergraduate,Education and Training,,
Denmark,Undergraduate,Education and Training,,
Denmark,Undergraduate,Education and Training,,
Denmark,Undergraduate,Education and Training,Copenhagen Business School,#N/A QS World University Rankings® 2014/15
Denmark,Undergraduate,Education and Training,Aarhus University,#119 QS World University Rankings 2018
Denmark,Undergraduate,Engineering - Aeronautical,Technical University of Denmark,#=116 QS World University Rankings 2018
Denmark,Undergraduate,Engineering - Aeronautical,,
Denmark,Undergraduate,Engineering - Aeronautical,,
Denmark,Undergraduate,Engineering - Aeronautical,,
Denmark,Undergraduate,Engineering - Aeronautical,,
Denmark,Undergraduate,Engineering - Aeronautical,,
Denmark,Undergraduate,Engineering - Aeronautical,,
Denmark,Undergraduate,Engineering - Aeronautical,,
Denmark,Undergraduate,Engineering - Aeronautical,,
Denmark,Undergraduate,Engineering - Aeronautical,Aarhus University,#119 QS World University Rankings 2018
Denmark,Undergraduate,Engineering - Chemical,Aalborg University,
Denmark,Undergraduate,Engineering - Chemical,,
Denmark,Undergraduate,Engineering - Chemical,,
Denmark,Undergraduate,Engineering - Chemical,,
Denmark,Undergraduate,Engineering - Chemical,,
Denmark,Undergraduate,Engineering - Chemical,,
Denmark,Undergraduate,Engineering - Chemical,,
Denmark,Undergraduate,Engineering - Chemical,,
Denmark,Undergraduate,Engineering - Chemical,,
Denmark,Undergraduate,Engineering - Chemical,Technical University of Denmark,#=116 QS World University Rankings 2018
Denmark,Undergraduate,Engineering - Chemical,,
Denmark,Undergraduate,Engineering - Chemical,,
Denmark,Undergraduate,Engineering - Chemical,,
Denmark,Undergraduate,Engineering - Chemical,,
Denmark,Undergraduate,Engineering - Chemical,,
Denmark,Undergraduate,Engineering - Chemical,,
Denmark,Undergraduate,Engineering - Chemical,,
Denmark,Undergraduate,Engineering - Chemical,,
Denmark,Undergraduate,Engineering - Chemical,Aarhus University,#119 QS World University Rankings 2018
Denmark,Undergraduate,Engineering - Civil and Structural,Technical University of Denmark,#=116 QS World University Rankings 2018
Denmark,Undergraduate,Engineering - Civil and Structural,,
Denmark,Undergraduate,Engineering - Civil and Structural,,
Denmark,Undergraduate,Engineering - Civil and Structural,,
Denmark,Undergraduate,Engineering - Civil and Structural,,
Denmark,Undergraduate,Engineering - Civil and Structural,,
Denmark,Undergraduate,Engineering - Civil and Structural,,
Denmark,Undergraduate,Engineering - Civil and Structural,,
Denmark,Undergraduate,Engineering - Civil and Structural,,
Denmark,Undergraduate,Engineering - Civil and Structural,Aalborg University,
Denmark,Undergraduate,Engineering - Civil and Structural,,
Denmark,Undergraduate,Engineering - Civil and Structural,,
Denmark,Undergraduate,Engineering - Civil and Structural,,
Denmark,Undergraduate,Engineering - Civil and Structural,,
Denmark,Undergraduate,Engineering - Civil and Structural,,
Denmark,Undergraduate,Engineering - Civil and Structural,,
Denmark,Undergraduate,Engineering - Civil and Structural,,
Denmark,Undergraduate,Engineering - Civil and Structural,,
Denmark,Undergraduate,Engineering - Civil and Structural,Aarhus University,#119 QS World University Rankings 2018
Denmark,Undergraduate,Engineering - Electrical and Electronic,Aalborg University,
Denmark,Undergraduate,Engineering - Electrical and Electronic,,
Denmark,Undergraduate,Engineering - Electrical and Electronic,,
Denmark,Undergraduate,Engineering - Electrical and Electronic,,
Denmark,Undergraduate,Engineering - Electrical and Electronic,,
Denmark,Undergraduate,Engineering - Electrical and Electronic,,
Denmark,Undergraduate,Engineering - Electrical and Electronic,,
Denmark,Undergraduate,Engineering - Electrical and Electronic,,
Denmark,Undergraduate,Engineering - Electrical and Electronic,,
Denmark,Undergraduate,Engineering - Electrical and Electronic,Technical University of Denmark,#=116 QS World University Rankings 2018
Denmark,Undergraduate,Engineering - Electrical and Electronic,,
Denmark,Undergraduate,Engineering - Electrical and Electronic,,
Denmark,Undergraduate,Engineering - Electrical and Electronic,,
Denmark,Undergraduate,Engineering - Electrical and Electronic,,
Denmark,Undergraduate,Engineering - Electrical and Electronic,,
Denmark,Undergraduate,Engineering - Electrical and Electronic,,
Denmark,Undergraduate,Engineering - Electrical and Electronic,,
Denmark,Undergraduate,Engineering - Electrical and Electronic,,
Denmark,Undergraduate,Engineering - Electrical and Electronic,Aarhus University,#119 QS World University Rankings 2018
Denmark,Undergraduate,Engineering - General,Technical University of Denmark,#=116 QS World University Rankings 2018
Denmark,Undergraduate,Engineering - General,,
Denmark,Undergraduate,Engineering - General,,
Denmark,Undergraduate,Engineering - General,,
Denmark,Undergraduate,Engineering - General,,
Denmark,Undergraduate,Engineering - General,,
Denmark,Undergraduate,Engineering - General,,
Denmark,Undergraduate,Engineering - General,,
Denmark,Undergraduate,Engineering - General,,
Denmark,Undergraduate,Engineering - General,Aalborg University,
Denmark,Undergraduate,Engineering - General,,
Denmark,Undergraduate,Engineering - General,,
Denmark,Undergraduate,Engineering - General,,
Denmark,Undergraduate,Engineering - General,,
Denmark,Undergraduate,Engineering - General,,
Denmark,Undergraduate,Engineering - General,,
Denmark,Undergraduate,Engineering - General,,
Denmark,Undergraduate,Engineering - General,,
Denmark,Undergraduate,Engineering - General,Aarhus University,#119 QS World University Rankings 2018
Denmark,Undergraduate,Engineering - Manufacturing & Production,Aalborg University,
Denmark,Undergraduate,Engineering - Manufacturing & Production,,
Denmark,Undergraduate,Engineering - Manufacturing & Production,,
Denmark,Undergraduate,Engineering - Manufacturing & Production,,
Denmark,Undergraduate,Engineering - Manufacturing & Production,,
Denmark,Undergraduate,Engineering - Manufacturing & Production,,
Denmark,Undergraduate,Engineering - Manufacturing & Production,,
Denmark,Undergraduate,Engineering - Manufacturing & Production,,
Denmark,Undergraduate,Engineering - Manufacturing & Production,,
Denmark,Undergraduate,Engineering - Manufacturing & Production,Technical University of Denmark,#=116 QS World University Rankings 2018
Denmark,Undergraduate,Engineering - Manufacturing & Production,,
Denmark,Undergraduate,Engineering - Manufacturing & Production,,
Denmark,Undergraduate,Engineering - Manufacturing & Production,,
Denmark,Undergraduate,Engineering - Manufacturing & Production,,
Denmark,Undergraduate,Engineering - Manufacturing & Production,,
Denmark,Undergraduate,Engineering - Manufacturing & Production,,
Denmark,Undergraduate,Engineering - Manufacturing & Production,,
Denmark,Undergraduate,Engineering - Manufacturing & Production,,
Denmark,Undergraduate,Engineering - Manufacturing & Production,Aarhus University,#119 QS World University Rankings 2018
Denmark,Undergraduate,Engineering - Mechanical,Aalborg University,
Denmark,Undergraduate,Engineering - Mechanical,,
Denmark,Undergraduate,Engineering - Mechanical,,
Denmark,Undergraduate,Engineering - Mechanical,,
Denmark,Undergraduate,Engineering - Mechanical,,
Denmark,Undergraduate,Engineering - Mechanical,,
Denmark,Undergraduate,Engineering - Mechanical,,
Denmark,Undergraduate,Engineering - Mechanical,,
Denmark,Undergraduate,Engineering - Mechanical,,
Denmark,Undergraduate,Engineering - Mechanical,Technical University of Denmark,#=116 QS World University Rankings 2018
Denmark,Undergraduate,Engineering - Mechanical,,
Denmark,Undergraduate,Engineering - Mechanical,,
Denmark,Undergraduate,Engineering - Mechanical,,
Denmark,Undergraduate,Engineering - Mechanical,,
Denmark,Undergraduate,Engineering - Mechanical,,
Denmark,Undergraduate,Engineering - Mechanical,,
Denmark,Undergraduate,Engineering - Mechanical,,
Denmark,Undergraduate,Engineering - Mechanical,,
Denmark,Undergraduate,Engineering - Mechanical,Aarhus University,#119 QS World University Rankings 2018
Denmark,Undergraduate,Engineering - Mineral & Mining,Technical University of Denmark,#=116 QS World University Rankings 2018
Denmark,Undergraduate,Engineering - Mineral & Mining,,
Denmark,Undergraduate,Engineering - Mineral & Mining,,
Denmark,Undergraduate,Engineering - Mineral & Mining,,
Denmark,Undergraduate,Engineering - Mineral & Mining,,
Denmark,Undergraduate,Engineering - Mineral & Mining,,
Denmark,Undergraduate,Engineering - Mineral & Mining,,
Denmark,Undergraduate,Engineering - Mineral & Mining,,
Denmark,Undergraduate,Engineering - Mineral & Mining,,
Denmark,Undergraduate,Engineering Management,Aalborg University,
Denmark,Undergraduate,Engineering Management,,
Denmark,Undergraduate,Engineering Management,,
Denmark,Undergraduate,Engineering Management,,
Denmark,Undergraduate,Engineering Management,,
Denmark,Undergraduate,Engineering Management,,
Denmark,Undergraduate,Engineering Management,,
Denmark,Undergraduate,Engineering Management,,
Denmark,Undergraduate,Engineering Management,,
Denmark,Undergraduate,Engineering Management,Technical University of Denmark,#=116 QS World University Rankings 2018
Denmark,Undergraduate,Engineering Management,,
Denmark,Undergraduate,Engineering Management,,
Denmark,Undergraduate,Engineering Management,,
Denmark,Undergraduate,Engineering Management,,
Denmark,Undergraduate,Engineering Management,,
Denmark,Undergraduate,Engineering Management,,
Denmark,Undergraduate,Engineering Management,,
Denmark,Undergraduate,Engineering Management,,
Denmark,Undergraduate,English Language and Literature,Aarhus University,#119 QS World University Rankings 2018
Denmark,Undergraduate,Environmental Studies,Technical University of Denmark,#=116 QS World University Rankings 2018
Denmark,Undergraduate,Environmental Studies,,
Denmark,Undergraduate,Environmental Studies,,
Denmark,Undergraduate,Environmental Studies,,
Denmark,Undergraduate,Environmental Studies,,
Denmark,Undergraduate,Environmental Studies,,
Denmark,Undergraduate,Environmental Studies,,
Denmark,Undergraduate,Environmental Studies,,
Denmark,Undergraduate,Environmental Studies,,
Denmark,Undergraduate,Environmental Studies,Aalborg University,
Denmark,Undergraduate,Environmental Studies,,
Denmark,Undergraduate,Environmental Studies,,
Denmark,Undergraduate,Environmental Studies,,
Denmark,Undergraduate,Environmental Studies,,
Denmark,Undergraduate,Environmental Studies,,
Denmark,Undergraduate,Environmental Studies,,
Denmark,Undergraduate,Environmental Studies,,
Denmark,Undergraduate,Environmental Studies,,
Denmark,Undergraduate,Environmental Studies,Aarhus University,#119 QS World University Rankings 2018
Denmark,Undergraduate,Ethnicity, Gender and Diversity,Aalborg University,
Denmark,Undergraduate,Ethnicity, Gender and Diversity,,
Denmark,Undergraduate,Ethnicity, Gender and Diversity,,
Denmark,Undergraduate,Ethnicity, Gender and Diversity,,
Denmark,Undergraduate,Ethnicity, Gender and Diversity,,
Denmark,Undergraduate,Ethnicity, Gender and Diversity,,
Denmark,Undergraduate,Ethnicity, Gender and Diversity,,
Denmark,Undergraduate,Ethnicity, Gender and Diversity,,
Denmark,Undergraduate,Ethnicity, Gender and Diversity,,
Denmark,Undergraduate,Ethnicity, Gender and Diversity,Aarhus University,#119 QS World University Rankings 2018
Denmark,Undergraduate,Finance,Aarhus University,#119 QS World University Rankings 2018
Denmark,Undergraduate,Geography,Aalborg University,
Denmark,Undergraduate,Geography,,
Denmark,Undergraduate,Geography,,
Denmark,Undergraduate,Geography,,
Denmark,Undergraduate,Geography,,
Denmark,Undergraduate,Geography,,
Denmark,Undergraduate,Geography,,
Denmark,Undergraduate,Geography,,
Denmark,Undergraduate,Geography,,
Denmark,Undergraduate,Geography,Aarhus University,#119 QS World University Rankings 2018
Denmark,Undergraduate,Hospitality & Leisure Management,Aalborg University,
Denmark,Undergraduate,Hospitality & Leisure Management,,
Denmark,Undergraduate,Hospitality & Leisure Management,,
Denmark,Undergraduate,Hospitality & Leisure Management,,
Denmark,Undergraduate,Hospitality & Leisure Management,,
Denmark,Undergraduate,Hospitality & Leisure Management,,
Denmark,Undergraduate,Hospitality & Leisure Management,,
Denmark,Undergraduate,Hospitality & Leisure Management,,
Denmark,Undergraduate,Hospitality & Leisure Management,,
Denmark,Undergraduate,Hospitality & Leisure Management,Copenhagen Business School,#N/A QS World University Rankings® 2014/15
Denmark,Undergraduate,Human Resources Management,Aalborg University,
Denmark,Undergraduate,Human Resources Management,,
Denmark,Undergraduate,Human Resources Management,,
Denmark,Undergraduate,Human Resources Management,,
Denmark,Undergraduate,Human Resources Management,,
Denmark,Undergraduate,Human Resources Management,,
Denmark,Undergraduate,Human Resources Management,,
Denmark,Undergraduate,Human Resources Management,,
Denmark,Undergraduate,Human Resources Management,,
Denmark,Undergraduate,Human Resources Management,Copenhagen Business School,#N/A QS World University Rankings® 2014/15
Denmark,Undergraduate,International Relations/Studies/Affairs,Aalborg University,
Denmark,Undergraduate,International Relations/Studies/Affairs,,
Denmark,Undergraduate,International Relations/Studies/Affairs,,
Denmark,Undergraduate,International Relations/Studies/Affairs,,
Denmark,Undergraduate,International Relations/Studies/Affairs,,
Denmark,Undergraduate,International Relations/Studies/Affairs,,
Denmark,Undergraduate,International Relations/Studies/Affairs,,
Denmark,Undergraduate,International Relations/Studies/Affairs,,
Denmark,Undergraduate,International Relations/Studies/Affairs,,
Denmark,Undergraduate,International Relations/Studies/Affairs,Copenhagen Business School,#N/A QS World University Rankings® 2014/15
Denmark,Undergraduate,International Relations/Studies/Affairs,Aarhus University,#119 QS World University Rankings 2018
Denmark,Undergraduate,Journalism,Aarhus University,#119 QS World University Rankings 2018
Denmark,Undergraduate,Law and Legal Studies,Aalborg University,
Denmark,Undergraduate,Law and Legal Studies,,
Denmark,Undergraduate,Law and Legal Studies,,
Denmark,Undergraduate,Law and Legal Studies,,
Denmark,Undergraduate,Law and Legal Studies,,
Denmark,Undergraduate,Law and Legal Studies,,
Denmark,Undergraduate,Law and Legal Studies,,
Denmark,Undergraduate,Law and Legal Studies,,
Denmark,Undergraduate,Law and Legal Studies,,
Denmark,Undergraduate,Law and Legal Studies,Copenhagen Business School,#N/A QS World University Rankings® 2014/15
Denmark,Undergraduate,Law and Legal Studies,Aarhus University,#119 QS World University Rankings 2018
Denmark,Undergraduate,Linguistics,Aalborg University,
Denmark,Undergraduate,Linguistics,,
Denmark,Undergraduate,Linguistics,,
Denmark,Undergraduate,Linguistics,,
Denmark,Undergraduate,Linguistics,,
Denmark,Undergraduate,Linguistics,,
Denmark,Undergraduate,Linguistics,,
Denmark,Undergraduate,Linguistics,,
Denmark,Undergraduate,Linguistics,,
Denmark,Undergraduate,Linguistics,Aarhus University,#119 QS World University Rankings 2018
Denmark,Undergraduate,Logistics / Supply Chain Management,Aalborg University,
Denmark,Undergraduate,Logistics / Supply Chain Management,,
Denmark,Undergraduate,Logistics / Supply Chain Management,,
Denmark,Undergraduate,Logistics / Supply Chain Management,,
Denmark,Undergraduate,Logistics / Supply Chain Management,,
Denmark,Undergraduate,Logistics / Supply Chain Management,,
Denmark,Undergraduate,Logistics / Supply Chain Management,,
Denmark,Undergraduate,Logistics / Supply Chain Management,,
Denmark,Undergraduate,Logistics / Supply Chain Management,,
Denmark,Undergraduate,Logistics / Supply Chain Management,Copenhagen Business School,#N/A QS World University Rankings® 2014/15
Denmark,Undergraduate,Logistics / Supply Chain Management,Aarhus University,#119 QS World University Rankings 2018
Denmark,Undergraduate,Logistics / Supply Chain Management,Aarhus University, School of B ...,
Denmark,Undergraduate,Marketing,Aalborg University,
Denmark,Undergraduate,Marketing,,
Denmark,Undergraduate,Marketing,,
Denmark,Undergraduate,Marketing,,
Denmark,Undergraduate,Marketing,,
Denmark,Undergraduate,Marketing,,
Denmark,Undergraduate,Marketing,,
Denmark,Undergraduate,Marketing,,
Denmark,Undergraduate,Marketing,,
Denmark,Undergraduate,Marketing,Copenhagen Business School,#N/A QS World University Rankings® 2014/15
Denmark,Undergraduate,Marketing,Aarhus University,#119 QS World University Rankings 2018
Denmark,Undergraduate,Marketing,Aarhus University, School of B ...,
Denmark,Undergraduate,Materials Sciences,Technical University of Denmark,#=116 QS World University Rankings 2018
Denmark,Undergraduate,Materials Sciences,,
Denmark,Undergraduate,Materials Sciences,,
Denmark,Undergraduate,Materials Sciences,,
Denmark,Undergraduate,Materials Sciences,,
Denmark,Undergraduate,Materials Sciences,,
Denmark,Undergraduate,Materials Sciences,,
Denmark,Undergraduate,Materials Sciences,,
Denmark,Undergraduate,Materials Sciences,,
Denmark,Undergraduate,Materials Sciences,Aalborg University,
Denmark,Undergraduate,Materials Sciences,,
Denmark,Undergraduate,Materials Sciences,,
Denmark,Undergraduate,Materials Sciences,,
Denmark,Undergraduate,Materials Sciences,,
Denmark,Undergraduate,Materials Sciences,,
Denmark,Undergraduate,Materials Sciences,,
Denmark,Undergraduate,Materials Sciences,,
Denmark,Undergraduate,Materials Sciences,,
Denmark,Undergraduate,Materials Sciences,Aarhus University,#119 QS World University Rankings 2018
Denmark,Undergraduate,Mathematics,Technical University of Denmark,#=116 QS World University Rankings 2018
Denmark,Undergraduate,Mathematics,,
Denmark,Undergraduate,Mathematics,,
Denmark,Undergraduate,Mathematics,,
Denmark,Undergraduate,Mathematics,,
Denmark,Undergraduate,Mathematics,,
Denmark,Undergraduate,Mathematics,,
Denmark,Undergraduate,Mathematics,,
Denmark,Undergraduate,Mathematics,,
Denmark,Undergraduate,Mathematics,Aalborg University,
Denmark,Undergraduate,Mathematics,,
Denmark,Undergraduate,Mathematics,,
Denmark,Undergraduate,Mathematics,,
Denmark,Undergraduate,Mathematics,,
Denmark,Undergraduate,Mathematics,,
Denmark,Undergraduate,Mathematics,,
Denmark,Undergraduate,Mathematics,,
Denmark,Undergraduate,Mathematics,,
Denmark,Undergraduate,Mathematics,Aarhus University,#119 QS World University Rankings 2018
Denmark,Undergraduate,Medicine,Aalborg University,
Denmark,Undergraduate,Medicine,,
Denmark,Undergraduate,Medicine,,
Denmark,Undergraduate,Medicine,,
Denmark,Undergraduate,Medicine,,
Denmark,Undergraduate,Medicine,,
Denmark,Undergraduate,Medicine,,
Denmark,Undergraduate,Medicine,,
Denmark,Undergraduate,Medicine,,
Denmark,Undergraduate,Medicine,Aarhus University,#119 QS World University Rankings 2018
Denmark,Undergraduate,Medicine Related Studies,Aalborg University,
Denmark,Undergraduate,Medicine Related Studies,,
Denmark,Undergraduate,Medicine Related Studies,,
Denmark,Undergraduate,Medicine Related Studies,,
Denmark,Undergraduate,Medicine Related Studies,,
Denmark,Undergraduate,Medicine Related Studies,,
Denmark,Undergraduate,Medicine Related Studies,,
Denmark,Undergraduate,Medicine Related Studies,,
Denmark,Undergraduate,Medicine Related Studies,,
Denmark,Undergraduate,Medicine Related Studies,Technical University of Denmark,#=116 QS World University Rankings 2018
Denmark,Undergraduate,Medicine Related Studies,,
Denmark,Undergraduate,Medicine Related Studies,,
Denmark,Undergraduate,Medicine Related Studies,,
Denmark,Undergraduate,Medicine Related Studies,,
Denmark,Undergraduate,Medicine Related Studies,,
Denmark,Undergraduate,Medicine Related Studies,,
Denmark,Undergraduate,Medicine Related Studies,,
Denmark,Undergraduate,Medicine Related Studies,,
Denmark,Undergraduate,Medicine Related Studies,Aarhus University,#119 QS World University Rankings 2018
Denmark,Undergraduate,Modern Languages,Aalborg University,
Denmark,Undergraduate,Modern Languages,,
Denmark,Undergraduate,Modern Languages,,
Denmark,Undergraduate,Modern Languages,,
Denmark,Undergraduate,Modern Languages,,
Denmark,Undergraduate,Modern Languages,,
Denmark,Undergraduate,Modern Languages,,
Denmark,Undergraduate,Modern Languages,,
Denmark,Undergraduate,Modern Languages,,
Denmark,Undergraduate,Modern Languages,Aarhus University,#119 QS World University Rankings 2018
Denmark,Undergraduate,Performing Arts,Aarhus University,#119 QS World University Rankings 2018
Denmark,Undergraduate,Pharmacology,Aalborg University,
Denmark,Undergraduate,Pharmacology,,
Denmark,Undergraduate,Pharmacology,,
Denmark,Undergraduate,Pharmacology,,
Denmark,Undergraduate,Pharmacology,,
Denmark,Undergraduate,Pharmacology,,
Denmark,Undergraduate,Pharmacology,,
Denmark,Undergraduate,Pharmacology,,
Denmark,Undergraduate,Pharmacology,,
Denmark,Undergraduate,Philosophy,Aarhus University,#119 QS World University Rankings 2018
Denmark,Undergraduate,Physics & Astronomy,Technical University of Denmark,#=116 QS World University Rankings 2018
Denmark,Undergraduate,Physics & Astronomy,,
Denmark,Undergraduate,Physics & Astronomy,,
Denmark,Undergraduate,Physics & Astronomy,,
Denmark,Undergraduate,Physics & Astronomy,,
Denmark,Undergraduate,Physics & Astronomy,,
Denmark,Undergraduate,Physics & Astronomy,,
Denmark,Undergraduate,Physics & Astronomy,,
Denmark,Undergraduate,Physics & Astronomy,,
Denmark,Undergraduate,Physics & Astronomy,Aalborg University,
Denmark,Undergraduate,Physics & Astronomy,,
Denmark,Undergraduate,Physics & Astronomy,,
Denmark,Undergraduate,Physics & Astronomy,,
Denmark,Undergraduate,Physics & Astronomy,,
Denmark,Undergraduate,Physics & Astronomy,,
Denmark,Undergraduate,Physics & Astronomy,,
Denmark,Undergraduate,Physics & Astronomy,,
Denmark,Undergraduate,Physics & Astronomy,,
Denmark,Undergraduate,Physics & Astronomy,Aarhus University,#119 QS World University Rankings 2018
Denmark,Undergraduate,Politics,Aalborg University,
Denmark,Undergraduate,Politics,,
Denmark,Undergraduate,Politics,,
Denmark,Undergraduate,Politics,,
Denmark,Undergraduate,Politics,,
Denmark,Undergraduate,Politics,,
Denmark,Undergraduate,Politics,,
Denmark,Undergraduate,Politics,,
Denmark,Undergraduate,Politics,,
Denmark,Undergraduate,Politics,Copenhagen Business School,#N/A QS World University Rankings® 2014/15
Denmark,Undergraduate,Politics,Aarhus University,#119 QS World University Rankings 2018
Denmark,Undergraduate,Psychology,Aarhus University,#119 QS World University Rankings 2018
Denmark,Undergraduate,Public Policy,Aalborg University,
Denmark,Undergraduate,Public Policy,,
Denmark,Undergraduate,Public Policy,,
Denmark,Undergraduate,Public Policy,,
Denmark,Undergraduate,Public Policy,,
Denmark,Undergraduate,Public Policy,,
Denmark,Undergraduate,Public Policy,,
Denmark,Undergraduate,Public Policy,,
Denmark,Undergraduate,Public Policy,,
Denmark,Undergraduate,Public Policy,Copenhagen Business School,#N/A QS World University Rankings® 2014/15
Denmark,Undergraduate,Public Policy,Aarhus University,#119 QS World University Rankings 2018
Denmark,Undergraduate,Sociology,Aalborg University,
Denmark,Undergraduate,Sociology,,
Denmark,Undergraduate,Sociology,,
Denmark,Undergraduate,Sociology,,
Denmark,Undergraduate,Sociology,,
Denmark,Undergraduate,Sociology,,
Denmark,Undergraduate,Sociology,,
Denmark,Undergraduate,Sociology,,
Denmark,Undergraduate,Sociology,,
Denmark,Undergraduate,Sociology,Copenhagen Business School,#N/A QS World University Rankings® 2014/15
Denmark,Undergraduate,Sociology,Aarhus University,#119 QS World University Rankings 2018
Denmark,Undergraduate,Sports-related Courses,Aalborg University,
Denmark,Undergraduate,Sports-related Courses,,
Denmark,Undergraduate,Sports-related Courses,,
Denmark,Undergraduate,Sports-related Courses,,
Denmark,Undergraduate,Sports-related Courses,,
Denmark,Undergraduate,Sports-related Courses,,
Denmark,Undergraduate,Sports-related Courses,,
Denmark,Undergraduate,Sports-related Courses,,
Denmark,Undergraduate,Sports-related Courses,,
Denmark,Undergraduate,Sports-related Courses,Aarhus University,#119 QS World University Rankings 2018
Denmark,Undergraduate,Statistics and Operational Research,Aalborg University,
Denmark,Undergraduate,Statistics and Operational Research,,
Denmark,Undergraduate,Statistics and Operational Research,,
Denmark,Undergraduate,Statistics and Operational Research,,
Denmark,Undergraduate,Statistics and Operational Research,,
Denmark,Undergraduate,Statistics and Operational Research,,
Denmark,Undergraduate,Statistics and Operational Research,,
Denmark,Undergraduate,Statistics and Operational Research,,
Denmark,Undergraduate,Statistics and Operational Research,,
Denmark,Undergraduate,Statistics and Operational Research,Copenhagen Business School,#N/A QS World University Rankings® 2014/15
Denmark,Undergraduate,Statistics and Operational Research,Aarhus University,#119 QS World University Rankings 2018
Denmark,Undergraduate,Theology, Divinity & Religious Studies,Aarhus University,#119 QS World University Rankings 2018
Denmark,Undergraduate,Urban Planning,Aalborg University,
Denmark,Undergraduate,Urban Planning,,
Denmark,Undergraduate,Urban Planning,,
Denmark,Undergraduate,Urban Planning,,
Denmark,Undergraduate,Urban Planning,,
Denmark,Undergraduate,Urban Planning,,
Denmark,Undergraduate,Urban Planning,,
Denmark,Undergraduate,Urban Planning,,
Denmark,Undergraduate,Urban Planning,,
Denmark,Undergraduate,Zoology,Aarhus University,#119 QS World University Rankings 2018
Denmark,Postgraduate,Accounting and Finance,Copenhagen Business School,#N/A QS World University Rankings® 2014/15
Denmark,Postgraduate,Accounting and Finance,Aarhus University,#119 QS World University Rankings 2018
Denmark,Postgraduate,Accounting and Finance,Aarhus University, School of B ...,
Denmark,Postgraduate,Agriculture & Forestry,Aarhus University,#119 QS World University Rankings 2018
Denmark,Postgraduate,Anatomy & Physiology,Aarhus University,#119 QS World University Rankings 2018
Denmark,Postgraduate,Anthropology,Aalborg University,
Denmark,Postgraduate,Anthropology,,
Denmark,Postgraduate,Anthropology,,
Denmark,Postgraduate,Anthropology,,
Denmark,Postgraduate,Anthropology,,
Denmark,Postgraduate,Anthropology,,
Denmark,Postgraduate,Anthropology,,
Denmark,Postgraduate,Anthropology,,
Denmark,Postgraduate,Anthropology,,
Denmark,Postgraduate,Anthropology,Aarhus University,#119 QS World University Rankings 2018
Denmark,Postgraduate,Archaeology,Aarhus University,#119 QS World University Rankings 2018
Denmark,Postgraduate,Architecture,Aalborg University,
Denmark,Postgraduate,Architecture,,
Denmark,Postgraduate,Architecture,,
Denmark,Postgraduate,Architecture,,
Denmark,Postgraduate,Architecture,,
Denmark,Postgraduate,Architecture,,
Denmark,Postgraduate,Architecture,,
Denmark,Postgraduate,Architecture,,
Denmark,Postgraduate,Architecture,,
Denmark,Postgraduate,Area Studies,Aalborg University,
Denmark,Postgraduate,Area Studies,,
Denmark,Postgraduate,Area Studies,,
Denmark,Postgraduate,Area Studies,,
Denmark,Postgraduate,Area Studies,,
Denmark,Postgraduate,Area Studies,,
Denmark,Postgraduate,Area Studies,,
Denmark,Postgraduate,Area Studies,,
Denmark,Postgraduate,Area Studies,,
Denmark,Postgraduate,Area Studies,Aarhus University,#119 QS World University Rankings 2018
Denmark,Postgraduate,Art & Design,Aalborg University,
Denmark,Postgraduate,Art & Design,,
Denmark,Postgraduate,Art & Design,,
Denmark,Postgraduate,Art & Design,,
Denmark,Postgraduate,Art & Design,,
Denmark,Postgraduate,Art & Design,,
Denmark,Postgraduate,Art & Design,,
Denmark,Postgraduate,Art & Design,,
Denmark,Postgraduate,Art & Design,,
Denmark,Postgraduate,Art & Design,Aarhus University,#119 QS World University Rankings 2018
Denmark,Postgraduate,Art & Design,Design School Kolding,
Denmark,Postgraduate,Astronomy,Technical University of Denmark,#=116 QS World University Rankings 2018
Denmark,Postgraduate,Astronomy,,
Denmark,Postgraduate,Astronomy,,
Denmark,Postgraduate,Astronomy,,
Denmark,Postgraduate,Astronomy,,
Denmark,Postgraduate,Astronomy,,
Denmark,Postgraduate,Astronomy,,
Denmark,Postgraduate,Astronomy,,
Denmark,Postgraduate,Astronomy,,
Denmark,Postgraduate,Astronomy,Aarhus University,#119 QS World University Rankings 2018
Denmark,Postgraduate,Biological Sciences,Technical University of Denmark,#=116 QS World University Rankings 2018
Denmark,Postgraduate,Biological Sciences,,
Denmark,Postgraduate,Biological Sciences,,
Denmark,Postgraduate,Biological Sciences,,
Denmark,Postgraduate,Biological Sciences,,
Denmark,Postgraduate,Biological Sciences,,
Denmark,Postgraduate,Biological Sciences,,
Denmark,Postgraduate,Biological Sciences,,
Denmark,Postgraduate,Biological Sciences,,
Denmark,Postgraduate,Biological Sciences,Aalborg University,
Denmark,Postgraduate,Biological Sciences,,
Denmark,Postgraduate,Biological Sciences,,
Denmark,Postgraduate,Biological Sciences,,
Denmark,Postgraduate,Biological Sciences,,
Denmark,Postgraduate,Biological Sciences,,
Denmark,Postgraduate,Biological Sciences,,
Denmark,Postgraduate,Biological Sciences,,
Denmark,Postgraduate,Biological Sciences,,
Denmark,Postgraduate,Biological Sciences,Aarhus University,#119 QS World University Rankings 2018
Denmark,Postgraduate,Built Environment,Aalborg University,
Denmark,Postgraduate,Built Environment,,
Denmark,Postgraduate,Built Environment,,
Denmark,Postgraduate,Built Environment,,
Denmark,Postgraduate,Built Environment,,
Denmark,Postgraduate,Built Environment,,
Denmark,Postgraduate,Built Environment,,
Denmark,Postgraduate,Built Environment,,
Denmark,Postgraduate,Built Environment,,
Denmark,Postgraduate,Built Environment,Aarhus University,#119 QS World University Rankings 2018
Denmark,Postgraduate,Business & Management Studies,Aalborg University,
Denmark,Postgraduate,Business & Management Studies,,
Denmark,Postgraduate,Business & Management Studies,,
Denmark,Postgraduate,Business & Management Studies,,
Denmark,Postgraduate,Business & Management Studies,,
Denmark,Postgraduate,Business & Management Studies,,
Denmark,Postgraduate,Business & Management Studies,,
Denmark,Postgraduate,Business & Management Studies,,
Denmark,Postgraduate,Business & Management Studies,,
Denmark,Postgraduate,Business & Management Studies,Copenhagen Business School,#N/A QS World University Rankings® 2014/15
Denmark,Postgraduate,Business & Management Studies,Aarhus University,#119 QS World University Rankings 2018
Denmark,Postgraduate,Business & Management Studies,Aarhus University, School of B ...,
Denmark,Postgraduate,Chemistry,Technical University of Denmark,#=116 QS World University Rankings 2018
Denmark,Postgraduate,Chemistry,,
Denmark,Postgraduate,Chemistry,,
Denmark,Postgraduate,Chemistry,,
Denmark,Postgraduate,Chemistry,,
Denmark,Postgraduate,Chemistry,,
Denmark,Postgraduate,Chemistry,,
Denmark,Postgraduate,Chemistry,,
Denmark,Postgraduate,Chemistry,,
Denmark,Postgraduate,Chemistry,Aalborg University,
Denmark,Postgraduate,Chemistry,,
Denmark,Postgraduate,Chemistry,,
Denmark,Postgraduate,Chemistry,,
Denmark,Postgraduate,Chemistry,,
Denmark,Postgraduate,Chemistry,,
Denmark,Postgraduate,Chemistry,,
Denmark,Postgraduate,Chemistry,,
Denmark,Postgraduate,Chemistry,,
Denmark,Postgraduate,Chemistry,Aarhus University,#119 QS World University Rankings 2018
Denmark,Postgraduate,Classics & Ancient History,Aarhus University,#119 QS World University Rankings 2018
Denmark,Postgraduate,Communication and Media Studies,Aalborg University,
Denmark,Postgraduate,Communication and Media Studies,,
Denmark,Postgraduate,Communication and Media Studies,,
Denmark,Postgraduate,Communication and Media Studies,,
Denmark,Postgraduate,Communication and Media Studies,,
Denmark,Postgraduate,Communication and Media Studies,,
Denmark,Postgraduate,Communication and Media Studies,,
Denmark,Postgraduate,Communication and Media Studies,,
Denmark,Postgraduate,Communication and Media Studies,,
Denmark,Postgraduate,Communication and Media Studies,Copenhagen Business School,#N/A QS World University Rankings® 2014/15
Denmark,Postgraduate,Communication and Media Studies,Aarhus University,#119 QS World University Rankings 2018
Denmark,Postgraduate,Communication and Media Studies,Aarhus University, School of B ...,
Denmark,Postgraduate,Computer Science and Information Systems,Aalborg University,
Denmark,Postgraduate,Computer Science and Information Systems,,
Denmark,Postgraduate,Computer Science and Information Systems,,
Denmark,Postgraduate,Computer Science and Information Systems,,
Denmark,Postgraduate,Computer Science and Information Systems,,
Denmark,Postgraduate,Computer Science and Information Systems,,
Denmark,Postgraduate,Computer Science and Information Systems,,
Denmark,Postgraduate,Computer Science and Information Systems,,
Denmark,Postgraduate,Computer Science and Information Systems,,
Denmark,Postgraduate,Computer Science and Information Systems,Technical University of Denmark,#=116 QS World University Rankings 2018
Denmark,Postgraduate,Computer Science and Information Systems,,
Denmark,Postgraduate,Computer Science and Information Systems,,
Denmark,Postgraduate,Computer Science and Information Systems,,
Denmark,Postgraduate,Computer Science and Information Systems,,
Denmark,Postgraduate,Computer Science and Information Systems,,
Denmark,Postgraduate,Computer Science and Information Systems,,
Denmark,Postgraduate,Computer Science and Information Systems,,
Denmark,Postgraduate,Computer Science and Information Systems,,
Denmark,Postgraduate,Computer Science and Information Systems,Aarhus University,#119 QS World University Rankings 2018
Denmark,Postgraduate,Dentistry,Aarhus University,#119 QS World University Rankings 2018
Denmark,Postgraduate,Development Studies,Aalborg University,
Denmark,Postgraduate,Development Studies,,
Denmark,Postgraduate,Development Studies,,
Denmark,Postgraduate,Development Studies,,
Denmark,Postgraduate,Development Studies,,
Denmark,Postgraduate,Development Studies,,
Denmark,Postgraduate,Development Studies,,
Denmark,Postgraduate,Development Studies,,
Denmark,Postgraduate,Development Studies,,
Denmark,Postgraduate,Development Studies,Copenhagen Business School,#N/A QS World University Rankings® 2014/15
Denmark,Postgraduate,Development Studies,Aarhus University,#119 QS World University Rankings 2018
Denmark,Postgraduate,Earth and Marine Sciences,Technical University of Denmark,#=116 QS World University Rankings 2018
Denmark,Postgraduate,Earth and Marine Sciences,,
Denmark,Postgraduate,Earth and Marine Sciences,,
Denmark,Postgraduate,Earth and Marine Sciences,,
Denmark,Postgraduate,Earth and Marine Sciences,,
Denmark,Postgraduate,Earth and Marine Sciences,,
Denmark,Postgraduate,Earth and Marine Sciences,,
Denmark,Postgraduate,Earth and Marine Sciences,,
Denmark,Postgraduate,Earth and Marine Sciences,,
Denmark,Postgraduate,Earth and Marine Sciences,Aarhus University,#119 QS World University Rankings 2018
Denmark,Postgraduate,Economics and Econometrics,Aalborg University,
Denmark,Postgraduate,Economics and Econometrics,,
Denmark,Postgraduate,Economics and Econometrics,,
Denmark,Postgraduate,Economics and Econometrics,,
Denmark,Postgraduate,Economics and Econometrics,,
Denmark,Postgraduate,Economics and Econometrics,,
Denmark,Postgraduate,Economics and Econometrics,,
Denmark,Postgraduate,Economics and Econometrics,,
Denmark,Postgraduate,Economics and Econometrics,,
Denmark,Postgraduate,Economics and Econometrics,Copenhagen Business School,#N/A QS World University Rankings® 2014/15
Denmark,Postgraduate,Economics and Econometrics,Aarhus University,#119 QS World University Rankings 2018
Denmark,Postgraduate,Economics and Econometrics,Aarhus University, School of B ...,
Denmark,Postgraduate,Education and Training,Aalborg University,
Denmark,Postgraduate,Education and Training,,
Denmark,Postgraduate,Education and Training,,
Denmark,Postgraduate,Education and Training,,
Denmark,Postgraduate,Education and Training,,
Denmark,Postgraduate,Education and Training,,
Denmark,Postgraduate,Education and Training,,
Denmark,Postgraduate,Education and Training,,
Denmark,Postgraduate,Education and Training,,
Denmark,Postgraduate,Education and Training,Copenhagen Business School,#N/A QS World University Rankings® 2014/15
Denmark,Postgraduate,Education and Training,Aarhus University,#119 QS World University Rankings 2018
Denmark,Postgraduate,Engineering - Aeronautical,Technical University of Denmark,#=116 QS World University Rankings 2018
Denmark,Postgraduate,Engineering - Aeronautical,,
Denmark,Postgraduate,Engineering - Aeronautical,,
Denmark,Postgraduate,Engineering - Aeronautical,,
Denmark,Postgraduate,Engineering - Aeronautical,,
Denmark,Postgraduate,Engineering - Aeronautical,,
Denmark,Postgraduate,Engineering - Aeronautical,,
Denmark,Postgraduate,Engineering - Aeronautical,,
Denmark,Postgraduate,Engineering - Aeronautical,,
Denmark,Postgraduate,Engineering - Aeronautical,Aarhus University,#119 QS World University Rankings 2018
Denmark,Postgraduate,Engineering - Chemical,Aalborg University,
Denmark,Postgraduate,Engineering - Chemical,,
Denmark,Postgraduate,Engineering - Chemical,,
Denmark,Postgraduate,Engineering - Chemical,,
Denmark,Postgraduate,Engineering - Chemical,,
Denmark,Postgraduate,Engineering - Chemical,,
Denmark,Postgraduate,Engineering - Chemical,,
Denmark,Postgraduate,Engineering - Chemical,,
Denmark,Postgraduate,Engineering - Chemical,,
Denmark,Postgraduate,Engineering - Chemical,Technical University of Denmark,#=116 QS World University Rankings 2018
Denmark,Postgraduate,Engineering - Chemical,,
Denmark,Postgraduate,Engineering - Chemical,,
Denmark,Postgraduate,Engineering - Chemical,,
Denmark,Postgraduate,Engineering - Chemical,,
Denmark,Postgraduate,Engineering - Chemical,,
Denmark,Postgraduate,Engineering - Chemical,,
Denmark,Postgraduate,Engineering - Chemical,,
Denmark,Postgraduate,Engineering - Chemical,,
Denmark,Postgraduate,Engineering - Chemical,Aarhus University,#119 QS World University Rankings 2018
Denmark,Postgraduate,Engineering - Civil and Structural,Technical University of Denmark,#=116 QS World University Rankings 2018
Denmark,Postgraduate,Engineering - Civil and Structural,,
Denmark,Postgraduate,Engineering - Civil and Structural,,
Denmark,Postgraduate,Engineering - Civil and Structural,,
Denmark,Postgraduate,Engineering - Civil and Structural,,
Denmark,Postgraduate,Engineering - Civil and Structural,,
Denmark,Postgraduate,Engineering - Civil and Structural,,
Denmark,Postgraduate,Engineering - Civil and Structural,,
Denmark,Postgraduate,Engineering - Civil and Structural,,
Denmark,Postgraduate,Engineering - Civil and Structural,Aalborg University,
Denmark,Postgraduate,Engineering - Civil and Structural,,
Denmark,Postgraduate,Engineering - Civil and Structural,,
Denmark,Postgraduate,Engineering - Civil and Structural,,
Denmark,Postgraduate,Engineering - Civil and Structural,,
Denmark,Postgraduate,Engineering - Civil and Structural,,
Denmark,Postgraduate,Engineering - Civil and Structural,,
Denmark,Postgraduate,Engineering - Civil and Structural,,
Denmark,Postgraduate,Engineering - Civil and Structural,,
Denmark,Postgraduate,Engineering - Civil and Structural,Aarhus University,#119 QS World University Rankings 2018
Denmark,Postgraduate,Engineering - Electrical and Electronic,Aalborg University,
Denmark,Postgraduate,Engineering - Electrical and Electronic,,
Denmark,Postgraduate,Engineering - Electrical and Electronic,,
Denmark,Postgraduate,Engineering - Electrical and Electronic,,
Denmark,Postgraduate,Engineering - Electrical and Electronic,,
Denmark,Postgraduate,Engineering - Electrical and Electronic,,
Denmark,Postgraduate,Engineering - Electrical and Electronic,,
Denmark,Postgraduate,Engineering - Electrical and Electronic,,
Denmark,Postgraduate,Engineering - Electrical and Electronic,,
Denmark,Postgraduate,Engineering - Electrical and Electronic,Technical University of Denmark,#=116 QS World University Rankings 2018
Denmark,Postgraduate,Engineering - Electrical and Electronic,,
Denmark,Postgraduate,Engineering - Electrical and Electronic,,
Denmark,Postgraduate,Engineering - Electrical and Electronic,,
Denmark,Postgraduate,Engineering - Electrical and Electronic,,
Denmark,Postgraduate,Engineering - Electrical and Electronic,,
Denmark,Postgraduate,Engineering - Electrical and Electronic,,
Denmark,Postgraduate,Engineering - Electrical and Electronic,,
Denmark,Postgraduate,Engineering - Electrical and Electronic,,
Denmark,Postgraduate,Engineering - Electrical and Electronic,Aarhus University,#119 QS World University Rankings 2018
Denmark,Postgraduate,Engineering - General,Technical University of Denmark,#=116 QS World University Rankings 2018
Denmark,Postgraduate,Engineering - General,,
Denmark,Postgraduate,Engineering - General,,
Denmark,Postgraduate,Engineering - General,,
Denmark,Postgraduate,Engineering - General,,
Denmark,Postgraduate,Engineering - General,,
Denmark,Postgraduate,Engineering - General,,
Denmark,Postgraduate,Engineering - General,,
Denmark,Postgraduate,Engineering - General,,
Denmark,Postgraduate,Engineering - General,Aalborg University,
Denmark,Postgraduate,Engineering - General,,
Denmark,Postgraduate,Engineering - General,,
Denmark,Postgraduate,Engineering - General,,
Denmark,Postgraduate,Engineering - General,,
Denmark,Postgraduate,Engineering - General,,
Denmark,Postgraduate,Engineering - General,,
Denmark,Postgraduate,Engineering - General,,
Denmark,Postgraduate,Engineering - General,,
Denmark,Postgraduate,Engineering - General,Aarhus University,#119 QS World University Rankings 2018
Denmark,Postgraduate,Engineering - Manufacturing & Production,Technical University of Denmark,#=116 QS World University Rankings 2018
Denmark,Postgraduate,Engineering - Manufacturing & Production,,
Denmark,Postgraduate,Engineering - Manufacturing & Production,,
Denmark,Postgraduate,Engineering - Manufacturing & Production,,
Denmark,Postgraduate,Engineering - Manufacturing & Production,,
Denmark,Postgraduate,Engineering - Manufacturing & Production,,
Denmark,Postgraduate,Engineering - Manufacturing & Production,,
Denmark,Postgraduate,Engineering - Manufacturing & Production,,
Denmark,Postgraduate,Engineering - Manufacturing & Production,,
Denmark,Postgraduate,Engineering - Manufacturing & Production,Aalborg University,
Denmark,Postgraduate,Engineering - Manufacturing & Production,,
Denmark,Postgraduate,Engineering - Manufacturing & Production,,
Denmark,Postgraduate,Engineering - Manufacturing & Production,,
Denmark,Postgraduate,Engineering - Manufacturing & Production,,
Denmark,Postgraduate,Engineering - Manufacturing & Production,,
Denmark,Postgraduate,Engineering - Manufacturing & Production,,
Denmark,Postgraduate,Engineering - Manufacturing & Production,,
Denmark,Postgraduate,Engineering - Manufacturing & Production,,
Denmark,Postgraduate,Engineering - Manufacturing & Production,Aarhus University,#119 QS World University Rankings 2018
Denmark,Postgraduate,Engineering - Mechanical,Technical University of Denmark,#=116 QS World University Rankings 2018
Denmark,Postgraduate,Engineering - Mechanical,,
Denmark,Postgraduate,Engineering - Mechanical,,
Denmark,Postgraduate,Engineering - Mechanical,,
Denmark,Postgraduate,Engineering - Mechanical,,
Denmark,Postgraduate,Engineering - Mechanical,,
Denmark,Postgraduate,Engineering - Mechanical,,
Denmark,Postgraduate,Engineering - Mechanical,,
Denmark,Postgraduate,Engineering - Mechanical,,
Denmark,Postgraduate,Engineering - Mechanical,Aalborg University,
Denmark,Postgraduate,Engineering - Mechanical,,
Denmark,Postgraduate,Engineering - Mechanical,,
Denmark,Postgraduate,Engineering - Mechanical,,
Denmark,Postgraduate,Engineering - Mechanical,,
Denmark,Postgraduate,Engineering - Mechanical,,
Denmark,Postgraduate,Engineering - Mechanical,,
Denmark,Postgraduate,Engineering - Mechanical,,
Denmark,Postgraduate,Engineering - Mechanical,,
Denmark,Postgraduate,Engineering - Mechanical,Aarhus University,#119 QS World University Rankings 2018
Denmark,Postgraduate,Engineering - Mineral & Mining,Technical University of Denmark,#=116 QS World University Rankings 2018
Denmark,Postgraduate,Engineering - Mineral & Mining,,
Denmark,Postgraduate,Engineering - Mineral & Mining,,
Denmark,Postgraduate,Engineering - Mineral & Mining,,
Denmark,Postgraduate,Engineering - Mineral & Mining,,
Denmark,Postgraduate,Engineering - Mineral & Mining,,
Denmark,Postgraduate,Engineering - Mineral & Mining,,
Denmark,Postgraduate,Engineering - Mineral & Mining,,
Denmark,Postgraduate,Engineering - Mineral & Mining,,
Denmark,Postgraduate,Engineering Management,Technical University of Denmark,#=116 QS World University Rankings 2018
Denmark,Postgraduate,Engineering Management,,
Denmark,Postgraduate,Engineering Management,,
Denmark,Postgraduate,Engineering Management,,
Denmark,Postgraduate,Engineering Management,,
Denmark,Postgraduate,Engineering Management,,
Denmark,Postgraduate,Engineering Management,,
Denmark,Postgraduate,Engineering Management,,
Denmark,Postgraduate,Engineering Management,,
Denmark,Postgraduate,Engineering Management,Aalborg University,
Denmark,Postgraduate,Engineering Management,,
Denmark,Postgraduate,Engineering Management,,
Denmark,Postgraduate,Engineering Management,,
Denmark,Postgraduate,Engineering Management,,
Denmark,Postgraduate,Engineering Management,,
Denmark,Postgraduate,Engineering Management,,
Denmark,Postgraduate,Engineering Management,,
Denmark,Postgraduate,Engineering Management,,
Denmark,Postgraduate,English Language and Literature,Aarhus University,#119 QS World University Rankings 2018
Denmark,Postgraduate,Environmental Studies,Aalborg University,
Denmark,Postgraduate,Environmental Studies,,
Denmark,Postgraduate,Environmental Studies,,
Denmark,Postgraduate,Environmental Studies,,
Denmark,Postgraduate,Environmental Studies,,
Denmark,Postgraduate,Environmental Studies,,
Denmark,Postgraduate,Environmental Studies,,
Denmark,Postgraduate,Environmental Studies,,
Denmark,Postgraduate,Environmental Studies,,
Denmark,Postgraduate,Environmental Studies,Technical University of Denmark,#=116 QS World University Rankings 2018
Denmark,Postgraduate,Environmental Studies,,
Denmark,Postgraduate,Environmental Studies,,
Denmark,Postgraduate,Environmental Studies,,
Denmark,Postgraduate,Environmental Studies,,
Denmark,Postgraduate,Environmental Studies,,
Denmark,Postgraduate,Environmental Studies,,
Denmark,Postgraduate,Environmental Studies,,
Denmark,Postgraduate,Environmental Studies,,
Denmark,Postgraduate,Environmental Studies,Aarhus University,#119 QS World University Rankings 2018
Denmark,Postgraduate,Ethnicity, Gender and Diversity,Aalborg University,
Denmark,Postgraduate,Ethnicity, Gender and Diversity,,
Denmark,Postgraduate,Ethnicity, Gender and Diversity,,
Denmark,Postgraduate,Ethnicity, Gender and Diversity,,
Denmark,Postgraduate,Ethnicity, Gender and Diversity,,
Denmark,Postgraduate,Ethnicity, Gender and Diversity,,
Denmark,Postgraduate,Ethnicity, Gender and Diversity,,
Denmark,Postgraduate,Ethnicity, Gender and Diversity,,
Denmark,Postgraduate,Ethnicity, Gender and Diversity,,
Denmark,Postgraduate,Ethnicity, Gender and Diversity,Aarhus University,#119 QS World University Rankings 2018
Denmark,Postgraduate,Finance,Aarhus University,#119 QS World University Rankings 2018
Denmark,Postgraduate,Geography,Aalborg University,
Denmark,Postgraduate,Geography,,
Denmark,Postgraduate,Geography,,
Denmark,Postgraduate,Geography,,
Denmark,Postgraduate,Geography,,
Denmark,Postgraduate,Geography,,
Denmark,Postgraduate,Geography,,
Denmark,Postgraduate,Geography,,
Denmark,Postgraduate,Geography,,
Denmark,Postgraduate,Geography,Aarhus University,#119 QS World University Rankings 2018
Denmark,Postgraduate,Hospitality & Leisure Management,Aalborg University,
Denmark,Postgraduate,Hospitality & Leisure Management,,
Denmark,Postgraduate,Hospitality & Leisure Management,,
Denmark,Postgraduate,Hospitality & Leisure Management,,
Denmark,Postgraduate,Hospitality & Leisure Management,,
Denmark,Postgraduate,Hospitality & Leisure Management,,
Denmark,Postgraduate,Hospitality & Leisure Management,,
Denmark,Postgraduate,Hospitality & Leisure Management,,
Denmark,Postgraduate,Hospitality & Leisure Management,,
Denmark,Postgraduate,Hospitality & Leisure Management,Copenhagen Business School,#N/A QS World University Rankings® 2014/15
Denmark,Postgraduate,Human Resources Management,Aalborg University,
Denmark,Postgraduate,Human Resources Management,,
Denmark,Postgraduate,Human Resources Management,,
Denmark,Postgraduate,Human Resources Management,,
Denmark,Postgraduate,Human Resources Management,,
Denmark,Postgraduate,Human Resources Management,,
Denmark,Postgraduate,Human Resources Management,,
Denmark,Postgraduate,Human Resources Management,,
Denmark,Postgraduate,Human Resources Management,,
Denmark,Postgraduate,Human Resources Management,Copenhagen Business School,#N/A QS World University Rankings® 2014/15
Denmark,Postgraduate,International Relations/Studies/Affairs,Aalborg University,
Denmark,Postgraduate,International Relations/Studies/Affairs,,
Denmark,Postgraduate,International Relations/Studies/Affairs,,
Denmark,Postgraduate,International Relations/Studies/Affairs,,
Denmark,Postgraduate,International Relations/Studies/Affairs,,
Denmark,Postgraduate,International Relations/Studies/Affairs,,
Denmark,Postgraduate,International Relations/Studies/Affairs,,
Denmark,Postgraduate,International Relations/Studies/Affairs,,
Denmark,Postgraduate,International Relations/Studies/Affairs,,
Denmark,Postgraduate,International Relations/Studies/Affairs,Copenhagen Business School,#N/A QS World University Rankings® 2014/15
Denmark,Postgraduate,International Relations/Studies/Affairs,Aarhus University,#119 QS World University Rankings 2018
Denmark,Postgraduate,Journalism,Aarhus University,#119 QS World University Rankings 2018
Denmark,Postgraduate,Law and Legal Studies,Aalborg University,
Denmark,Postgraduate,Law and Legal Studies,,
Denmark,Postgraduate,Law and Legal Studies,,
Denmark,Postgraduate,Law and Legal Studies,,
Denmark,Postgraduate,Law and Legal Studies,,
Denmark,Postgraduate,Law and Legal Studies,,
Denmark,Postgraduate,Law and Legal Studies,,
Denmark,Postgraduate,Law and Legal Studies,,
Denmark,Postgraduate,Law and Legal Studies,,
Denmark,Postgraduate,Law and Legal Studies,Copenhagen Business School,#N/A QS World University Rankings® 2014/15
Denmark,Postgraduate,Law and Legal Studies,Aarhus University,#119 QS World University Rankings 2018
Denmark,Postgraduate,Linguistics,Aalborg University,
Denmark,Postgraduate,Linguistics,,
Denmark,Postgraduate,Linguistics,,
Denmark,Postgraduate,Linguistics,,
Denmark,Postgraduate,Linguistics,,
Denmark,Postgraduate,Linguistics,,
Denmark,Postgraduate,Linguistics,,
Denmark,Postgraduate,Linguistics,,
Denmark,Postgraduate,Linguistics,,
Denmark,Postgraduate,Linguistics,Aarhus University,#119 QS World University Rankings 2018
Denmark,Postgraduate,Logistics / Supply Chain Management,Aalborg University,
Denmark,Postgraduate,Logistics / Supply Chain Management,,
Denmark,Postgraduate,Logistics / Supply Chain Management,,
Denmark,Postgraduate,Logistics / Supply Chain Management,,
Denmark,Postgraduate,Logistics / Supply Chain Management,,
Denmark,Postgraduate,Logistics / Supply Chain Management,,
Denmark,Postgraduate,Logistics / Supply Chain Management,,
Denmark,Postgraduate,Logistics / Supply Chain Management,,
Denmark,Postgraduate,Logistics / Supply Chain Management,,
Denmark,Postgraduate,Logistics / Supply Chain Management,Copenhagen Business School,#N/A QS World University Rankings® 2014/15
Denmark,Postgraduate,Logistics / Supply Chain Management,Aarhus University,#119 QS World University Rankings 2018
Denmark,Postgraduate,Logistics / Supply Chain Management,Aarhus University, School of B ...,
Denmark,Postgraduate,Marketing,Aalborg University,
Denmark,Postgraduate,Marketing,,
Denmark,Postgraduate,Marketing,,
Denmark,Postgraduate,Marketing,,
Denmark,Postgraduate,Marketing,,
Denmark,Postgraduate,Marketing,,
Denmark,Postgraduate,Marketing,,
Denmark,Postgraduate,Marketing,,
Denmark,Postgraduate,Marketing,,
Denmark,Postgraduate,Marketing,Copenhagen Business School,#N/A QS World University Rankings® 2014/15
Denmark,Postgraduate,Marketing,Aarhus University,#119 QS World University Rankings 2018
Denmark,Postgraduate,Marketing,Aarhus University, School of B ...,
Denmark,Postgraduate,Materials Sciences,Aalborg University,
Denmark,Postgraduate,Materials Sciences,,
Denmark,Postgraduate,Materials Sciences,,
Denmark,Postgraduate,Materials Sciences,,
Denmark,Postgraduate,Materials Sciences,,
Denmark,Postgraduate,Materials Sciences,,
Denmark,Postgraduate,Materials Sciences,,
Denmark,Postgraduate,Materials Sciences,,
Denmark,Postgraduate,Materials Sciences,,
Denmark,Postgraduate,Materials Sciences,Technical University of Denmark,#=116 QS World University Rankings 2018
Denmark,Postgraduate,Materials Sciences,,
Denmark,Postgraduate,Materials Sciences,,
Denmark,Postgraduate,Materials Sciences,,
Denmark,Postgraduate,Materials Sciences,,
Denmark,Postgraduate,Materials Sciences,,
Denmark,Postgraduate,Materials Sciences,,
Denmark,Postgraduate,Materials Sciences,,
Denmark,Postgraduate,Materials Sciences,,
Denmark,Postgraduate,Materials Sciences,Aarhus University,#119 QS World University Rankings 2018
Denmark,Postgraduate,Mathematics,Technical University of Denmark,#=116 QS World University Rankings 2018
Denmark,Postgraduate,Mathematics,,
Denmark,Postgraduate,Mathematics,,
Denmark,Postgraduate,Mathematics,,
Denmark,Postgraduate,Mathematics,,
Denmark,Postgraduate,Mathematics,,
Denmark,Postgraduate,Mathematics,,
Denmark,Postgraduate,Mathematics,,
Denmark,Postgraduate,Mathematics,,
Denmark,Postgraduate,Mathematics,Aalborg University,
Denmark,Postgraduate,Mathematics,,
Denmark,Postgraduate,Mathematics,,
Denmark,Postgraduate,Mathematics,,
Denmark,Postgraduate,Mathematics,,
Denmark,Postgraduate,Mathematics,,
Denmark,Postgraduate,Mathematics,,
Denmark,Postgraduate,Mathematics,,
Denmark,Postgraduate,Mathematics,,
Denmark,Postgraduate,Mathematics,Aarhus University,#119 QS World University Rankings 2018
Denmark,Postgraduate,Medicine,Aalborg University,
Denmark,Postgraduate,Medicine,,
Denmark,Postgraduate,Medicine,,
Denmark,Postgraduate,Medicine,,
Denmark,Postgraduate,Medicine,,
Denmark,Postgraduate,Medicine,,
Denmark,Postgraduate,Medicine,,
Denmark,Postgraduate,Medicine,,
Denmark,Postgraduate,Medicine,,
Denmark,Postgraduate,Medicine,Aarhus University,#119 QS World University Rankings 2018
Denmark,Postgraduate,Medicine Related Studies,Technical University of Denmark,#=116 QS World University Rankings 2018
Denmark,Postgraduate,Medicine Related Studies,,
Denmark,Postgraduate,Medicine Related Studies,,
Denmark,Postgraduate,Medicine Related Studies,,
Denmark,Postgraduate,Medicine Related Studies,,
Denmark,Postgraduate,Medicine Related Studies,,
Denmark,Postgraduate,Medicine Related Studies,,
Denmark,Postgraduate,Medicine Related Studies,,
Denmark,Postgraduate,Medicine Related Studies,,
Denmark,Postgraduate,Medicine Related Studies,Aalborg University,
Denmark,Postgraduate,Medicine Related Studies,,
Denmark,Postgraduate,Medicine Related Studies,,
Denmark,Postgraduate,Medicine Related Studies,,
Denmark,Postgraduate,Medicine Related Studies,,
Denmark,Postgraduate,Medicine Related Studies,,
Denmark,Postgraduate,Medicine Related Studies,,
Denmark,Postgraduate,Medicine Related Studies,,
Denmark,Postgraduate,Medicine Related Studies,,
Denmark,Postgraduate,Medicine Related Studies,Aarhus University,#119 QS World University Rankings 2018
Denmark,Postgraduate,Modern Languages,Aalborg University,
Denmark,Postgraduate,Modern Languages,,
Denmark,Postgraduate,Modern Languages,,
Denmark,Postgraduate,Modern Languages,,
Denmark,Postgraduate,Modern Languages,,
Denmark,Postgraduate,Modern Languages,,
Denmark,Postgraduate,Modern Languages,,
Denmark,Postgraduate,Modern Languages,,
Denmark,Postgraduate,Modern Languages,,
Denmark,Postgraduate,Modern Languages,Aarhus University,#119 QS World University Rankings 2018
Denmark,Postgraduate,Performing Arts,Aarhus University,#119 QS World University Rankings 2018
Denmark,Postgraduate,Pharmacology,Aalborg University,
Denmark,Postgraduate,Pharmacology,,
Denmark,Postgraduate,Pharmacology,,
Denmark,Postgraduate,Pharmacology,,
Denmark,Postgraduate,Pharmacology,,
Denmark,Postgraduate,Pharmacology,,
Denmark,Postgraduate,Pharmacology,,
Denmark,Postgraduate,Pharmacology,,
Denmark,Postgraduate,Pharmacology,,
Denmark,Postgraduate,Philosophy,Aarhus University,#119 QS World University Rankings 2018
Denmark,Postgraduate,Physics & Astronomy,Technical University of Denmark,#=116 QS World University Rankings 2018
Denmark,Postgraduate,Physics & Astronomy,,
Denmark,Postgraduate,Physics & Astronomy,,
Denmark,Postgraduate,Physics & Astronomy,,
Denmark,Postgraduate,Physics & Astronomy,,
Denmark,Postgraduate,Physics & Astronomy,,
Denmark,Postgraduate,Physics & Astronomy,,
Denmark,Postgraduate,Physics & Astronomy,,
Denmark,Postgraduate,Physics & Astronomy,,
Denmark,Postgraduate,Physics & Astronomy,Aalborg University,
Denmark,Postgraduate,Physics & Astronomy,,
Denmark,Postgraduate,Physics & Astronomy,,
Denmark,Postgraduate,Physics & Astronomy,,
Denmark,Postgraduate,Physics & Astronomy,,
Denmark,Postgraduate,Physics & Astronomy,,
Denmark,Postgraduate,Physics & Astronomy,,
Denmark,Postgraduate,Physics & Astronomy,,
Denmark,Postgraduate,Physics & Astronomy,,
Denmark,Postgraduate,Physics & Astronomy,Aarhus University,#119 QS World University Rankings 2018
Denmark,Postgraduate,Politics,Aalborg University,
Denmark,Postgraduate,Politics,,
Denmark,Postgraduate,Politics,,
Denmark,Postgraduate,Politics,,
Denmark,Postgraduate,Politics,,
Denmark,Postgraduate,Politics,,
Denmark,Postgraduate,Politics,,
Denmark,Postgraduate,Politics,,
Denmark,Postgraduate,Politics,,
Denmark,Postgraduate,Politics,Copenhagen Business School,#N/A QS World University Rankings® 2014/15
Denmark,Postgraduate,Politics,Aarhus University,#119 QS World University Rankings 2018
Denmark,Postgraduate,Psychology,Aarhus University,#119 QS World University Rankings 2018
Denmark,Postgraduate,Public Policy,Aalborg University,
Denmark,Postgraduate,Public Policy,,
Denmark,Postgraduate,Public Policy,,
Denmark,Postgraduate,Public Policy,,
Denmark,Postgraduate,Public Policy,,
Denmark,Postgraduate,Public Policy,,
Denmark,Postgraduate,Public Policy,,
Denmark,Postgraduate,Public Policy,,
Denmark,Postgraduate,Public Policy,,
Denmark,Postgraduate,Public Policy,Copenhagen Business School,#N/A QS World University Rankings® 2014/15
Denmark,Postgraduate,Public Policy,Aarhus University,#119 QS World University Rankings 2018
Denmark,Postgraduate,Sociology,Aalborg University,
Denmark,Postgraduate,Sociology,,
Denmark,Postgraduate,Sociology,,
Denmark,Postgraduate,Sociology,,
Denmark,Postgraduate,Sociology,,
Denmark,Postgraduate,Sociology,,
Denmark,Postgraduate,Sociology,,
Denmark,Postgraduate,Sociology,,
Denmark,Postgraduate,Sociology,,
Denmark,Postgraduate,Sociology,Copenhagen Business School,#N/A QS World University Rankings® 2014/15
Denmark,Postgraduate,Sociology,Aarhus University,#119 QS World University Rankings 2018
Denmark,Postgraduate,Sports-related Courses,Aalborg University,
Denmark,Postgraduate,Sports-related Courses,,
Denmark,Postgraduate,Sports-related Courses,,
Denmark,Postgraduate,Sports-related Courses,,
Denmark,Postgraduate,Sports-related Courses,,
Denmark,Postgraduate,Sports-related Courses,,
Denmark,Postgraduate,Sports-related Courses,,
Denmark,Postgraduate,Sports-related Courses,,
Denmark,Postgraduate,Sports-related Courses,,
Denmark,Postgraduate,Sports-related Courses,Aarhus University,#119 QS World University Rankings 2018
Denmark,Postgraduate,Statistics and Operational Research,Aalborg University,
Denmark,Postgraduate,Statistics and Operational Research,,
Denmark,Postgraduate,Statistics and Operational Research,,
Denmark,Postgraduate,Statistics and Operational Research,,
Denmark,Postgraduate,Statistics and Operational Research,,
Denmark,Postgraduate,Statistics and Operational Research,,
Denmark,Postgraduate,Statistics and Operational Research,,
Denmark,Postgraduate,Statistics and Operational Research,,
Denmark,Postgraduate,Statistics and Operational Research,,
Denmark,Postgraduate,Statistics and Operational Research,Copenhagen Business School,#N/A QS World University Rankings® 2014/15
Denmark,Postgraduate,Statistics and Operational Research,Aarhus University,#119 QS World University Rankings 2018
Denmark,Postgraduate,Theology, Divinity & Religious Studies,Aarhus University,#119 QS World University Rankings 2018
Denmark,Postgraduate,Urban Planning,Aalborg University,
Denmark,Postgraduate,Urban Planning,,
Denmark,Postgraduate,Urban Planning,,
Denmark,Postgraduate,Urban Planning,,
Denmark,Postgraduate,Urban Planning,,
Denmark,Postgraduate,Urban Planning,,
Denmark,Postgraduate,Urban Planning,,
Denmark,Postgraduate,Urban Planning,,
Denmark,Postgraduate,Urban Planning,,
Denmark,Postgraduate,Zoology,Aarhus University,#119 QS World University Rankings 2018

