Country Name,Course Lavel,University Name,Course,Ranking
Ecuador,Undergraduate,Accounting and Finance,Escuela Superior Politécnica d ...,
Ecuador,Undergraduate,Accounting and Finance,Universidad de las Fuerzas Arm ...,
Ecuador,Undergraduate,Agriculture & Forestry,Universidad San Francisco de Q ...,#701-750 QS World University Rankings 2018
Ecuador,Undergraduate,Agriculture & Forestry,,
Ecuador,Undergraduate,Agriculture & Forestry,,
Ecuador,Undergraduate,Agriculture & Forestry,,
Ecuador,Undergraduate,Agriculture & Forestry,,
Ecuador,Undergraduate,Agriculture & Forestry,,
Ecuador,Undergraduate,Agriculture & Forestry,,
Ecuador,Undergraduate,Agriculture & Forestry,,
Ecuador,Undergraduate,Agriculture & Forestry,,
Ecuador,Undergraduate,Agriculture & Forestry,Universidad Católica de Santia ...,
Ecuador,Undergraduate,Agriculture & Forestry,Universidad de las Fuerzas Arm ...,
Ecuador,Undergraduate,Agriculture & Forestry,Escuela Superior Politécnica d ...,
Ecuador,Undergraduate,Anatomy & Physiology,Universidad de las Fuerzas Arm ...,
Ecuador,Undergraduate,Anthropology,Universidad San Francisco de Q ...,#701-750 QS World University Rankings 2018
Ecuador,Undergraduate,Anthropology,,
Ecuador,Undergraduate,Anthropology,,
Ecuador,Undergraduate,Anthropology,,
Ecuador,Undergraduate,Anthropology,,
Ecuador,Undergraduate,Anthropology,,
Ecuador,Undergraduate,Anthropology,,
Ecuador,Undergraduate,Anthropology,,
Ecuador,Undergraduate,Anthropology,,
Ecuador,Undergraduate,Anthropology,Escuela Superior Politécnica d ...,
Ecuador,Undergraduate,Archaeology,Universidad San Francisco de Q ...,#701-750 QS World University Rankings 2018
Ecuador,Undergraduate,Archaeology,,
Ecuador,Undergraduate,Archaeology,,
Ecuador,Undergraduate,Archaeology,,
Ecuador,Undergraduate,Archaeology,,
Ecuador,Undergraduate,Archaeology,,
Ecuador,Undergraduate,Archaeology,,
Ecuador,Undergraduate,Archaeology,,
Ecuador,Undergraduate,Archaeology,,
Ecuador,Undergraduate,Archaeology,Escuela Superior Politécnica d ...,
Ecuador,Undergraduate,Architecture,Universidad San Francisco de Q ...,#701-750 QS World University Rankings 2018
Ecuador,Undergraduate,Architecture,,
Ecuador,Undergraduate,Architecture,,
Ecuador,Undergraduate,Architecture,,
Ecuador,Undergraduate,Architecture,,
Ecuador,Undergraduate,Architecture,,
Ecuador,Undergraduate,Architecture,,
Ecuador,Undergraduate,Architecture,,
Ecuador,Undergraduate,Architecture,,
Ecuador,Undergraduate,Architecture,Universidad de Las Américas Ec ...,
Ecuador,Undergraduate,Architecture,,
Ecuador,Undergraduate,Architecture,,
Ecuador,Undergraduate,Architecture,,
Ecuador,Undergraduate,Architecture,,
Ecuador,Undergraduate,Architecture,,
Ecuador,Undergraduate,Architecture,,
Ecuador,Undergraduate,Architecture,,
Ecuador,Undergraduate,Architecture,,
Ecuador,Undergraduate,Architecture,Universidad Católica de Santia ...,
Ecuador,Undergraduate,Art & Design,Universidad San Francisco de Q ...,#701-750 QS World University Rankings 2018
Ecuador,Undergraduate,Art & Design,,
Ecuador,Undergraduate,Art & Design,,
Ecuador,Undergraduate,Art & Design,,
Ecuador,Undergraduate,Art & Design,,
Ecuador,Undergraduate,Art & Design,,
Ecuador,Undergraduate,Art & Design,,
Ecuador,Undergraduate,Art & Design,,
Ecuador,Undergraduate,Art & Design,,
Ecuador,Undergraduate,Art & Design,Universidad Católica de Santia ...,
Ecuador,Undergraduate,Biological Sciences,Universidad San Francisco de Q ...,#701-750 QS World University Rankings 2018
Ecuador,Undergraduate,Biological Sciences,,
Ecuador,Undergraduate,Biological Sciences,,
Ecuador,Undergraduate,Biological Sciences,,
Ecuador,Undergraduate,Biological Sciences,,
Ecuador,Undergraduate,Biological Sciences,,
Ecuador,Undergraduate,Biological Sciences,,
Ecuador,Undergraduate,Biological Sciences,,
Ecuador,Undergraduate,Biological Sciences,,
Ecuador,Undergraduate,Biological Sciences,Escuela Superior Politécnica d ...,
Ecuador,Undergraduate,Biological Sciences,Universidad de las Fuerzas Arm ...,
Ecuador,Undergraduate,Built Environment,Universidad de las Fuerzas Arm ...,
Ecuador,Undergraduate,Business & Management Studies,Universidad de Las Américas Ec ...,
Ecuador,Undergraduate,Business & Management Studies,,
Ecuador,Undergraduate,Business & Management Studies,,
Ecuador,Undergraduate,Business & Management Studies,,
Ecuador,Undergraduate,Business & Management Studies,,
Ecuador,Undergraduate,Business & Management Studies,,
Ecuador,Undergraduate,Business & Management Studies,,
Ecuador,Undergraduate,Business & Management Studies,,
Ecuador,Undergraduate,Business & Management Studies,,
Ecuador,Undergraduate,Business & Management Studies,Universidad San Francisco de Q ...,#701-750 QS World University Rankings 2018
Ecuador,Undergraduate,Business & Management Studies,,
Ecuador,Undergraduate,Business & Management Studies,,
Ecuador,Undergraduate,Business & Management Studies,,
Ecuador,Undergraduate,Business & Management Studies,,
Ecuador,Undergraduate,Business & Management Studies,,
Ecuador,Undergraduate,Business & Management Studies,,
Ecuador,Undergraduate,Business & Management Studies,,
Ecuador,Undergraduate,Business & Management Studies,,
Ecuador,Undergraduate,Business & Management Studies,Universidad Católica de Santia ...,
Ecuador,Undergraduate,Business & Management Studies,ESCUELA POLITECNICA NACIONAL-F ...,
Ecuador,Undergraduate,Business & Management Studies,Escuela Superior Politécnica d ...,
Ecuador,Undergraduate,Business & Management Studies,Universidad de las Fuerzas Arm ...,
Ecuador,Undergraduate,Chemistry,Universidad San Francisco de Q ...,#701-750 QS World University Rankings 2018
Ecuador,Undergraduate,Chemistry,,
Ecuador,Undergraduate,Chemistry,,
Ecuador,Undergraduate,Chemistry,,
Ecuador,Undergraduate,Chemistry,,
Ecuador,Undergraduate,Chemistry,,
Ecuador,Undergraduate,Chemistry,,
Ecuador,Undergraduate,Chemistry,,
Ecuador,Undergraduate,Chemistry,,
Ecuador,Undergraduate,Chemistry,Escuela Superior Politécnica d ...,
Ecuador,Undergraduate,Chemistry,Universidad de las Fuerzas Arm ...,
Ecuador,Undergraduate,Communication and Media Studies,Universidad de Las Américas Ec ...,
Ecuador,Undergraduate,Communication and Media Studies,,
Ecuador,Undergraduate,Communication and Media Studies,,
Ecuador,Undergraduate,Communication and Media Studies,,
Ecuador,Undergraduate,Communication and Media Studies,,
Ecuador,Undergraduate,Communication and Media Studies,,
Ecuador,Undergraduate,Communication and Media Studies,,
Ecuador,Undergraduate,Communication and Media Studies,,
Ecuador,Undergraduate,Communication and Media Studies,,
Ecuador,Undergraduate,Communication and Media Studies,Universidad San Francisco de Q ...,#701-750 QS World University Rankings 2018
Ecuador,Undergraduate,Communication and Media Studies,,
Ecuador,Undergraduate,Communication and Media Studies,,
Ecuador,Undergraduate,Communication and Media Studies,,
Ecuador,Undergraduate,Communication and Media Studies,,
Ecuador,Undergraduate,Communication and Media Studies,,
Ecuador,Undergraduate,Communication and Media Studies,,
Ecuador,Undergraduate,Communication and Media Studies,,
Ecuador,Undergraduate,Communication and Media Studies,,
Ecuador,Undergraduate,Communication and Media Studies,Universidad Católica de Santia ...,
Ecuador,Undergraduate,Communication and Media Studies,Escuela Superior Politécnica d ...,
Ecuador,Undergraduate,Communication and Media Studies,Universidad de las Fuerzas Arm ...,
Ecuador,Undergraduate,Computer Science and Information Systems,Universidad San Francisco de Q ...,#701-750 QS World University Rankings 2018
Ecuador,Undergraduate,Computer Science and Information Systems,,
Ecuador,Undergraduate,Computer Science and Information Systems,,
Ecuador,Undergraduate,Computer Science and Information Systems,,
Ecuador,Undergraduate,Computer Science and Information Systems,,
Ecuador,Undergraduate,Computer Science and Information Systems,,
Ecuador,Undergraduate,Computer Science and Information Systems,,
Ecuador,Undergraduate,Computer Science and Information Systems,,
Ecuador,Undergraduate,Computer Science and Information Systems,,
Ecuador,Undergraduate,Computer Science and Information Systems,Universidad de Las Américas Ec ...,
Ecuador,Undergraduate,Computer Science and Information Systems,,
Ecuador,Undergraduate,Computer Science and Information Systems,,
Ecuador,Undergraduate,Computer Science and Information Systems,,
Ecuador,Undergraduate,Computer Science and Information Systems,,
Ecuador,Undergraduate,Computer Science and Information Systems,,
Ecuador,Undergraduate,Computer Science and Information Systems,,
Ecuador,Undergraduate,Computer Science and Information Systems,,
Ecuador,Undergraduate,Computer Science and Information Systems,,
Ecuador,Undergraduate,Computer Science and Information Systems,Universidad Católica de Santia ...,
Ecuador,Undergraduate,Computer Science and Information Systems,Universidad de las Fuerzas Arm ...,
Ecuador,Undergraduate,Computer Science and Information Systems,Escuela Superior Politécnica d ...,
Ecuador,Undergraduate,Dentistry,Universidad de Las Américas Ec ...,
Ecuador,Undergraduate,Dentistry,,
Ecuador,Undergraduate,Dentistry,,
Ecuador,Undergraduate,Dentistry,,
Ecuador,Undergraduate,Dentistry,,
Ecuador,Undergraduate,Dentistry,,
Ecuador,Undergraduate,Dentistry,,
Ecuador,Undergraduate,Dentistry,,
Ecuador,Undergraduate,Dentistry,,
Ecuador,Undergraduate,Dentistry,Universidad San Francisco de Q ...,#701-750 QS World University Rankings 2018
Ecuador,Undergraduate,Dentistry,,
Ecuador,Undergraduate,Dentistry,,
Ecuador,Undergraduate,Dentistry,,
Ecuador,Undergraduate,Dentistry,,
Ecuador,Undergraduate,Dentistry,,
Ecuador,Undergraduate,Dentistry,,
Ecuador,Undergraduate,Dentistry,,
Ecuador,Undergraduate,Dentistry,,
Ecuador,Undergraduate,Dentistry,Universidad Católica de Santia ...,
Ecuador,Undergraduate,Development Studies,Universidad de las Fuerzas Arm ...,
Ecuador,Undergraduate,Development Studies,Escuela Superior Politécnica d ...,
Ecuador,Undergraduate,Earth and Marine Sciences,Universidad San Francisco de Q ...,#701-750 QS World University Rankings 2018
Ecuador,Undergraduate,Earth and Marine Sciences,,
Ecuador,Undergraduate,Earth and Marine Sciences,,
Ecuador,Undergraduate,Earth and Marine Sciences,,
Ecuador,Undergraduate,Earth and Marine Sciences,,
Ecuador,Undergraduate,Earth and Marine Sciences,,
Ecuador,Undergraduate,Earth and Marine Sciences,,
Ecuador,Undergraduate,Earth and Marine Sciences,,
Ecuador,Undergraduate,Earth and Marine Sciences,,
Ecuador,Undergraduate,Earth and Marine Sciences,Escuela Superior Politécnica d ...,
Ecuador,Undergraduate,Economics and Econometrics,Universidad de Las Américas Ec ...,
Ecuador,Undergraduate,Economics and Econometrics,,
Ecuador,Undergraduate,Economics and Econometrics,,
Ecuador,Undergraduate,Economics and Econometrics,,
Ecuador,Undergraduate,Economics and Econometrics,,
Ecuador,Undergraduate,Economics and Econometrics,,
Ecuador,Undergraduate,Economics and Econometrics,,
Ecuador,Undergraduate,Economics and Econometrics,,
Ecuador,Undergraduate,Economics and Econometrics,,
Ecuador,Undergraduate,Economics and Econometrics,Universidad San Francisco de Q ...,#701-750 QS World University Rankings 2018
Ecuador,Undergraduate,Economics and Econometrics,,
Ecuador,Undergraduate,Economics and Econometrics,,
Ecuador,Undergraduate,Economics and Econometrics,,
Ecuador,Undergraduate,Economics and Econometrics,,
Ecuador,Undergraduate,Economics and Econometrics,,
Ecuador,Undergraduate,Economics and Econometrics,,
Ecuador,Undergraduate,Economics and Econometrics,,
Ecuador,Undergraduate,Economics and Econometrics,,
Ecuador,Undergraduate,Economics and Econometrics,Universidad de las Fuerzas Arm ...,
Ecuador,Undergraduate,Economics and Econometrics,Escuela Superior Politécnica d ...,
Ecuador,Undergraduate,Education and Training,Universidad de Las Américas Ec ...,
Ecuador,Undergraduate,Education and Training,,
Ecuador,Undergraduate,Education and Training,,
Ecuador,Undergraduate,Education and Training,,
Ecuador,Undergraduate,Education and Training,,
Ecuador,Undergraduate,Education and Training,,
Ecuador,Undergraduate,Education and Training,,
Ecuador,Undergraduate,Education and Training,,
Ecuador,Undergraduate,Education and Training,,
Ecuador,Undergraduate,Education and Training,Universidad San Francisco de Q ...,#701-750 QS World University Rankings 2018
Ecuador,Undergraduate,Education and Training,,
Ecuador,Undergraduate,Education and Training,,
Ecuador,Undergraduate,Education and Training,,
Ecuador,Undergraduate,Education and Training,,
Ecuador,Undergraduate,Education and Training,,
Ecuador,Undergraduate,Education and Training,,
Ecuador,Undergraduate,Education and Training,,
Ecuador,Undergraduate,Education and Training,,
Ecuador,Undergraduate,Education and Training,Universidad Católica de Santia ...,
Ecuador,Undergraduate,Education and Training,Universidad de las Fuerzas Arm ...,
Ecuador,Undergraduate,Engineering - Aeronautical,Escuela Superior Politécnica d ...,
Ecuador,Undergraduate,Engineering - Aeronautical,Universidad de las Fuerzas Arm ...,
Ecuador,Undergraduate,Engineering - Chemical,Universidad San Francisco de Q ...,#701-750 QS World University Rankings 2018
Ecuador,Undergraduate,Engineering - Chemical,,
Ecuador,Undergraduate,Engineering - Chemical,,
Ecuador,Undergraduate,Engineering - Chemical,,
Ecuador,Undergraduate,Engineering - Chemical,,
Ecuador,Undergraduate,Engineering - Chemical,,
Ecuador,Undergraduate,Engineering - Chemical,,
Ecuador,Undergraduate,Engineering - Chemical,,
Ecuador,Undergraduate,Engineering - Chemical,,
Ecuador,Undergraduate,Engineering - Chemical,Escuela Superior Politécnica d ...,
Ecuador,Undergraduate,Engineering - Chemical,Universidad de las Fuerzas Arm ...,
Ecuador,Undergraduate,Engineering - Civil and Structural,Universidad San Francisco de Q ...,#701-750 QS World University Rankings 2018
Ecuador,Undergraduate,Engineering - Civil and Structural,,
Ecuador,Undergraduate,Engineering - Civil and Structural,,
Ecuador,Undergraduate,Engineering - Civil and Structural,,
Ecuador,Undergraduate,Engineering - Civil and Structural,,
Ecuador,Undergraduate,Engineering - Civil and Structural,,
Ecuador,Undergraduate,Engineering - Civil and Structural,,
Ecuador,Undergraduate,Engineering - Civil and Structural,,
Ecuador,Undergraduate,Engineering - Civil and Structural,,
Ecuador,Undergraduate,Engineering - Civil and Structural,Universidad de las Fuerzas Arm ...,
Ecuador,Undergraduate,Engineering - Civil and Structural,Escuela Superior Politécnica d ...,
Ecuador,Undergraduate,Engineering - Electrical and Electronic,Universidad San Francisco de Q ...,#701-750 QS World University Rankings 2018
Ecuador,Undergraduate,Engineering - Electrical and Electronic,,
Ecuador,Undergraduate,Engineering - Electrical and Electronic,,
Ecuador,Undergraduate,Engineering - Electrical and Electronic,,
Ecuador,Undergraduate,Engineering - Electrical and Electronic,,
Ecuador,Undergraduate,Engineering - Electrical and Electronic,,
Ecuador,Undergraduate,Engineering - Electrical and Electronic,,
Ecuador,Undergraduate,Engineering - Electrical and Electronic,,
Ecuador,Undergraduate,Engineering - Electrical and Electronic,,
Ecuador,Undergraduate,Engineering - Electrical and Electronic,Universidad de las Fuerzas Arm ...,
Ecuador,Undergraduate,Engineering - Electrical and Electronic,Escuela Superior Politécnica d ...,
Ecuador,Undergraduate,Engineering - General,Universidad Católica de Santia ...,
Ecuador,Undergraduate,Engineering - General,Universidad de las Fuerzas Arm ...,
Ecuador,Undergraduate,Engineering - General,Escuela Superior Politécnica d ...,
Ecuador,Undergraduate,Engineering - Manufacturing & Production,Universidad San Francisco de Q ...,#701-750 QS World University Rankings 2018
Ecuador,Undergraduate,Engineering - Manufacturing & Production,,
Ecuador,Undergraduate,Engineering - Manufacturing & Production,,
Ecuador,Undergraduate,Engineering - Manufacturing & Production,,
Ecuador,Undergraduate,Engineering - Manufacturing & Production,,
Ecuador,Undergraduate,Engineering - Manufacturing & Production,,
Ecuador,Undergraduate,Engineering - Manufacturing & Production,,
Ecuador,Undergraduate,Engineering - Manufacturing & Production,,
Ecuador,Undergraduate,Engineering - Manufacturing & Production,,
Ecuador,Undergraduate,Engineering - Manufacturing & Production,Escuela Superior Politécnica d ...,
Ecuador,Undergraduate,Engineering - Mechanical,Universidad San Francisco de Q ...,#701-750 QS World University Rankings 2018
Ecuador,Undergraduate,Engineering - Mechanical,,
Ecuador,Undergraduate,Engineering - Mechanical,,
Ecuador,Undergraduate,Engineering - Mechanical,,
Ecuador,Undergraduate,Engineering - Mechanical,,
Ecuador,Undergraduate,Engineering - Mechanical,,
Ecuador,Undergraduate,Engineering - Mechanical,,
Ecuador,Undergraduate,Engineering - Mechanical,,
Ecuador,Undergraduate,Engineering - Mechanical,,
Ecuador,Undergraduate,Engineering - Mechanical,Escuela Superior Politécnica d ...,
Ecuador,Undergraduate,Engineering - Mechanical,Universidad de las Fuerzas Arm ...,
Ecuador,Undergraduate,Engineering - Mineral & Mining,Escuela Superior Politécnica d ...,
Ecuador,Undergraduate,English Language and Literature,Universidad San Francisco de Q ...,#701-750 QS World University Rankings 2018
Ecuador,Undergraduate,English Language and Literature,,
Ecuador,Undergraduate,English Language and Literature,,
Ecuador,Undergraduate,English Language and Literature,,
Ecuador,Undergraduate,English Language and Literature,,
Ecuador,Undergraduate,English Language and Literature,,
Ecuador,Undergraduate,English Language and Literature,,
Ecuador,Undergraduate,English Language and Literature,,
Ecuador,Undergraduate,English Language and Literature,,
Ecuador,Undergraduate,English Language and Literature,Universidad Católica de Santia ...,
Ecuador,Undergraduate,English Language and Literature,Universidad de las Fuerzas Arm ...,
Ecuador,Undergraduate,English Language and Literature,Escuela Superior Politécnica d ...,
Ecuador,Undergraduate,Environmental Studies,Universidad San Francisco de Q ...,#701-750 QS World University Rankings 2018
Ecuador,Undergraduate,Environmental Studies,,
Ecuador,Undergraduate,Environmental Studies,,
Ecuador,Undergraduate,Environmental Studies,,
Ecuador,Undergraduate,Environmental Studies,,
Ecuador,Undergraduate,Environmental Studies,,
Ecuador,Undergraduate,Environmental Studies,,
Ecuador,Undergraduate,Environmental Studies,,
Ecuador,Undergraduate,Environmental Studies,,
Ecuador,Undergraduate,Environmental Studies,Universidad de las Fuerzas Arm ...,
Ecuador,Undergraduate,Environmental Studies,Escuela Superior Politécnica d ...,
Ecuador,Undergraduate,Finance,Universidad San Francisco de Q ...,#701-750 QS World University Rankings 2018
Ecuador,Undergraduate,Finance,,
Ecuador,Undergraduate,Finance,,
Ecuador,Undergraduate,Finance,,
Ecuador,Undergraduate,Finance,,
Ecuador,Undergraduate,Finance,,
Ecuador,Undergraduate,Finance,,
Ecuador,Undergraduate,Finance,,
Ecuador,Undergraduate,Finance,,
Ecuador,Undergraduate,Geography,Universidad de las Fuerzas Arm ...,
Ecuador,Undergraduate,Hospitality & Leisure Management,Universidad San Francisco de Q ...,#701-750 QS World University Rankings 2018
Ecuador,Undergraduate,Hospitality & Leisure Management,,
Ecuador,Undergraduate,Hospitality & Leisure Management,,
Ecuador,Undergraduate,Hospitality & Leisure Management,,
Ecuador,Undergraduate,Hospitality & Leisure Management,,
Ecuador,Undergraduate,Hospitality & Leisure Management,,
Ecuador,Undergraduate,Hospitality & Leisure Management,,
Ecuador,Undergraduate,Hospitality & Leisure Management,,
Ecuador,Undergraduate,Hospitality & Leisure Management,,
Ecuador,Undergraduate,Hospitality & Leisure Management,Escuela Superior Politécnica d ...,
Ecuador,Undergraduate,Hospitality & Leisure Management,Universidad de las Fuerzas Arm ...,
Ecuador,Undergraduate,Human Resources Management,Universidad de las Fuerzas Arm ...,
Ecuador,Undergraduate,International Relations/Studies/Affairs,Universidad San Francisco de Q ...,#701-750 QS World University Rankings 2018
Ecuador,Undergraduate,International Relations/Studies/Affairs,,
Ecuador,Undergraduate,International Relations/Studies/Affairs,,
Ecuador,Undergraduate,International Relations/Studies/Affairs,,
Ecuador,Undergraduate,International Relations/Studies/Affairs,,
Ecuador,Undergraduate,International Relations/Studies/Affairs,,
Ecuador,Undergraduate,International Relations/Studies/Affairs,,
Ecuador,Undergraduate,International Relations/Studies/Affairs,,
Ecuador,Undergraduate,International Relations/Studies/Affairs,,
Ecuador,Undergraduate,International Relations/Studies/Affairs,Universidad de las Fuerzas Arm ...,
Ecuador,Undergraduate,Journalism,Universidad San Francisco de Q ...,#701-750 QS World University Rankings 2018
Ecuador,Undergraduate,Journalism,,
Ecuador,Undergraduate,Journalism,,
Ecuador,Undergraduate,Journalism,,
Ecuador,Undergraduate,Journalism,,
Ecuador,Undergraduate,Journalism,,
Ecuador,Undergraduate,Journalism,,
Ecuador,Undergraduate,Journalism,,
Ecuador,Undergraduate,Journalism,,
Ecuador,Undergraduate,Law and Legal Studies,Universidad San Francisco de Q ...,#701-750 QS World University Rankings 2018
Ecuador,Undergraduate,Law and Legal Studies,,
Ecuador,Undergraduate,Law and Legal Studies,,
Ecuador,Undergraduate,Law and Legal Studies,,
Ecuador,Undergraduate,Law and Legal Studies,,
Ecuador,Undergraduate,Law and Legal Studies,,
Ecuador,Undergraduate,Law and Legal Studies,,
Ecuador,Undergraduate,Law and Legal Studies,,
Ecuador,Undergraduate,Law and Legal Studies,,
Ecuador,Undergraduate,Law and Legal Studies,Universidad Católica de Santia ...,
Ecuador,Undergraduate,Linguistics,Universidad Católica de Santia ...,
Ecuador,Undergraduate,Linguistics,Universidad de las Fuerzas Arm ...,
Ecuador,Undergraduate,Linguistics,Cambridge School of Language,
Ecuador,Undergraduate,Logistics / Supply Chain Management,Escuela Superior Politécnica d ...,
Ecuador,Undergraduate,Marketing,Universidad de Las Américas Ec ...,
Ecuador,Undergraduate,Marketing,,
Ecuador,Undergraduate,Marketing,,
Ecuador,Undergraduate,Marketing,,
Ecuador,Undergraduate,Marketing,,
Ecuador,Undergraduate,Marketing,,
Ecuador,Undergraduate,Marketing,,
Ecuador,Undergraduate,Marketing,,
Ecuador,Undergraduate,Marketing,,
Ecuador,Undergraduate,Marketing,Universidad San Francisco de Q ...,#701-750 QS World University Rankings 2018
Ecuador,Undergraduate,Marketing,,
Ecuador,Undergraduate,Marketing,,
Ecuador,Undergraduate,Marketing,,
Ecuador,Undergraduate,Marketing,,
Ecuador,Undergraduate,Marketing,,
Ecuador,Undergraduate,Marketing,,
Ecuador,Undergraduate,Marketing,,
Ecuador,Undergraduate,Marketing,,
Ecuador,Undergraduate,Marketing,Universidad Católica de Santia ...,
Ecuador,Undergraduate,Marketing,Escuela Superior Politécnica d ...,
Ecuador,Undergraduate,Marketing,Universidad de las Fuerzas Arm ...,
Ecuador,Undergraduate,Materials Sciences,Universidad de las Fuerzas Arm ...,
Ecuador,Undergraduate,Materials Sciences,Escuela Superior Politécnica d ...,
Ecuador,Undergraduate,Mathematics,Universidad San Francisco de Q ...,#701-750 QS World University Rankings 2018
Ecuador,Undergraduate,Mathematics,,
Ecuador,Undergraduate,Mathematics,,
Ecuador,Undergraduate,Mathematics,,
Ecuador,Undergraduate,Mathematics,,
Ecuador,Undergraduate,Mathematics,,
Ecuador,Undergraduate,Mathematics,,
Ecuador,Undergraduate,Mathematics,,
Ecuador,Undergraduate,Mathematics,,
Ecuador,Undergraduate,Mathematics,Escuela Superior Politécnica d ...,
Ecuador,Undergraduate,Medicine,Universidad de Las Américas Ec ...,
Ecuador,Undergraduate,Medicine,,
Ecuador,Undergraduate,Medicine,,
Ecuador,Undergraduate,Medicine,,
Ecuador,Undergraduate,Medicine,,
Ecuador,Undergraduate,Medicine,,
Ecuador,Undergraduate,Medicine,,
Ecuador,Undergraduate,Medicine,,
Ecuador,Undergraduate,Medicine,,
Ecuador,Undergraduate,Medicine,Universidad San Francisco de Q ...,#701-750 QS World University Rankings 2018
Ecuador,Undergraduate,Medicine,,
Ecuador,Undergraduate,Medicine,,
Ecuador,Undergraduate,Medicine,,
Ecuador,Undergraduate,Medicine,,
Ecuador,Undergraduate,Medicine,,
Ecuador,Undergraduate,Medicine,,
Ecuador,Undergraduate,Medicine,,
Ecuador,Undergraduate,Medicine,,
Ecuador,Undergraduate,Medicine,Universidad Católica de Santia ...,
Ecuador,Undergraduate,Medicine Related Studies,Universidad Católica de Santia ...,
Ecuador,Undergraduate,Modern Languages,Universidad de las Fuerzas Arm ...,
Ecuador,Undergraduate,Modern Languages,Cambridge School of Language,
Ecuador,Undergraduate,Modern Languages,Escuela Superior Politécnica d ...,
Ecuador,Undergraduate,Nursing,Universidad Católica de Santia ...,
Ecuador,Undergraduate,Performing Arts,Universidad San Francisco de Q ...,#701-750 QS World University Rankings 2018
Ecuador,Undergraduate,Performing Arts,,
Ecuador,Undergraduate,Performing Arts,,
Ecuador,Undergraduate,Performing Arts,,
Ecuador,Undergraduate,Performing Arts,,
Ecuador,Undergraduate,Performing Arts,,
Ecuador,Undergraduate,Performing Arts,,
Ecuador,Undergraduate,Performing Arts,,
Ecuador,Undergraduate,Performing Arts,,
Ecuador,Undergraduate,Philosophy,Universidad San Francisco de Q ...,#701-750 QS World University Rankings 2018
Ecuador,Undergraduate,Philosophy,,
Ecuador,Undergraduate,Philosophy,,
Ecuador,Undergraduate,Philosophy,,
Ecuador,Undergraduate,Philosophy,,
Ecuador,Undergraduate,Philosophy,,
Ecuador,Undergraduate,Philosophy,,
Ecuador,Undergraduate,Philosophy,,
Ecuador,Undergraduate,Philosophy,,
Ecuador,Undergraduate,Physics & Astronomy,Universidad San Francisco de Q ...,#701-750 QS World University Rankings 2018
Ecuador,Undergraduate,Physics & Astronomy,,
Ecuador,Undergraduate,Physics & Astronomy,,
Ecuador,Undergraduate,Physics & Astronomy,,
Ecuador,Undergraduate,Physics & Astronomy,,
Ecuador,Undergraduate,Physics & Astronomy,,
Ecuador,Undergraduate,Physics & Astronomy,,
Ecuador,Undergraduate,Physics & Astronomy,,
Ecuador,Undergraduate,Physics & Astronomy,,
Ecuador,Undergraduate,Physics & Astronomy,Universidad de las Fuerzas Arm ...,
Ecuador,Undergraduate,Physics & Astronomy,Escuela Superior Politécnica d ...,
Ecuador,Undergraduate,Politics,Universidad de Las Américas Ec ...,
Ecuador,Undergraduate,Politics,,
Ecuador,Undergraduate,Politics,,
Ecuador,Undergraduate,Politics,,
Ecuador,Undergraduate,Politics,,
Ecuador,Undergraduate,Politics,,
Ecuador,Undergraduate,Politics,,
Ecuador,Undergraduate,Politics,,
Ecuador,Undergraduate,Politics,,
Ecuador,Undergraduate,Psychology,Universidad San Francisco de Q ...,#701-750 QS World University Rankings 2018
Ecuador,Undergraduate,Psychology,,
Ecuador,Undergraduate,Psychology,,
Ecuador,Undergraduate,Psychology,,
Ecuador,Undergraduate,Psychology,,
Ecuador,Undergraduate,Psychology,,
Ecuador,Undergraduate,Psychology,,
Ecuador,Undergraduate,Psychology,,
Ecuador,Undergraduate,Psychology,,
Ecuador,Undergraduate,Psychology,Universidad de Las Américas Ec ...,
Ecuador,Undergraduate,Psychology,,
Ecuador,Undergraduate,Psychology,,
Ecuador,Undergraduate,Psychology,,
Ecuador,Undergraduate,Psychology,,
Ecuador,Undergraduate,Psychology,,
Ecuador,Undergraduate,Psychology,,
Ecuador,Undergraduate,Psychology,,
Ecuador,Undergraduate,Psychology,,
Ecuador,Undergraduate,Psychology,Universidad Católica de Santia ...,
Ecuador,Undergraduate,Public Policy,Escuela Superior Politécnica d ...,
Ecuador,Undergraduate,Sociology,Universidad de las Fuerzas Arm ...,
Ecuador,Undergraduate,Statistics and Operational Research,Escuela Superior Politécnica d ...,
Ecuador,Undergraduate,Theology, Divinity & Religious Studies,Universidad Católica de Santia ...,
Ecuador,Undergraduate,Urban Planning,Universidad Católica de Santia ...,
Ecuador,Undergraduate,Veterinary Science,Universidad de Las Américas Ec ...,
Ecuador,Undergraduate,Veterinary Science,,
Ecuador,Undergraduate,Veterinary Science,,
Ecuador,Undergraduate,Veterinary Science,,
Ecuador,Undergraduate,Veterinary Science,,
Ecuador,Undergraduate,Veterinary Science,,
Ecuador,Undergraduate,Veterinary Science,,
Ecuador,Undergraduate,Veterinary Science,,
Ecuador,Undergraduate,Veterinary Science,,
Ecuador,Undergraduate,Veterinary Science,Universidad San Francisco de Q ...,#701-750 QS World University Rankings 2018
Ecuador,Undergraduate,Veterinary Science,,
Ecuador,Undergraduate,Veterinary Science,,
Ecuador,Undergraduate,Veterinary Science,,
Ecuador,Undergraduate,Veterinary Science,,
Ecuador,Undergraduate,Veterinary Science,,
Ecuador,Undergraduate,Veterinary Science,,
Ecuador,Undergraduate,Veterinary Science,,
Ecuador,Undergraduate,Veterinary Science,,
Ecuador,Undergraduate,Veterinary Science,Escuela Superior Politécnica d ...,
Ecuador,Undergraduate,Veterinary Science,Universidad de las Fuerzas Arm ...,
Ecuador,Undergraduate,Zoology,Universidad de las Fuerzas Arm ...,
Ecuador,Undergraduate,Zoology,Escuela Superior Politécnica d ...,
Ecuador,Postgraduate,Accounting and Finance,Universidad de las Fuerzas Arm ...,
Ecuador,Postgraduate,Accounting and Finance,Escuela Superior Politécnica d ...,
Ecuador,Postgraduate,Agriculture & Forestry,Universidad San Francisco de Q ...,#701-750 QS World University Rankings 2018
Ecuador,Postgraduate,Agriculture & Forestry,,
Ecuador,Postgraduate,Agriculture & Forestry,,
Ecuador,Postgraduate,Agriculture & Forestry,,
Ecuador,Postgraduate,Agriculture & Forestry,,
Ecuador,Postgraduate,Agriculture & Forestry,,
Ecuador,Postgraduate,Agriculture & Forestry,,
Ecuador,Postgraduate,Agriculture & Forestry,,
Ecuador,Postgraduate,Agriculture & Forestry,,
Ecuador,Postgraduate,Agriculture & Forestry,Universidad Católica de Santia ...,
Ecuador,Postgraduate,Agriculture & Forestry,Universidad de las Fuerzas Arm ...,
Ecuador,Postgraduate,Agriculture & Forestry,Escuela Superior Politécnica d ...,
Ecuador,Postgraduate,Anatomy & Physiology,Universidad de las Fuerzas Arm ...,
Ecuador,Postgraduate,Anthropology,Universidad San Francisco de Q ...,#701-750 QS World University Rankings 2018
Ecuador,Postgraduate,Anthropology,,
Ecuador,Postgraduate,Anthropology,,
Ecuador,Postgraduate,Anthropology,,
Ecuador,Postgraduate,Anthropology,,
Ecuador,Postgraduate,Anthropology,,
Ecuador,Postgraduate,Anthropology,,
Ecuador,Postgraduate,Anthropology,,
Ecuador,Postgraduate,Anthropology,,
Ecuador,Postgraduate,Anthropology,Escuela Superior Politécnica d ...,
Ecuador,Postgraduate,Archaeology,Universidad San Francisco de Q ...,#701-750 QS World University Rankings 2018
Ecuador,Postgraduate,Archaeology,,
Ecuador,Postgraduate,Archaeology,,
Ecuador,Postgraduate,Archaeology,,
Ecuador,Postgraduate,Archaeology,,
Ecuador,Postgraduate,Archaeology,,
Ecuador,Postgraduate,Archaeology,,
Ecuador,Postgraduate,Archaeology,,
Ecuador,Postgraduate,Archaeology,,
Ecuador,Postgraduate,Archaeology,Escuela Superior Politécnica d ...,
Ecuador,Postgraduate,Architecture,Universidad San Francisco de Q ...,#701-750 QS World University Rankings 2018
Ecuador,Postgraduate,Architecture,,
Ecuador,Postgraduate,Architecture,,
Ecuador,Postgraduate,Architecture,,
Ecuador,Postgraduate,Architecture,,
Ecuador,Postgraduate,Architecture,,
Ecuador,Postgraduate,Architecture,,
Ecuador,Postgraduate,Architecture,,
Ecuador,Postgraduate,Architecture,,
Ecuador,Postgraduate,Architecture,Universidad de Las Américas Ec ...,
Ecuador,Postgraduate,Architecture,,
Ecuador,Postgraduate,Architecture,,
Ecuador,Postgraduate,Architecture,,
Ecuador,Postgraduate,Architecture,,
Ecuador,Postgraduate,Architecture,,
Ecuador,Postgraduate,Architecture,,
Ecuador,Postgraduate,Architecture,,
Ecuador,Postgraduate,Architecture,,
Ecuador,Postgraduate,Architecture,Universidad Católica de Santia ...,
Ecuador,Postgraduate,Art & Design,Universidad San Francisco de Q ...,#701-750 QS World University Rankings 2018
Ecuador,Postgraduate,Art & Design,,
Ecuador,Postgraduate,Art & Design,,
Ecuador,Postgraduate,Art & Design,,
Ecuador,Postgraduate,Art & Design,,
Ecuador,Postgraduate,Art & Design,,
Ecuador,Postgraduate,Art & Design,,
Ecuador,Postgraduate,Art & Design,,
Ecuador,Postgraduate,Art & Design,,
Ecuador,Postgraduate,Art & Design,Universidad Católica de Santia ...,
Ecuador,Postgraduate,Biological Sciences,Universidad San Francisco de Q ...,#701-750 QS World University Rankings 2018
Ecuador,Postgraduate,Biological Sciences,,
Ecuador,Postgraduate,Biological Sciences,,
Ecuador,Postgraduate,Biological Sciences,,
Ecuador,Postgraduate,Biological Sciences,,
Ecuador,Postgraduate,Biological Sciences,,
Ecuador,Postgraduate,Biological Sciences,,
Ecuador,Postgraduate,Biological Sciences,,
Ecuador,Postgraduate,Biological Sciences,,
Ecuador,Postgraduate,Biological Sciences,Escuela Superior Politécnica d ...,
Ecuador,Postgraduate,Biological Sciences,Universidad de las Fuerzas Arm ...,
Ecuador,Postgraduate,Built Environment,Universidad de las Fuerzas Arm ...,
Ecuador,Postgraduate,Business & Management Studies,Universidad de Las Américas Ec ...,
Ecuador,Postgraduate,Business & Management Studies,,
Ecuador,Postgraduate,Business & Management Studies,,
Ecuador,Postgraduate,Business & Management Studies,,
Ecuador,Postgraduate,Business & Management Studies,,
Ecuador,Postgraduate,Business & Management Studies,,
Ecuador,Postgraduate,Business & Management Studies,,
Ecuador,Postgraduate,Business & Management Studies,,
Ecuador,Postgraduate,Business & Management Studies,,
Ecuador,Postgraduate,Business & Management Studies,Universidad San Francisco de Q ...,#701-750 QS World University Rankings 2018
Ecuador,Postgraduate,Business & Management Studies,,
Ecuador,Postgraduate,Business & Management Studies,,
Ecuador,Postgraduate,Business & Management Studies,,
Ecuador,Postgraduate,Business & Management Studies,,
Ecuador,Postgraduate,Business & Management Studies,,
Ecuador,Postgraduate,Business & Management Studies,,
Ecuador,Postgraduate,Business & Management Studies,,
Ecuador,Postgraduate,Business & Management Studies,,
Ecuador,Postgraduate,Business & Management Studies,Universidad Católica de Santia ...,
Ecuador,Postgraduate,Business & Management Studies,ESCUELA POLITECNICA NACIONAL-F ...,
Ecuador,Postgraduate,Business & Management Studies,Escuela Superior Politécnica d ...,
Ecuador,Postgraduate,Business & Management Studies,Universidad de las Fuerzas Arm ...,
Ecuador,Postgraduate,Chemistry,Universidad San Francisco de Q ...,#701-750 QS World University Rankings 2018
Ecuador,Postgraduate,Chemistry,,
Ecuador,Postgraduate,Chemistry,,
Ecuador,Postgraduate,Chemistry,,
Ecuador,Postgraduate,Chemistry,,
Ecuador,Postgraduate,Chemistry,,
Ecuador,Postgraduate,Chemistry,,
Ecuador,Postgraduate,Chemistry,,
Ecuador,Postgraduate,Chemistry,,
Ecuador,Postgraduate,Chemistry,Universidad de las Fuerzas Arm ...,
Ecuador,Postgraduate,Chemistry,Escuela Superior Politécnica d ...,
Ecuador,Postgraduate,Communication and Media Studies,Universidad San Francisco de Q ...,#701-750 QS World University Rankings 2018
Ecuador,Postgraduate,Communication and Media Studies,,
Ecuador,Postgraduate,Communication and Media Studies,,
Ecuador,Postgraduate,Communication and Media Studies,,
Ecuador,Postgraduate,Communication and Media Studies,,
Ecuador,Postgraduate,Communication and Media Studies,,
Ecuador,Postgraduate,Communication and Media Studies,,
Ecuador,Postgraduate,Communication and Media Studies,,
Ecuador,Postgraduate,Communication and Media Studies,,
Ecuador,Postgraduate,Communication and Media Studies,Universidad de Las Américas Ec ...,
Ecuador,Postgraduate,Communication and Media Studies,,
Ecuador,Postgraduate,Communication and Media Studies,,
Ecuador,Postgraduate,Communication and Media Studies,,
Ecuador,Postgraduate,Communication and Media Studies,,
Ecuador,Postgraduate,Communication and Media Studies,,
Ecuador,Postgraduate,Communication and Media Studies,,
Ecuador,Postgraduate,Communication and Media Studies,,
Ecuador,Postgraduate,Communication and Media Studies,,
Ecuador,Postgraduate,Communication and Media Studies,Universidad Católica de Santia ...,
Ecuador,Postgraduate,Communication and Media Studies,Universidad de las Fuerzas Arm ...,
Ecuador,Postgraduate,Communication and Media Studies,Escuela Superior Politécnica d ...,
Ecuador,Postgraduate,Computer Science and Information Systems,Universidad San Francisco de Q ...,#701-750 QS World University Rankings 2018
Ecuador,Postgraduate,Computer Science and Information Systems,,
Ecuador,Postgraduate,Computer Science and Information Systems,,
Ecuador,Postgraduate,Computer Science and Information Systems,,
Ecuador,Postgraduate,Computer Science and Information Systems,,
Ecuador,Postgraduate,Computer Science and Information Systems,,
Ecuador,Postgraduate,Computer Science and Information Systems,,
Ecuador,Postgraduate,Computer Science and Information Systems,,
Ecuador,Postgraduate,Computer Science and Information Systems,,
Ecuador,Postgraduate,Computer Science and Information Systems,Universidad de Las Américas Ec ...,
Ecuador,Postgraduate,Computer Science and Information Systems,,
Ecuador,Postgraduate,Computer Science and Information Systems,,
Ecuador,Postgraduate,Computer Science and Information Systems,,
Ecuador,Postgraduate,Computer Science and Information Systems,,
Ecuador,Postgraduate,Computer Science and Information Systems,,
Ecuador,Postgraduate,Computer Science and Information Systems,,
Ecuador,Postgraduate,Computer Science and Information Systems,,
Ecuador,Postgraduate,Computer Science and Information Systems,,
Ecuador,Postgraduate,Computer Science and Information Systems,Universidad Católica de Santia ...,
Ecuador,Postgraduate,Computer Science and Information Systems,Escuela Superior Politécnica d ...,
Ecuador,Postgraduate,Computer Science and Information Systems,Universidad de las Fuerzas Arm ...,
Ecuador,Postgraduate,Dentistry,Universidad San Francisco de Q ...,#701-750 QS World University Rankings 2018
Ecuador,Postgraduate,Dentistry,,
Ecuador,Postgraduate,Dentistry,,
Ecuador,Postgraduate,Dentistry,,
Ecuador,Postgraduate,Dentistry,,
Ecuador,Postgraduate,Dentistry,,
Ecuador,Postgraduate,Dentistry,,
Ecuador,Postgraduate,Dentistry,,
Ecuador,Postgraduate,Dentistry,,
Ecuador,Postgraduate,Dentistry,Universidad de Las Américas Ec ...,
Ecuador,Postgraduate,Dentistry,,
Ecuador,Postgraduate,Dentistry,,
Ecuador,Postgraduate,Dentistry,,
Ecuador,Postgraduate,Dentistry,,
Ecuador,Postgraduate,Dentistry,,
Ecuador,Postgraduate,Dentistry,,
Ecuador,Postgraduate,Dentistry,,
Ecuador,Postgraduate,Dentistry,,
Ecuador,Postgraduate,Dentistry,Universidad Católica de Santia ...,
Ecuador,Postgraduate,Development Studies,Universidad de las Fuerzas Arm ...,
Ecuador,Postgraduate,Development Studies,Escuela Superior Politécnica d ...,
Ecuador,Postgraduate,Earth and Marine Sciences,Universidad San Francisco de Q ...,#701-750 QS World University Rankings 2018
Ecuador,Postgraduate,Earth and Marine Sciences,,
Ecuador,Postgraduate,Earth and Marine Sciences,,
Ecuador,Postgraduate,Earth and Marine Sciences,,
Ecuador,Postgraduate,Earth and Marine Sciences,,
Ecuador,Postgraduate,Earth and Marine Sciences,,
Ecuador,Postgraduate,Earth and Marine Sciences,,
Ecuador,Postgraduate,Earth and Marine Sciences,,
Ecuador,Postgraduate,Earth and Marine Sciences,,
Ecuador,Postgraduate,Earth and Marine Sciences,Escuela Superior Politécnica d ...,
Ecuador,Postgraduate,Economics and Econometrics,Universidad San Francisco de Q ...,#701-750 QS World University Rankings 2018
Ecuador,Postgraduate,Economics and Econometrics,,
Ecuador,Postgraduate,Economics and Econometrics,,
Ecuador,Postgraduate,Economics and Econometrics,,
Ecuador,Postgraduate,Economics and Econometrics,,
Ecuador,Postgraduate,Economics and Econometrics,,
Ecuador,Postgraduate,Economics and Econometrics,,
Ecuador,Postgraduate,Economics and Econometrics,,
Ecuador,Postgraduate,Economics and Econometrics,,
Ecuador,Postgraduate,Economics and Econometrics,Universidad de Las Américas Ec ...,
Ecuador,Postgraduate,Economics and Econometrics,,
Ecuador,Postgraduate,Economics and Econometrics,,
Ecuador,Postgraduate,Economics and Econometrics,,
Ecuador,Postgraduate,Economics and Econometrics,,
Ecuador,Postgraduate,Economics and Econometrics,,
Ecuador,Postgraduate,Economics and Econometrics,,
Ecuador,Postgraduate,Economics and Econometrics,,
Ecuador,Postgraduate,Economics and Econometrics,,
Ecuador,Postgraduate,Economics and Econometrics,Universidad de las Fuerzas Arm ...,
Ecuador,Postgraduate,Economics and Econometrics,Escuela Superior Politécnica d ...,
Ecuador,Postgraduate,Education and Training,Universidad de Las Américas Ec ...,
Ecuador,Postgraduate,Education and Training,,
Ecuador,Postgraduate,Education and Training,,
Ecuador,Postgraduate,Education and Training,,
Ecuador,Postgraduate,Education and Training,,
Ecuador,Postgraduate,Education and Training,,
Ecuador,Postgraduate,Education and Training,,
Ecuador,Postgraduate,Education and Training,,
Ecuador,Postgraduate,Education and Training,,
Ecuador,Postgraduate,Education and Training,Universidad San Francisco de Q ...,#701-750 QS World University Rankings 2018
Ecuador,Postgraduate,Education and Training,,
Ecuador,Postgraduate,Education and Training,,
Ecuador,Postgraduate,Education and Training,,
Ecuador,Postgraduate,Education and Training,,
Ecuador,Postgraduate,Education and Training,,
Ecuador,Postgraduate,Education and Training,,
Ecuador,Postgraduate,Education and Training,,
Ecuador,Postgraduate,Education and Training,,
Ecuador,Postgraduate,Education and Training,Universidad Católica de Santia ...,
Ecuador,Postgraduate,Education and Training,Universidad de las Fuerzas Arm ...,
Ecuador,Postgraduate,Engineering - Aeronautical,Universidad de las Fuerzas Arm ...,
Ecuador,Postgraduate,Engineering - Aeronautical,Escuela Superior Politécnica d ...,
Ecuador,Postgraduate,Engineering - Chemical,Universidad San Francisco de Q ...,#701-750 QS World University Rankings 2018
Ecuador,Postgraduate,Engineering - Chemical,,
Ecuador,Postgraduate,Engineering - Chemical,,
Ecuador,Postgraduate,Engineering - Chemical,,
Ecuador,Postgraduate,Engineering - Chemical,,
Ecuador,Postgraduate,Engineering - Chemical,,
Ecuador,Postgraduate,Engineering - Chemical,,
Ecuador,Postgraduate,Engineering - Chemical,,
Ecuador,Postgraduate,Engineering - Chemical,,
Ecuador,Postgraduate,Engineering - Chemical,Escuela Superior Politécnica d ...,
Ecuador,Postgraduate,Engineering - Chemical,Universidad de las Fuerzas Arm ...,
Ecuador,Postgraduate,Engineering - Civil and Structural,Universidad San Francisco de Q ...,#701-750 QS World University Rankings 2018
Ecuador,Postgraduate,Engineering - Civil and Structural,,
Ecuador,Postgraduate,Engineering - Civil and Structural,,
Ecuador,Postgraduate,Engineering - Civil and Structural,,
Ecuador,Postgraduate,Engineering - Civil and Structural,,
Ecuador,Postgraduate,Engineering - Civil and Structural,,
Ecuador,Postgraduate,Engineering - Civil and Structural,,
Ecuador,Postgraduate,Engineering - Civil and Structural,,
Ecuador,Postgraduate,Engineering - Civil and Structural,,
Ecuador,Postgraduate,Engineering - Civil and Structural,Escuela Superior Politécnica d ...,
Ecuador,Postgraduate,Engineering - Civil and Structural,Universidad de las Fuerzas Arm ...,
Ecuador,Postgraduate,Engineering - Electrical and Electronic,Universidad San Francisco de Q ...,#701-750 QS World University Rankings 2018
Ecuador,Postgraduate,Engineering - Electrical and Electronic,,
Ecuador,Postgraduate,Engineering - Electrical and Electronic,,
Ecuador,Postgraduate,Engineering - Electrical and Electronic,,
Ecuador,Postgraduate,Engineering - Electrical and Electronic,,
Ecuador,Postgraduate,Engineering - Electrical and Electronic,,
Ecuador,Postgraduate,Engineering - Electrical and Electronic,,
Ecuador,Postgraduate,Engineering - Electrical and Electronic,,
Ecuador,Postgraduate,Engineering - Electrical and Electronic,,
Ecuador,Postgraduate,Engineering - Electrical and Electronic,Universidad de las Fuerzas Arm ...,
Ecuador,Postgraduate,Engineering - Electrical and Electronic,Escuela Superior Politécnica d ...,
Ecuador,Postgraduate,Engineering - General,Universidad Católica de Santia ...,
Ecuador,Postgraduate,Engineering - General,Universidad de las Fuerzas Arm ...,
Ecuador,Postgraduate,Engineering - General,Escuela Superior Politécnica d ...,
Ecuador,Postgraduate,Engineering - Manufacturing & Production,Universidad San Francisco de Q ...,#701-750 QS World University Rankings 2018
Ecuador,Postgraduate,Engineering - Manufacturing & Production,,
Ecuador,Postgraduate,Engineering - Manufacturing & Production,,
Ecuador,Postgraduate,Engineering - Manufacturing & Production,,
Ecuador,Postgraduate,Engineering - Manufacturing & Production,,
Ecuador,Postgraduate,Engineering - Manufacturing & Production,,
Ecuador,Postgraduate,Engineering - Manufacturing & Production,,
Ecuador,Postgraduate,Engineering - Manufacturing & Production,,
Ecuador,Postgraduate,Engineering - Manufacturing & Production,,
Ecuador,Postgraduate,Engineering - Manufacturing & Production,Escuela Superior Politécnica d ...,
Ecuador,Postgraduate,Engineering - Mechanical,Universidad San Francisco de Q ...,#701-750 QS World University Rankings 2018
Ecuador,Postgraduate,Engineering - Mechanical,,
Ecuador,Postgraduate,Engineering - Mechanical,,
Ecuador,Postgraduate,Engineering - Mechanical,,
Ecuador,Postgraduate,Engineering - Mechanical,,
Ecuador,Postgraduate,Engineering - Mechanical,,
Ecuador,Postgraduate,Engineering - Mechanical,,
Ecuador,Postgraduate,Engineering - Mechanical,,
Ecuador,Postgraduate,Engineering - Mechanical,,
Ecuador,Postgraduate,Engineering - Mechanical,Universidad de las Fuerzas Arm ...,
Ecuador,Postgraduate,Engineering - Mechanical,Escuela Superior Politécnica d ...,
Ecuador,Postgraduate,Engineering - Mineral & Mining,Escuela Superior Politécnica d ...,
Ecuador,Postgraduate,English Language and Literature,Universidad San Francisco de Q ...,#701-750 QS World University Rankings 2018
Ecuador,Postgraduate,English Language and Literature,,
Ecuador,Postgraduate,English Language and Literature,,
Ecuador,Postgraduate,English Language and Literature,,
Ecuador,Postgraduate,English Language and Literature,,
Ecuador,Postgraduate,English Language and Literature,,
Ecuador,Postgraduate,English Language and Literature,,
Ecuador,Postgraduate,English Language and Literature,,
Ecuador,Postgraduate,English Language and Literature,,
Ecuador,Postgraduate,English Language and Literature,Universidad Católica de Santia ...,
Ecuador,Postgraduate,English Language and Literature,Universidad de las Fuerzas Arm ...,
Ecuador,Postgraduate,English Language and Literature,Escuela Superior Politécnica d ...,
Ecuador,Postgraduate,Environmental Studies,Universidad San Francisco de Q ...,#701-750 QS World University Rankings 2018
Ecuador,Postgraduate,Environmental Studies,,
Ecuador,Postgraduate,Environmental Studies,,
Ecuador,Postgraduate,Environmental Studies,,
Ecuador,Postgraduate,Environmental Studies,,
Ecuador,Postgraduate,Environmental Studies,,
Ecuador,Postgraduate,Environmental Studies,,
Ecuador,Postgraduate,Environmental Studies,,
Ecuador,Postgraduate,Environmental Studies,,
Ecuador,Postgraduate,Environmental Studies,Escuela Superior Politécnica d ...,
Ecuador,Postgraduate,Environmental Studies,Universidad de las Fuerzas Arm ...,
Ecuador,Postgraduate,Finance,Universidad San Francisco de Q ...,#701-750 QS World University Rankings 2018
Ecuador,Postgraduate,Finance,,
Ecuador,Postgraduate,Finance,,
Ecuador,Postgraduate,Finance,,
Ecuador,Postgraduate,Finance,,
Ecuador,Postgraduate,Finance,,
Ecuador,Postgraduate,Finance,,
Ecuador,Postgraduate,Finance,,
Ecuador,Postgraduate,Finance,,
Ecuador,Postgraduate,Geography,Universidad de las Fuerzas Arm ...,
Ecuador,Postgraduate,Hospitality & Leisure Management,Universidad San Francisco de Q ...,#701-750 QS World University Rankings 2018
Ecuador,Postgraduate,Hospitality & Leisure Management,,
Ecuador,Postgraduate,Hospitality & Leisure Management,,
Ecuador,Postgraduate,Hospitality & Leisure Management,,
Ecuador,Postgraduate,Hospitality & Leisure Management,,
Ecuador,Postgraduate,Hospitality & Leisure Management,,
Ecuador,Postgraduate,Hospitality & Leisure Management,,
Ecuador,Postgraduate,Hospitality & Leisure Management,,
Ecuador,Postgraduate,Hospitality & Leisure Management,,
Ecuador,Postgraduate,Hospitality & Leisure Management,Universidad de las Fuerzas Arm ...,
Ecuador,Postgraduate,Hospitality & Leisure Management,Escuela Superior Politécnica d ...,
Ecuador,Postgraduate,Human Resources Management,Universidad de las Fuerzas Arm ...,
Ecuador,Postgraduate,International Relations/Studies/Affairs,Universidad San Francisco de Q ...,#701-750 QS World University Rankings 2018
Ecuador,Postgraduate,International Relations/Studies/Affairs,,
Ecuador,Postgraduate,International Relations/Studies/Affairs,,
Ecuador,Postgraduate,International Relations/Studies/Affairs,,
Ecuador,Postgraduate,International Relations/Studies/Affairs,,
Ecuador,Postgraduate,International Relations/Studies/Affairs,,
Ecuador,Postgraduate,International Relations/Studies/Affairs,,
Ecuador,Postgraduate,International Relations/Studies/Affairs,,
Ecuador,Postgraduate,International Relations/Studies/Affairs,,
Ecuador,Postgraduate,International Relations/Studies/Affairs,Universidad de las Fuerzas Arm ...,
Ecuador,Postgraduate,Journalism,Universidad San Francisco de Q ...,#701-750 QS World University Rankings 2018
Ecuador,Postgraduate,Journalism,,
Ecuador,Postgraduate,Journalism,,
Ecuador,Postgraduate,Journalism,,
Ecuador,Postgraduate,Journalism,,
Ecuador,Postgraduate,Journalism,,
Ecuador,Postgraduate,Journalism,,
Ecuador,Postgraduate,Journalism,,
Ecuador,Postgraduate,Journalism,,
Ecuador,Postgraduate,Law and Legal Studies,Universidad San Francisco de Q ...,#701-750 QS World University Rankings 2018
Ecuador,Postgraduate,Law and Legal Studies,,
Ecuador,Postgraduate,Law and Legal Studies,,
Ecuador,Postgraduate,Law and Legal Studies,,
Ecuador,Postgraduate,Law and Legal Studies,,
Ecuador,Postgraduate,Law and Legal Studies,,
Ecuador,Postgraduate,Law and Legal Studies,,
Ecuador,Postgraduate,Law and Legal Studies,,
Ecuador,Postgraduate,Law and Legal Studies,,
Ecuador,Postgraduate,Law and Legal Studies,Universidad Católica de Santia ...,
Ecuador,Postgraduate,Linguistics,Universidad Católica de Santia ...,
Ecuador,Postgraduate,Linguistics,Universidad de las Fuerzas Arm ...,
Ecuador,Postgraduate,Linguistics,Cambridge School of Language,
Ecuador,Postgraduate,Logistics / Supply Chain Management,Escuela Superior Politécnica d ...,
Ecuador,Postgraduate,Marketing,Universidad San Francisco de Q ...,#701-750 QS World University Rankings 2018
Ecuador,Postgraduate,Marketing,,
Ecuador,Postgraduate,Marketing,,
Ecuador,Postgraduate,Marketing,,
Ecuador,Postgraduate,Marketing,,
Ecuador,Postgraduate,Marketing,,
Ecuador,Postgraduate,Marketing,,
Ecuador,Postgraduate,Marketing,,
Ecuador,Postgraduate,Marketing,,
Ecuador,Postgraduate,Marketing,Universidad de Las Américas Ec ...,
Ecuador,Postgraduate,Marketing,,
Ecuador,Postgraduate,Marketing,,
Ecuador,Postgraduate,Marketing,,
Ecuador,Postgraduate,Marketing,,
Ecuador,Postgraduate,Marketing,,
Ecuador,Postgraduate,Marketing,,
Ecuador,Postgraduate,Marketing,,
Ecuador,Postgraduate,Marketing,,
Ecuador,Postgraduate,Marketing,Universidad Católica de Santia ...,
Ecuador,Postgraduate,Marketing,Escuela Superior Politécnica d ...,
Ecuador,Postgraduate,Marketing,Universidad de las Fuerzas Arm ...,
Ecuador,Postgraduate,Materials Sciences,Universidad de las Fuerzas Arm ...,
Ecuador,Postgraduate,Materials Sciences,Escuela Superior Politécnica d ...,
Ecuador,Postgraduate,Mathematics,Universidad San Francisco de Q ...,#701-750 QS World University Rankings 2018
Ecuador,Postgraduate,Mathematics,,
Ecuador,Postgraduate,Mathematics,,
Ecuador,Postgraduate,Mathematics,,
Ecuador,Postgraduate,Mathematics,,
Ecuador,Postgraduate,Mathematics,,
Ecuador,Postgraduate,Mathematics,,
Ecuador,Postgraduate,Mathematics,,
Ecuador,Postgraduate,Mathematics,,
Ecuador,Postgraduate,Mathematics,Escuela Superior Politécnica d ...,
Ecuador,Postgraduate,Medicine,Universidad de Las Américas Ec ...,
Ecuador,Postgraduate,Medicine,,
Ecuador,Postgraduate,Medicine,,
Ecuador,Postgraduate,Medicine,,
Ecuador,Postgraduate,Medicine,,
Ecuador,Postgraduate,Medicine,,
Ecuador,Postgraduate,Medicine,,
Ecuador,Postgraduate,Medicine,,
Ecuador,Postgraduate,Medicine,,
Ecuador,Postgraduate,Medicine,Universidad San Francisco de Q ...,#701-750 QS World University Rankings 2018
Ecuador,Postgraduate,Medicine,,
Ecuador,Postgraduate,Medicine,,
Ecuador,Postgraduate,Medicine,,
Ecuador,Postgraduate,Medicine,,
Ecuador,Postgraduate,Medicine,,
Ecuador,Postgraduate,Medicine,,
Ecuador,Postgraduate,Medicine,,
Ecuador,Postgraduate,Medicine,,
Ecuador,Postgraduate,Medicine,Universidad Católica de Santia ...,
Ecuador,Postgraduate,Medicine Related Studies,Universidad Católica de Santia ...,
Ecuador,Postgraduate,Modern Languages,Universidad de las Fuerzas Arm ...,
Ecuador,Postgraduate,Modern Languages,Cambridge School of Language,
Ecuador,Postgraduate,Modern Languages,Escuela Superior Politécnica d ...,
Ecuador,Postgraduate,Nursing,Universidad Católica de Santia ...,
Ecuador,Postgraduate,Performing Arts,Universidad San Francisco de Q ...,#701-750 QS World University Rankings 2018
Ecuador,Postgraduate,Performing Arts,,
Ecuador,Postgraduate,Performing Arts,,
Ecuador,Postgraduate,Performing Arts,,
Ecuador,Postgraduate,Performing Arts,,
Ecuador,Postgraduate,Performing Arts,,
Ecuador,Postgraduate,Performing Arts,,
Ecuador,Postgraduate,Performing Arts,,
Ecuador,Postgraduate,Performing Arts,,
Ecuador,Postgraduate,Philosophy,Universidad San Francisco de Q ...,#701-750 QS World University Rankings 2018
Ecuador,Postgraduate,Philosophy,,
Ecuador,Postgraduate,Philosophy,,
Ecuador,Postgraduate,Philosophy,,
Ecuador,Postgraduate,Philosophy,,
Ecuador,Postgraduate,Philosophy,,
Ecuador,Postgraduate,Philosophy,,
Ecuador,Postgraduate,Philosophy,,
Ecuador,Postgraduate,Philosophy,,
Ecuador,Postgraduate,Physics & Astronomy,Universidad San Francisco de Q ...,#701-750 QS World University Rankings 2018
Ecuador,Postgraduate,Physics & Astronomy,,
Ecuador,Postgraduate,Physics & Astronomy,,
Ecuador,Postgraduate,Physics & Astronomy,,
Ecuador,Postgraduate,Physics & Astronomy,,
Ecuador,Postgraduate,Physics & Astronomy,,
Ecuador,Postgraduate,Physics & Astronomy,,
Ecuador,Postgraduate,Physics & Astronomy,,
Ecuador,Postgraduate,Physics & Astronomy,,
Ecuador,Postgraduate,Physics & Astronomy,Escuela Superior Politécnica d ...,
Ecuador,Postgraduate,Physics & Astronomy,Universidad de las Fuerzas Arm ...,
Ecuador,Postgraduate,Politics,Universidad de Las Américas Ec ...,
Ecuador,Postgraduate,Politics,,
Ecuador,Postgraduate,Politics,,
Ecuador,Postgraduate,Politics,,
Ecuador,Postgraduate,Politics,,
Ecuador,Postgraduate,Politics,,
Ecuador,Postgraduate,Politics,,
Ecuador,Postgraduate,Politics,,
Ecuador,Postgraduate,Politics,,
Ecuador,Postgraduate,Psychology,Universidad de Las Américas Ec ...,
Ecuador,Postgraduate,Psychology,,
Ecuador,Postgraduate,Psychology,,
Ecuador,Postgraduate,Psychology,,
Ecuador,Postgraduate,Psychology,,
Ecuador,Postgraduate,Psychology,,
Ecuador,Postgraduate,Psychology,,
Ecuador,Postgraduate,Psychology,,
Ecuador,Postgraduate,Psychology,,
Ecuador,Postgraduate,Psychology,Universidad San Francisco de Q ...,#701-750 QS World University Rankings 2018
Ecuador,Postgraduate,Psychology,,
Ecuador,Postgraduate,Psychology,,
Ecuador,Postgraduate,Psychology,,
Ecuador,Postgraduate,Psychology,,
Ecuador,Postgraduate,Psychology,,
Ecuador,Postgraduate,Psychology,,
Ecuador,Postgraduate,Psychology,,
Ecuador,Postgraduate,Psychology,,
Ecuador,Postgraduate,Psychology,Universidad Católica de Santia ...,
Ecuador,Postgraduate,Public Policy,Escuela Superior Politécnica d ...,
Ecuador,Postgraduate,Sociology,Universidad de las Fuerzas Arm ...,
Ecuador,Postgraduate,Statistics and Operational Research,Escuela Superior Politécnica d ...,
Ecuador,Postgraduate,Theology, Divinity & Religious Studies,Universidad Católica de Santia ...,
Ecuador,Postgraduate,Urban Planning,Universidad Católica de Santia ...,
Ecuador,Postgraduate,Veterinary Science,Universidad San Francisco de Q ...,#701-750 QS World University Rankings 2018
Ecuador,Postgraduate,Veterinary Science,,
Ecuador,Postgraduate,Veterinary Science,,
Ecuador,Postgraduate,Veterinary Science,,
Ecuador,Postgraduate,Veterinary Science,,
Ecuador,Postgraduate,Veterinary Science,,
Ecuador,Postgraduate,Veterinary Science,,
Ecuador,Postgraduate,Veterinary Science,,
Ecuador,Postgraduate,Veterinary Science,,
Ecuador,Postgraduate,Veterinary Science,Universidad de Las Américas Ec ...,
Ecuador,Postgraduate,Veterinary Science,,
Ecuador,Postgraduate,Veterinary Science,,
Ecuador,Postgraduate,Veterinary Science,,
Ecuador,Postgraduate,Veterinary Science,,
Ecuador,Postgraduate,Veterinary Science,,
Ecuador,Postgraduate,Veterinary Science,,
Ecuador,Postgraduate,Veterinary Science,,
Ecuador,Postgraduate,Veterinary Science,,
Ecuador,Postgraduate,Veterinary Science,Universidad de las Fuerzas Arm ...,
Ecuador,Postgraduate,Veterinary Science,Escuela Superior Politécnica d ...,
Ecuador,Postgraduate,Zoology,Universidad de las Fuerzas Arm ...,
Ecuador,Postgraduate,Zoology,Escuela Superior Politécnica d ...,

