Country Name,Course Lavel,University Name,Course,Ranking
Austria,Undergraduate,Accounting and Finance,WU (Vienna University of Econo ...,
Austria,Undergraduate,Accounting and Finance,University of Vienna,#154 QS World University Rankings 2018
Austria,Undergraduate,Accounting and Finance,Vienna University of Technology,#=182 QS World University Rankings 2018
Austria,Undergraduate,Accounting and Finance,Universität Innsbruck,#286 QS World University Rankings 2018
Austria,Undergraduate,Accounting and Finance,Johannes Kepler University Linz,#471-480 QS World University Rankings 2018
Austria,Undergraduate,Accounting and Finance,Alpen-Adria-Universitaet Klagenfurt,#751-800 QS World University Rankings 2018
Austria,Undergraduate,Accounting and Finance,Webster Vienna Private University,
Austria,Undergraduate,Agriculture & Forestry,Universität für Bodenkultur Wien,
Austria,Undergraduate,Anthropology,University of Vienna,#154 QS World University Rankings 2018
Austria,Undergraduate,Archaeology,University of Vienna,#154 QS World University Rankings 2018
Austria,Undergraduate,Architecture,Vienna University of Technology,#=182 QS World University Rankings 2018
Austria,Undergraduate,Architecture,Universität Innsbruck,#286 QS World University Rankings 2018
Austria,Undergraduate,Area Studies,University of Vienna,#154 QS World University Rankings 2018
Austria,Undergraduate,Art & Design,Fachhochschule Salzburg,
Austria,Undergraduate,Astronomy,University of Vienna,#154 QS World University Rankings 2018
Austria,Undergraduate,Biological Sciences,University of Vienna,#154 QS World University Rankings 2018
Austria,Undergraduate,Biological Sciences,Universität Innsbruck,#286 QS World University Rankings 2018
Austria,Undergraduate,Biological Sciences,Johannes Kepler University Linz,#471-480 QS World University Rankings 2018
Austria,Undergraduate,Biological Sciences,Universität für Bodenkultur Wien,
Austria,Undergraduate,Built Environment,Vienna University of Technology,#=182 QS World University Rankings 2018
Austria,Undergraduate,Business & Management Studies,WU (Vienna University of Econo ...,
Austria,Undergraduate,Business & Management Studies,University of Vienna,#154 QS World University Rankings 2018
Austria,Undergraduate,Business & Management Studies,Vienna University of Technology,#=182 QS World University Rankings 2018
Austria,Undergraduate,Business & Management Studies,Universität Innsbruck,#286 QS World University Rankings 2018
Austria,Undergraduate,Business & Management Studies,Johannes Kepler University Linz,#471-480 QS World University Rankings 2018
Austria,Undergraduate,Business & Management Studies,Alpen-Adria-Universitaet Klagenfurt,#751-800 QS World University Rankings 2018
Austria,Undergraduate,Business & Management Studies,Webster Vienna Private University,
Austria,Undergraduate,Business & Management Studies,Modul University Vienna,
Austria,Undergraduate,Chemistry,University of Vienna,#154 QS World University Rankings 2018
Austria,Undergraduate,Classics & Ancient History,University of Vienna,#154 QS World University Rankings 2018
Austria,Undergraduate,Classics & Ancient History,Alpen-Adria-Universitaet Klagenfurt,#751-800 QS World University Rankings 2018
Austria,Undergraduate,Communication and Media Studies,WU (Vienna University of Econo ...,
Austria,Undergraduate,Communication and Media Studies,University of Vienna,#154 QS World University Rankings 2018
Austria,Undergraduate,Communication and Media Studies,Vienna University of Technology,#=182 QS World University Rankings 2018
Austria,Undergraduate,Communication and Media Studies,Alpen-Adria-Universitaet Klagenfurt,#751-800 QS World University Rankings 2018
Austria,Undergraduate,Communication and Media Studies,Webster Vienna Private University,
Austria,Undergraduate,Computer Science and Information Systems,University of Vienna,#154 QS World University Rankings 2018
Austria,Undergraduate,Computer Science and Information Systems,Vienna University of Technology,#=182 QS World University Rankings 2018
Austria,Undergraduate,Computer Science and Information Systems,Universität Innsbruck,#286 QS World University Rankings 2018
Austria,Undergraduate,Computer Science and Information Systems,Johannes Kepler University Linz,#471-480 QS World University Rankings 2018
Austria,Undergraduate,Computer Science and Information Systems,Alpen-Adria-Universitaet Klagenfurt,#751-800 QS World University Rankings 2018
Austria,Undergraduate,Development Studies,WU (Vienna University of Econo ...,
Austria,Undergraduate,Development Studies,University of Vienna,#154 QS World University Rankings 2018
Austria,Undergraduate,Development Studies,Modul University Vienna,
Austria,Undergraduate,Earth and Marine Sciences,University of Vienna,#154 QS World University Rankings 2018
Austria,Undergraduate,Earth and Marine Sciences,Vienna University of Technology,#=182 QS World University Rankings 2018
Austria,Undergraduate,Earth and Marine Sciences,Universität Innsbruck,#286 QS World University Rankings 2018
Austria,Undergraduate,Economics and Econometrics,WU (Vienna University of Econo ...,
Austria,Undergraduate,Economics and Econometrics,University of Vienna,#154 QS World University Rankings 2018
Austria,Undergraduate,Economics and Econometrics,Vienna University of Technology,#=182 QS World University Rankings 2018
Austria,Undergraduate,Economics and Econometrics,Universität Innsbruck,#286 QS World University Rankings 2018
Austria,Undergraduate,Economics and Econometrics,Johannes Kepler University Linz,#471-480 QS World University Rankings 2018
Austria,Undergraduate,Economics and Econometrics,IMADEC University,
Austria,Undergraduate,Economics and Econometrics,Webster Vienna Private University,
Austria,Undergraduate,Education and Training,WU (Vienna University of Econo ...,
Austria,Undergraduate,Education and Training,University of Vienna,#154 QS World University Rankings 2018
Austria,Undergraduate,Education and Training,Universität Innsbruck,#286 QS World University Rankings 2018
Austria,Undergraduate,Education and Training,Johannes Kepler University Linz,#471-480 QS World University Rankings 2018
Austria,Undergraduate,Education and Training,Alpen-Adria-Universitaet Klagenfurt,#751-800 QS World University Rankings 2018
Austria,Undergraduate,Engineering - Aeronautical,Vienna University of Technology,#=182 QS World University Rankings 2018
Austria,Undergraduate,Engineering - Aeronautical,Johannes Kepler University Linz,#471-480 QS World University Rankings 2018
Austria,Undergraduate,Engineering - Chemical,Vienna University of Technology,#=182 QS World University Rankings 2018
Austria,Undergraduate,Engineering - Chemical,Universität Innsbruck,#286 QS World University Rankings 2018
Austria,Undergraduate,Engineering - Chemical,Johannes Kepler University Linz,#471-480 QS World University Rankings 2018
Austria,Undergraduate,Engineering - Civil and Structural,Vienna University of Technology,#=182 QS World University Rankings 2018
Austria,Undergraduate,Engineering - Civil and Structural,Universität Innsbruck,#286 QS World University Rankings 2018
Austria,Undergraduate,Engineering - Civil and Structural,Universität für Bodenkultur Wien,
Austria,Undergraduate,Engineering - Electrical and Electronic,Vienna University of Technology,#=182 QS World University Rankings 2018
Austria,Undergraduate,Engineering - Electrical and Electronic,Universität Innsbruck,#286 QS World University Rankings 2018
Austria,Undergraduate,Engineering - Electrical and Electronic,Johannes Kepler University Linz,#471-480 QS World University Rankings 2018
Austria,Undergraduate,Engineering - Electrical and Electronic,Alpen-Adria-Universitaet Klagenfurt,#751-800 QS World University Rankings 2018
Austria,Undergraduate,Engineering - General,Vienna University of Technology,#=182 QS World University Rankings 2018
Austria,Undergraduate,Engineering - General,Johannes Kepler University Linz,#471-480 QS World University Rankings 2018
Austria,Undergraduate,Engineering - General,Alpen-Adria-Universitaet Klagenfurt,#751-800 QS World University Rankings 2018
Austria,Undergraduate,Engineering - General,Universität für Bodenkultur Wien,
Austria,Undergraduate,Engineering - Manufacturing & Production,Johannes Kepler University Linz,#471-480 QS World University Rankings 2018
Austria,Undergraduate,Engineering - Mechanical,Vienna University of Technology,#=182 QS World University Rankings 2018
Austria,Undergraduate,Engineering - Mechanical,Johannes Kepler University Linz,#471-480 QS World University Rankings 2018
Austria,Undergraduate,English Language and Literature,University of Vienna,#154 QS World University Rankings 2018
Austria,Undergraduate,English Language and Literature,Alpen-Adria-Universitaet Klagenfurt,#751-800 QS World University Rankings 2018
Austria,Undergraduate,Environmental Studies,University of Vienna,#154 QS World University Rankings 2018
Austria,Undergraduate,Environmental Studies,Vienna University of Technology,#=182 QS World University Rankings 2018
Austria,Undergraduate,Environmental Studies,Alpen-Adria-Universitaet Klagenfurt,#751-800 QS World University Rankings 2018
Austria,Undergraduate,Environmental Studies,Universität für Bodenkultur Wien,
Austria,Undergraduate,Ethnicity, Gender and Diversity,University of Vienna,#154 QS World University Rankings 2018
Austria,Undergraduate,Finance,WU (Vienna University of Econo ...,
Austria,Undergraduate,Finance,University of Vienna,#154 QS World University Rankings 2018
Austria,Undergraduate,Geography,University of Vienna,#154 QS World University Rankings 2018
Austria,Undergraduate,Geography,Alpen-Adria-Universitaet Klagenfurt,#751-800 QS World University Rankings 2018
Austria,Undergraduate,Hospitality & Leisure Management,WU (Vienna University of Econo ...,
Austria,Undergraduate,Hospitality & Leisure Management,Universität Innsbruck,#286 QS World University Rankings 2018
Austria,Undergraduate,Hospitality & Leisure Management,Modul University Vienna,
Austria,Undergraduate,Human Resources Management,Webster Vienna Private University,
Austria,Undergraduate,International Relations/Studies/Affairs,WU (Vienna University of Econo ...,
Austria,Undergraduate,International Relations/Studies/Affairs,University of Vienna,#154 QS World University Rankings 2018
Austria,Undergraduate,International Relations/Studies/Affairs,Vienna University of Technology,#=182 QS World University Rankings 2018
Austria,Undergraduate,International Relations/Studies/Affairs,Webster Vienna Private University,
Austria,Undergraduate,Law and Legal Studies,University of Vienna,#154 QS World University Rankings 2018
Austria,Undergraduate,Law and Legal Studies,Vienna University of Technology,#=182 QS World University Rankings 2018
Austria,Undergraduate,Law and Legal Studies,Universität Innsbruck,#286 QS World University Rankings 2018
Austria,Undergraduate,Law and Legal Studies,Johannes Kepler University Linz,#471-480 QS World University Rankings 2018
Austria,Undergraduate,Law and Legal Studies,IMADEC University,
Austria,Undergraduate,Linguistics,University of Vienna,#154 QS World University Rankings 2018
Austria,Undergraduate,Linguistics,Alpen-Adria-Universitaet Klagenfurt,#751-800 QS World University Rankings 2018
Austria,Undergraduate,Logistics / Supply Chain Management,WU (Vienna University of Econo ...,
Austria,Undergraduate,Logistics / Supply Chain Management,University of Vienna,#154 QS World University Rankings 2018
Austria,Undergraduate,Logistics / Supply Chain Management,Johannes Kepler University Linz,#471-480 QS World University Rankings 2018
Austria,Undergraduate,Marketing,WU (Vienna University of Econo ...,
Austria,Undergraduate,Marketing,University of Vienna,#154 QS World University Rankings 2018
Austria,Undergraduate,Marketing,Johannes Kepler University Linz,#471-480 QS World University Rankings 2018
Austria,Undergraduate,Marketing,Webster Vienna Private University,
Austria,Undergraduate,Materials Sciences,University of Vienna,#154 QS World University Rankings 2018
Austria,Undergraduate,Mathematics,University of Vienna,#154 QS World University Rankings 2018
Austria,Undergraduate,Mathematics,Vienna University of Technology,#=182 QS World University Rankings 2018
Austria,Undergraduate,Mathematics,Universität Innsbruck,#286 QS World University Rankings 2018
Austria,Undergraduate,Mathematics,Johannes Kepler University Linz,#471-480 QS World University Rankings 2018
Austria,Undergraduate,Mathematics,Alpen-Adria-Universitaet Klagenfurt,#751-800 QS World University Rankings 2018
Austria,Undergraduate,Medicine,Vienna University of Technology,#=182 QS World University Rankings 2018
Austria,Undergraduate,Medicine,Johannes Kepler University Linz,#471-480 QS World University Rankings 2018
Austria,Undergraduate,Medicine Related Studies,Universität Innsbruck,#286 QS World University Rankings 2018
Austria,Undergraduate,Medicine Related Studies,Universität für Bodenkultur Wien,
Austria,Undergraduate,Modern Languages,University of Vienna,#154 QS World University Rankings 2018
Austria,Undergraduate,Modern Languages,Alpen-Adria-Universitaet Klagenfurt,#751-800 QS World University Rankings 2018
Austria,Undergraduate,Nursing,University of Vienna,#154 QS World University Rankings 2018
Austria,Undergraduate,Performing Arts,Vienna University of Technology,#=182 QS World University Rankings 2018
Austria,Undergraduate,Performing Arts,Fachhochschule Salzburg,
Austria,Undergraduate,Pharmacology,University of Vienna,#154 QS World University Rankings 2018
Austria,Undergraduate,Philosophy,University of Vienna,#154 QS World University Rankings 2018
Austria,Undergraduate,Philosophy,Alpen-Adria-Universitaet Klagenfurt,#751-800 QS World University Rankings 2018
Austria,Undergraduate,Physics & Astronomy,University of Vienna,#154 QS World University Rankings 2018
Austria,Undergraduate,Physics & Astronomy,Vienna University of Technology,#=182 QS World University Rankings 2018
Austria,Undergraduate,Physics & Astronomy,Universität Innsbruck,#286 QS World University Rankings 2018
Austria,Undergraduate,Physics & Astronomy,Johannes Kepler University Linz,#471-480 QS World University Rankings 2018
Austria,Undergraduate,Politics,University of Vienna,#154 QS World University Rankings 2018
Austria,Undergraduate,Politics,Universität Innsbruck,#286 QS World University Rankings 2018
Austria,Undergraduate,Politics,Johannes Kepler University Linz,#471-480 QS World University Rankings 2018
Austria,Undergraduate,Psychology,University of Vienna,#154 QS World University Rankings 2018
Austria,Undergraduate,Psychology,Universität Innsbruck,#286 QS World University Rankings 2018
Austria,Undergraduate,Psychology,Alpen-Adria-Universitaet Klagenfurt,#751-800 QS World University Rankings 2018
Austria,Undergraduate,Psychology,Webster Vienna Private University,
Austria,Undergraduate,Public Policy,University of Vienna,#154 QS World University Rankings 2018
Austria,Undergraduate,Public Policy,Johannes Kepler University Linz,#471-480 QS World University Rankings 2018
Austria,Undergraduate,Sociology,WU (Vienna University of Econo ...,
Austria,Undergraduate,Sociology,University of Vienna,#154 QS World University Rankings 2018
Austria,Undergraduate,Sociology,Vienna University of Technology,#=182 QS World University Rankings 2018
Austria,Undergraduate,Sociology,Universität Innsbruck,#286 QS World University Rankings 2018
Austria,Undergraduate,Sociology,Johannes Kepler University Linz,#471-480 QS World University Rankings 2018
Austria,Undergraduate,Sports-related Courses,University of Vienna,#154 QS World University Rankings 2018
Austria,Undergraduate,Sports-related Courses,Universität Innsbruck,#286 QS World University Rankings 2018
Austria,Undergraduate,Statistics and Operational Research,WU (Vienna University of Econo ...,
Austria,Undergraduate,Statistics and Operational Research,University of Vienna,#154 QS World University Rankings 2018
Austria,Undergraduate,Theology, Divinity & Religious Studies,University of Vienna,#154 QS World University Rankings 2018
Austria,Undergraduate,Theology, Divinity & Religious Studies,Universität Innsbruck,#286 QS World University Rankings 2018
Austria,Undergraduate,Urban Planning,Vienna University of Technology,#=182 QS World University Rankings 2018
Austria,Undergraduate,Zoology,University of Vienna,#154 QS World University Rankings 2018
Austria,Postgraduate,Accounting and Finance,WU (Vienna University of Econo ...,
Austria,Postgraduate,Accounting and Finance,University of Vienna,#154 QS World University Rankings 2018
Austria,Postgraduate,Accounting and Finance,Vienna University of Technology,#=182 QS World University Rankings 2018
Austria,Postgraduate,Accounting and Finance,Universität Innsbruck,#286 QS World University Rankings 2018
Austria,Postgraduate,Accounting and Finance,Johannes Kepler University Linz,#471-480 QS World University Rankings 2018
Austria,Postgraduate,Accounting and Finance,Alpen-Adria-Universitaet Klagenfurt,#751-800 QS World University Rankings 2018
Austria,Postgraduate,Accounting and Finance,Webster Vienna Private University,
Austria,Postgraduate,Agriculture & Forestry,Universität für Bodenkultur Wien,
Austria,Postgraduate,Anthropology,University of Vienna,#154 QS World University Rankings 2018
Austria,Postgraduate,Archaeology,University of Vienna,#154 QS World University Rankings 2018
Austria,Postgraduate,Architecture,Vienna University of Technology,#=182 QS World University Rankings 2018
Austria,Postgraduate,Architecture,Universität Innsbruck,#286 QS World University Rankings 2018
Austria,Postgraduate,Area Studies,University of Vienna,#154 QS World University Rankings 2018
Austria,Postgraduate,Art & Design,Fachhochschule Salzburg,
Austria,Postgraduate,Astronomy,University of Vienna,#154 QS World University Rankings 2018
Austria,Postgraduate,Biological Sciences,University of Vienna,#154 QS World University Rankings 2018
Austria,Postgraduate,Biological Sciences,Universität Innsbruck,#286 QS World University Rankings 2018
Austria,Postgraduate,Biological Sciences,Johannes Kepler University Linz,#471-480 QS World University Rankings 2018
Austria,Postgraduate,Biological Sciences,Universität für Bodenkultur Wien,
Austria,Postgraduate,Built Environment,Vienna University of Technology,#=182 QS World University Rankings 2018
Austria,Postgraduate,Business & Management Studies,WU (Vienna University of Econo ...,
Austria,Postgraduate,Business & Management Studies,University of Vienna,#154 QS World University Rankings 2018
Austria,Postgraduate,Business & Management Studies,Vienna University of Technology,#=182 QS World University Rankings 2018
Austria,Postgraduate,Business & Management Studies,Universität Innsbruck,#286 QS World University Rankings 2018
Austria,Postgraduate,Business & Management Studies,Johannes Kepler University Linz,#471-480 QS World University Rankings 2018
Austria,Postgraduate,Business & Management Studies,Alpen-Adria-Universitaet Klagenfurt,#751-800 QS World University Rankings 2018
Austria,Postgraduate,Business & Management Studies,Webster Vienna Private University,
Austria,Postgraduate,Business & Management Studies,Salzburg Urstein Institut,
Austria,Postgraduate,Business & Management Studies,IACA - International Anti-Corr ...,
Austria,Postgraduate,Business & Management Studies,Modul University Vienna,
Austria,Postgraduate,Chemistry,University of Vienna,#154 QS World University Rankings 2018
Austria,Postgraduate,Classics & Ancient History,University of Vienna,#154 QS World University Rankings 2018
Austria,Postgraduate,Classics & Ancient History,Alpen-Adria-Universitaet Klagenfurt,#751-800 QS World University Rankings 2018
Austria,Postgraduate,Classics & Ancient History,Salzburg Urstein Institut,
Austria,Postgraduate,Communication and Media Studies,WU (Vienna University of Econo ...,
Austria,Postgraduate,Communication and Media Studies,University of Vienna,#154 QS World University Rankings 2018
Austria,Postgraduate,Communication and Media Studies,Vienna University of Technology,#=182 QS World University Rankings 2018
Austria,Postgraduate,Communication and Media Studies,Alpen-Adria-Universitaet Klagenfurt,#751-800 QS World University Rankings 2018
Austria,Postgraduate,Communication and Media Studies,Webster Vienna Private University,
Austria,Postgraduate,Communication and Media Studies,Salzburg Urstein Institut,
Austria,Postgraduate,Computer Science and Information Systems,University of Vienna,#154 QS World University Rankings 2018
Austria,Postgraduate,Computer Science and Information Systems,Vienna University of Technology,#=182 QS World University Rankings 2018
Austria,Postgraduate,Computer Science and Information Systems,Universität Innsbruck,#286 QS World University Rankings 2018
Austria,Postgraduate,Computer Science and Information Systems,Johannes Kepler University Linz,#471-480 QS World University Rankings 2018
Austria,Postgraduate,Computer Science and Information Systems,Alpen-Adria-Universitaet Klagenfurt,#751-800 QS World University Rankings 2018
Austria,Postgraduate,Development Studies,WU (Vienna University of Econo ...,
Austria,Postgraduate,Development Studies,University of Vienna,#154 QS World University Rankings 2018
Austria,Postgraduate,Development Studies,IACA - International Anti-Corr ...,
Austria,Postgraduate,Development Studies,Modul University Vienna,
Austria,Postgraduate,Earth and Marine Sciences,University of Vienna,#154 QS World University Rankings 2018
Austria,Postgraduate,Earth and Marine Sciences,Vienna University of Technology,#=182 QS World University Rankings 2018
Austria,Postgraduate,Earth and Marine Sciences,Universität Innsbruck,#286 QS World University Rankings 2018
Austria,Postgraduate,Economics and Econometrics,WU (Vienna University of Econo ...,
Austria,Postgraduate,Economics and Econometrics,University of Vienna,#154 QS World University Rankings 2018
Austria,Postgraduate,Economics and Econometrics,Vienna University of Technology,#=182 QS World University Rankings 2018
Austria,Postgraduate,Economics and Econometrics,Universität Innsbruck,#286 QS World University Rankings 2018
Austria,Postgraduate,Economics and Econometrics,Johannes Kepler University Linz,#471-480 QS World University Rankings 2018
Austria,Postgraduate,Economics and Econometrics,IMADEC University,
Austria,Postgraduate,Economics and Econometrics,Webster Vienna Private University,
Austria,Postgraduate,Education and Training,WU (Vienna University of Econo ...,
Austria,Postgraduate,Education and Training,University of Vienna,#154 QS World University Rankings 2018
Austria,Postgraduate,Education and Training,Universität Innsbruck,#286 QS World University Rankings 2018
Austria,Postgraduate,Education and Training,Johannes Kepler University Linz,#471-480 QS World University Rankings 2018
Austria,Postgraduate,Education and Training,Alpen-Adria-Universitaet Klagenfurt,#751-800 QS World University Rankings 2018
Austria,Postgraduate,Engineering - Aeronautical,Vienna University of Technology,#=182 QS World University Rankings 2018
Austria,Postgraduate,Engineering - Aeronautical,Johannes Kepler University Linz,#471-480 QS World University Rankings 2018
Austria,Postgraduate,Engineering - Chemical,Vienna University of Technology,#=182 QS World University Rankings 2018
Austria,Postgraduate,Engineering - Chemical,Universität Innsbruck,#286 QS World University Rankings 2018
Austria,Postgraduate,Engineering - Chemical,Johannes Kepler University Linz,#471-480 QS World University Rankings 2018
Austria,Postgraduate,Engineering - Civil and Structural,Vienna University of Technology,#=182 QS World University Rankings 2018
Austria,Postgraduate,Engineering - Civil and Structural,Universität Innsbruck,#286 QS World University Rankings 2018
Austria,Postgraduate,Engineering - Civil and Structural,Universität für Bodenkultur Wien,
Austria,Postgraduate,Engineering - Electrical and Electronic,Vienna University of Technology,#=182 QS World University Rankings 2018
Austria,Postgraduate,Engineering - Electrical and Electronic,Universität Innsbruck,#286 QS World University Rankings 2018
Austria,Postgraduate,Engineering - Electrical and Electronic,Johannes Kepler University Linz,#471-480 QS World University Rankings 2018
Austria,Postgraduate,Engineering - Electrical and Electronic,Alpen-Adria-Universitaet Klagenfurt,#751-800 QS World University Rankings 2018
Austria,Postgraduate,Engineering - General,Vienna University of Technology,#=182 QS World University Rankings 2018
Austria,Postgraduate,Engineering - General,Johannes Kepler University Linz,#471-480 QS World University Rankings 2018
Austria,Postgraduate,Engineering - General,Alpen-Adria-Universitaet Klagenfurt,#751-800 QS World University Rankings 2018
Austria,Postgraduate,Engineering - General,Universität für Bodenkultur Wien,
Austria,Postgraduate,Engineering - Manufacturing & Production,Johannes Kepler University Linz,#471-480 QS World University Rankings 2018
Austria,Postgraduate,Engineering - Mechanical,Vienna University of Technology,#=182 QS World University Rankings 2018
Austria,Postgraduate,Engineering - Mechanical,Johannes Kepler University Linz,#471-480 QS World University Rankings 2018
Austria,Postgraduate,English Language and Literature,University of Vienna,#154 QS World University Rankings 2018
Austria,Postgraduate,English Language and Literature,Alpen-Adria-Universitaet Klagenfurt,#751-800 QS World University Rankings 2018
Austria,Postgraduate,Environmental Studies,University of Vienna,#154 QS World University Rankings 2018
Austria,Postgraduate,Environmental Studies,Vienna University of Technology,#=182 QS World University Rankings 2018
Austria,Postgraduate,Environmental Studies,Alpen-Adria-Universitaet Klagenfurt,#751-800 QS World University Rankings 2018
Austria,Postgraduate,Environmental Studies,Salzburg Urstein Institut,
Austria,Postgraduate,Environmental Studies,Diplomatische Akademie Wien - ...,
Austria,Postgraduate,Environmental Studies,Universität für Bodenkultur Wien,
Austria,Postgraduate,Ethnicity, Gender and Diversity,University of Vienna,#154 QS World University Rankings 2018
Austria,Postgraduate,Finance,WU (Vienna University of Econo ...,
Austria,Postgraduate,Finance,University of Vienna,#154 QS World University Rankings 2018
Austria,Postgraduate,Geography,University of Vienna,#154 QS World University Rankings 2018
Austria,Postgraduate,Geography,Alpen-Adria-Universitaet Klagenfurt,#751-800 QS World University Rankings 2018
Austria,Postgraduate,Hospitality & Leisure Management,WU (Vienna University of Econo ...,
Austria,Postgraduate,Hospitality & Leisure Management,Universität Innsbruck,#286 QS World University Rankings 2018
Austria,Postgraduate,Hospitality & Leisure Management,Modul University Vienna,
Austria,Postgraduate,Human Resources Management,Webster Vienna Private University,
Austria,Postgraduate,International Relations/Studies/Affairs,WU (Vienna University of Econo ...,
Austria,Postgraduate,International Relations/Studies/Affairs,University of Vienna,#154 QS World University Rankings 2018
Austria,Postgraduate,International Relations/Studies/Affairs,Vienna University of Technology,#=182 QS World University Rankings 2018
Austria,Postgraduate,International Relations/Studies/Affairs,Webster Vienna Private University,
Austria,Postgraduate,International Relations/Studies/Affairs,Diplomatische Akademie Wien - ...,
Austria,Postgraduate,Law and Legal Studies,University of Vienna,#154 QS World University Rankings 2018
Austria,Postgraduate,Law and Legal Studies,Vienna University of Technology,#=182 QS World University Rankings 2018
Austria,Postgraduate,Law and Legal Studies,Universität Innsbruck,#286 QS World University Rankings 2018
Austria,Postgraduate,Law and Legal Studies,Johannes Kepler University Linz,#471-480 QS World University Rankings 2018
Austria,Postgraduate,Law and Legal Studies,IMADEC University,
Austria,Postgraduate,Law and Legal Studies,IACA - International Anti-Corr ...,
Austria,Postgraduate,Linguistics,University of Vienna,#154 QS World University Rankings 2018
Austria,Postgraduate,Linguistics,Alpen-Adria-Universitaet Klagenfurt,#751-800 QS World University Rankings 2018
Austria,Postgraduate,Logistics / Supply Chain Management,WU (Vienna University of Econo ...,
Austria,Postgraduate,Logistics / Supply Chain Management,University of Vienna,#154 QS World University Rankings 2018
Austria,Postgraduate,Logistics / Supply Chain Management,Johannes Kepler University Linz,#471-480 QS World University Rankings 2018
Austria,Postgraduate,Marketing,WU (Vienna University of Econo ...,
Austria,Postgraduate,Marketing,University of Vienna,#154 QS World University Rankings 2018
Austria,Postgraduate,Marketing,Johannes Kepler University Linz,#471-480 QS World University Rankings 2018
Austria,Postgraduate,Marketing,Webster Vienna Private University,
Austria,Postgraduate,Materials Sciences,University of Vienna,#154 QS World University Rankings 2018
Austria,Postgraduate,Mathematics,University of Vienna,#154 QS World University Rankings 2018
Austria,Postgraduate,Mathematics,Vienna University of Technology,#=182 QS World University Rankings 2018
Austria,Postgraduate,Mathematics,Universität Innsbruck,#286 QS World University Rankings 2018
Austria,Postgraduate,Mathematics,Johannes Kepler University Linz,#471-480 QS World University Rankings 2018
Austria,Postgraduate,Mathematics,Alpen-Adria-Universitaet Klagenfurt,#751-800 QS World University Rankings 2018
Austria,Postgraduate,Medicine,Vienna University of Technology,#=182 QS World University Rankings 2018
Austria,Postgraduate,Medicine,Johannes Kepler University Linz,#471-480 QS World University Rankings 2018
Austria,Postgraduate,Medicine Related Studies,Universität Innsbruck,#286 QS World University Rankings 2018
Austria,Postgraduate,Medicine Related Studies,Universität für Bodenkultur Wien,
Austria,Postgraduate,Modern Languages,University of Vienna,#154 QS World University Rankings 2018
Austria,Postgraduate,Modern Languages,Alpen-Adria-Universitaet Klagenfurt,#751-800 QS World University Rankings 2018
Austria,Postgraduate,Nursing,University of Vienna,#154 QS World University Rankings 2018
Austria,Postgraduate,Performing Arts,Vienna University of Technology,#=182 QS World University Rankings 2018
Austria,Postgraduate,Performing Arts,Fachhochschule Salzburg,
Austria,Postgraduate,Pharmacology,University of Vienna,#154 QS World University Rankings 2018
Austria,Postgraduate,Philosophy,University of Vienna,#154 QS World University Rankings 2018
Austria,Postgraduate,Philosophy,Alpen-Adria-Universitaet Klagenfurt,#751-800 QS World University Rankings 2018
Austria,Postgraduate,Physics & Astronomy,University of Vienna,#154 QS World University Rankings 2018
Austria,Postgraduate,Physics & Astronomy,Vienna University of Technology,#=182 QS World University Rankings 2018
Austria,Postgraduate,Physics & Astronomy,Universität Innsbruck,#286 QS World University Rankings 2018
Austria,Postgraduate,Physics & Astronomy,Johannes Kepler University Linz,#471-480 QS World University Rankings 2018
Austria,Postgraduate,Politics,University of Vienna,#154 QS World University Rankings 2018
Austria,Postgraduate,Politics,Universität Innsbruck,#286 QS World University Rankings 2018
Austria,Postgraduate,Politics,Johannes Kepler University Linz,#471-480 QS World University Rankings 2018
Austria,Postgraduate,Politics,IACA - International Anti-Corr ...,
Austria,Postgraduate,Psychology,University of Vienna,#154 QS World University Rankings 2018
Austria,Postgraduate,Psychology,Universität Innsbruck,#286 QS World University Rankings 2018
Austria,Postgraduate,Psychology,Alpen-Adria-Universitaet Klagenfurt,#751-800 QS World University Rankings 2018
Austria,Postgraduate,Psychology,Webster Vienna Private University,
Austria,Postgraduate,Public Policy,University of Vienna,#154 QS World University Rankings 2018
Austria,Postgraduate,Public Policy,Johannes Kepler University Linz,#471-480 QS World University Rankings 2018
Austria,Postgraduate,Public Policy,IACA - International Anti-Corr ...,
Austria,Postgraduate,Sociology,WU (Vienna University of Econo ...,
Austria,Postgraduate,Sociology,University of Vienna,#154 QS World University Rankings 2018
Austria,Postgraduate,Sociology,Vienna University of Technology,#=182 QS World University Rankings 2018
Austria,Postgraduate,Sociology,Universität Innsbruck,#286 QS World University Rankings 2018
Austria,Postgraduate,Sociology,Johannes Kepler University Linz,#471-480 QS World University Rankings 2018
Austria,Postgraduate,Sociology,IACA - International Anti-Corr ...,
Austria,Postgraduate,Sports-related Courses,University of Vienna,#154 QS World University Rankings 2018
Austria,Postgraduate,Sports-related Courses,Universität Innsbruck,#286 QS World University Rankings 2018
Austria,Postgraduate,Statistics and Operational Research,WU (Vienna University of Econo ...,
Austria,Postgraduate,Statistics and Operational Research,University of Vienna,#154 QS World University Rankings 2018
Austria,Postgraduate,Theology, Divinity & Religious Studies,University of Vienna,#154 QS World University Rankings 2018
Austria,Postgraduate,Theology, Divinity & Religious Studies,Universität Innsbruck,#286 QS World University Rankings 2018
Austria,Postgraduate,Urban Planning,Vienna University of Technology,#=182 QS World University Rankings 2018
Austria,Postgraduate,Zoology,University of Vienna,#154 QS World University Rankings 2018

