1,1520680633334.jpg
2,1520680633480.jpg
6,1520680633609.jpg
8,1520680635309.jpg
9,1520680636243.jpg
10,1520680636306.jpg
19,1520680636479.jpg
28,1520680636578.jpg
29,1520680636647.jpg
30,1520680636904.jpg
31,1520680636962.jpg
32,1520680637022.jpg
33,1520680637095.jpg
34,1520680637166.jpg
35,1520680637220.jpg
36,1520680637269.jpg
37,1520680637874.jpg
38,1520680637956.jpg
39,1520680638070.jpg
40,1520680638170.jpg
41,1520680638272.jpg
42,1520680638372.jpg
43,1520680638427.jpg
44,1520680638474.jpg
45,1520680638533.jpg
46,1520680638634.jpg
47,1520680638694.jpg
48,1520680638806.jpg
49,1520680638869.jpg
50,1520680638949.jpg
51,1520680639048.jpg
52,1520680639156.jpg
53,1520680639262.jpg
54,1520680639324.jpg
55,1520680639382.jpg
56,1520680639471.jpg
57,1520680639587.jpg
58,1520680639919.jpg
59,1520680639969.jpg
60,1520680640017.jpg
61,1520680640116.jpg
62,1520680640235.jpg
63,1520680640353.jpg
64,1520680640455.jpg
65,1520680640508.jpg
73,1520680640613.jpg
74,1520680640720.jpg
76,1520680640984.jpg
78,1520680641128.jpg
79,1520680641267.jpg
85,1520680641365.jpg
89,1520680641615.jpg
90,1520680641715.jpg
93,1520680641982.jpg
95,1520680642096.jpg
97,1520680642212.jpg
98,1520680642319.jpg
100,1520680642506.jpg
101,1520680642678.jpg
103,1520680642785.jpg
107,1520680642934.jpg
108,1520680643247.jpg
109,1520680643356.jpg
110,1520680643466.jpg
112,1520680643578.jpg
113,1520680643727.jpg
115,1520680643829.jpg
116,1520680643932.jpg
117,1520680644129.jpg
118,1520680644274.jpg
120,1520680644386.jpg
121,1520680644485.jpg
129,1520680644608.jpg
131,1520680644798.jpg
133,1520680644920.jpg
134,1520680645035.jpg
135,1520680645146.jpg
139,1520680645334.jpg
140,1520680645451.jpg
141,1520680645564.jpg
142,1520680645688.jpg
143,1520680645812.jpg
144,1520680645873.jpg
145,1520680645976.jpg
146,1520680646089.jpg
148,1520680646266.jpg
150,1520680646390.jpg
156,1520680646503.jpg
160,1520680646555.jpg
169,1520680646611.jpg
178,1520680646659.jpg
187,1520680646763.jpg
196,1520680646826.jpg
205,1520680646973.jpg
214,1520680647026.jpg
223,1520680647132.jpg
232,1520680647246.jpg
241,1520680647348.jpg
242,1520680647446.jpg
243,1520680647501.jpg
244,1520680647687.jpg
246,1520680647900.jpg
247,1520680648064.jpg
248,1520680648126.jpg
249,1520680648177.jpg
250,1520680648246.jpg
251,1520680648355.jpg
252,1520680648484.jpg
253,1520680648583.jpg
262,1520680648769.jpg
263,1520680648885.jpg
264,1520680648983.jpg
265,1520680649096.jpg
267,1520680649218.jpg
270,1520680649322.jpg
272,1520680649452.jpg
273,1520680649570.jpg
275,1520680649784.jpg
276,1520680649881.jpg
277,1520680650042.jpg
279,1520680650150.jpg
281,1520680650348.jpg
282,1520680650448.jpg
286,1520680650556.jpg
295,1520680650623.jpg
304,1520680650693.jpg
305,1520680650795.jpg
306,1520680650893.jpg
308,1520680651006.jpg
309,1520680651072.jpg
317,1520680651183.jpg
318,1520680651293.jpg
319,1520680651405.jpg
320,1520680651506.jpg
321,1520680651615.jpg
322,1520680651713.jpg
323,1520680651845.jpg
324,1520680652062.jpg
325,1520680652171.jpg
327,1520680652286.jpg
329,1520680652406.jpg
330,1520680652548.jpg
337,1520680652602.jpg
338,1520680652651.jpg
339,1520680652756.jpg
341,1520680652935.jpg
344,1520680653032.jpg
345,1520680653089.jpg
354,1520680653257.jpg
363,1520680653360.jpg
372,1520680653419.jpg
381,1520680653482.jpg
390,1520680653543.jpg
399,1520680653670.jpg
408,1520680653771.jpg
417,1520680653819.jpg
426,1520680653875.jpg
435,1520680653935.jpg
444,1520680653978.jpg
453,1520680654044.jpg
462,1520680654097.jpg
471,1520680654232.jpg
480,1520680654281.jpg
489,1520680654357.jpg
490,1520680654420.jpg
491,1520680654650.jpg
492,1520680654811.jpg
493,1520680654959.jpg
494,1520680655011.jpg
495,1520680655080.jpg
497,1520680655186.jpg
498,1520680655240.jpg
499,1520680655286.jpg
500,1520680655390.jpg
501,1520680655445.jpg
502,1520680655514.jpg
503,1520680655571.jpg
504,1520680655779.jpg
505,1520680655882.jpg
507,1520680655984.jpg
508,1520680656098.jpg
514,1520680656301.jpg
515,1520680656412.jpg
518,1520680656521.jpg
522,1520680656623.jpg
524,1520680656818.jpg
526,1520680656884.jpg
527,1520680656932.jpg
529,1520680657049.jpg
539,1520680657159.jpg
540,1520680657301.jpg
541,1520680657408.jpg
543,1520680657519.jpg
544,1520680657671.jpg
545,1520680657720.jpg
549,1520680657874.jpg
551,1520680657940.jpg
552,1520680658080.jpg
554,1520680658203.jpg
563,1520680658262.jpg
564,1520680658395.jpg
565,1520680658472.jpg
568,1520680658517.jpg
571,1520680658568.jpg
572,1520680658692.jpg
573,1520680658812.jpg
574,1520680659372.jpg
576,1520680659486.jpg
577,1520680659534.jpg
580,1520680659726.jpg
581,1520680659834.jpg
584,1520680659950.jpg
586,1520680660051.jpg
587,1520680660230.jpg
595,1520680660360.jpg
597,1520680660480.jpg
603,1520680660585.jpg
604,1520680660812.jpg
607,1520680660878.jpg
608,1520680660932.jpg
609,1520680661032.jpg
611,1520680661218.jpg
612,1520680661336.jpg
613,1520680661389.jpg
614,1520680661499.jpg
617,1520680661810.jpg
619,1520680661858.jpg
620,1520680661968.jpg
625,1520680662081.jpg
630,1520680662529.jpg
636,1520680662716.jpg
639,1520680662829.jpg
641,1520680662884.jpg
643,1520680662941.jpg
647,1520680663082.jpg
648,1520680663139.jpg
649,1520680663242.jpg
653,1520680663401.jpg
655,1520680663515.jpg
657,1520680663621.jpg
659,1520680663676.jpg
660,1520680663813.jpg
669,1520680663871.jpg
678,1520680663928.jpg
687,1520680664046.jpg
696,1520680664205.jpg
705,1520680664477.jpg
706,1520680664520.jpg
707,1520680664575.jpg
708,1520680664637.jpg
709,1520680664695.jpg
717,1520680664803.jpg
720,1520680664902.jpg
721,1520680665121.jpg
729,1520680665247.jpg
734,1520680665366.jpg
735,1520680665481.jpg
740,1520680665622.jpg
746,1520680665675.jpg
747,1520680665791.jpg
748,1520680665862.jpg
749,1520680665939.jpg
750,1520680666052.jpg
751,1520680666117.jpg
759,1520680666244.jpg
763,1520680666359.jpg
764,1520680666470.jpg
770,1520680666594.jpg
771,1520680666702.jpg
772,1520680666808.jpg
774,1520680666912.jpg
776,1520680667077.jpg
780,1520680667281.jpg
781,1520680667486.jpg
782,1520680667604.jpg
783,1520680667715.jpg
784,1520680667855.jpg
785,1520680668025.jpg
794,1520680668093.jpg
795,1520680668139.jpg
796,1520680668256.jpg
797,1520680668349.jpg
798,1520680668393.jpg
799,1520680668443.jpg
800,1520680668490.jpg
801,1520680668608.jpg
803,1520680668710.jpg
808,1520680668830.jpg
809,1520680668888.jpg
812,1520680669003.jpg
813,1520680669054.jpg
814,1520680669218.jpg
818,1520680669317.jpg
822,1520680669647.jpg
824,1520680669822.jpg
826,1520680669945.jpg
827,1520680670058.jpg
834,1520680670181.jpg
835,1520680670348.jpg
837,1520680670530.jpg
838,1520680670715.jpg
842,1520680670965.jpg
854,1520680671264.jpg
855,1520680671308.jpg
857,1520680671378.jpg
860,1520680671595.jpg
862,1520680671795.jpg
863,1520680671915.jpg
865,1520680672029.jpg
866,1520680672187.jpg
868,1520680672242.jpg
869,1520680672345.jpg
873,1520680672483.jpg
874,1520680672655.jpg
875,1520680672756.jpg
877,1520680672854.jpg
880,1520680672973.jpg
881,1520680673674.jpg
883,1520680673767.jpg
885,1520680673870.jpg
889,1520680673992.jpg
891,1520680674113.jpg
892,1520680674224.jpg
893,1520680674279.jpg
895,1520680674526.jpg
896,1520680674635.jpg
897,1520680674731.jpg
899,1520680674872.jpg
900,1520680674933.jpg
901,1520680675111.jpg
910,1520680675223.jpg
919,1520680675290.jpg
928,1520680675416.jpg
937,1520680675606.jpg
946,1520680675659.jpg
955,1520680675707.jpg
964,1520680675759.jpg
973,1520680676019.jpg
982,1520680676066.jpg
991,1520680676108.jpg
1000,1520680676192.jpg
1009,1520680676408.jpg
1018,1520680676522.jpg
1027,1520680677081.jpg
1036,1520680677147.jpg
1045,1520680677419.jpg
1054,1520680677460.jpg
1063,1520680677545.jpg
1072,1520680677588.jpg
1073,1520680678110.jpg
1074,1520680678158.jpg
1075,1520680678232.jpg
1076,1520680678303.jpg
1077,1520680678581.jpg
1078,1520680678621.jpg
1079,1520680678669.jpg
1080,1520680678719.jpg
1081,1520680679143.jpg
1082,1520680679237.jpg
1083,1520680679279.jpg
1084,1520680679376.jpg
1085,1520680679584.jpg
1086,1520680679637.jpg
1087,1520680679749.jpg
1088,1520680679869.jpg
1089,1520680680243.jpg
1091,1520680680355.jpg
1092,1520680680474.jpg
1094,1520680680592.jpg
1097,1520680681042.jpg
1099,1520680681153.jpg
1101,1520680681291.jpg
1103,1520680681402.jpg
1105,1520680681566.jpg
1108,1520680681690.jpg
1109,1520680681804.jpg
1110,1520680682085.jpg
1111,1520680682314.jpg
1112,1520680682424.jpg
1114,1520680682801.jpg
1115,1520680682911.jpg
1118,1520680683053.jpg
1119,1520680683168.jpg
1120,1520680683262.jpg
1123,1520680683387.jpg
1124,1520680683561.jpg
1126,1520680683832.jpg
1127,1520680683974.jpg
1129,1520680684078.jpg
1130,1520680684232.jpg
1139,1520680684304.jpg
1140,1520680684453.jpg
1142,1520680684517.jpg
1143,1520680684722.jpg
1145,1520680684764.jpg
1148,1520680684818.jpg
1152,1520680684865.jpg
1153,1520680685060.jpg
1154,1520680685170.jpg
1155,1520680685244.jpg
1156,1520680685420.jpg
1157,1520680685623.jpg
1158,1520680685722.jpg
1159,1520680685828.jpg
1162,1520680685924.jpg
1164,1520680686072.jpg
1172,1520680686177.jpg
1175,1520680686289.jpg
1182,1520680686392.jpg
1183,1520680686565.jpg
1186,1520680686689.jpg
1188,1520680686960.jpg
1190,1520680687078.jpg
1196,1520680687210.jpg
1197,1520680687310.jpg
1211,1520680687421.jpg
1213,1520680687514.jpg
1217,1520680687685.jpg
1220,1520680687793.jpg
1224,1520680687891.jpg
1226,1520680687982.jpg
1227,1520680688128.jpg
1228,1520680688236.jpg
1229,1520680688353.jpg
1230,1520680688445.jpg
1231,1520680688625.jpg
1232,1520680688735.jpg
1233,1520680688809.jpg
1234,1520680688872.jpg
1235,1520680688971.jpg
1237,1520680689017.jpg
1238,1520680689145.jpg
1240,1520680689265.jpg
1241,1520680689415.jpg
1243,1520680689538.jpg
1244,1520680689641.jpg
1245,1520680689752.jpg
1246,1520680689863.jpg
1247,1520680689977.jpg
1249,1520680690029.jpg
1250,1520680690139.jpg
1251,1520680690260.jpg
1252,1520680690355.jpg
1254,1520680690468.jpg
1255,1520680690576.jpg
1256,1520680690697.jpg
1257,1520680690791.jpg
1259,1520680690890.jpg
1260,1520680690985.jpg
1262,1520680691112.jpg
1264,1520680691218.jpg
1266,1520680691335.jpg
1267,1520680691450.jpg
1268,1520680691573.jpg
1269,1520680691725.jpg
1270,1520680691859.jpg
1271,1520680692213.jpg
1272,1520680692338.jpg
1274,1520680692564.jpg
1275,1520680692685.jpg
1276,1520680692800.jpg
1277,1520680692929.jpg
1279,1520680693159.jpg
1281,1520680693253.jpg
1283,1520680693321.jpg
1292,1520680693433.jpg
1293,1520680693524.jpg
1294,1520680693568.jpg
1295,1520680693665.jpg
1296,1520680693729.jpg
1297,1520680693773.jpg
1299,1520680693885.jpg
1301,1520680694041.jpg
1305,1520680694132.jpg
1306,1520680694226.jpg
1307,1520680694345.jpg
1310,1520680694420.jpg
1311,1520680694520.jpg
1316,1520680694643.jpg
1318,1520680694744.jpg
1319,1520680694944.jpg
1320,1520680695061.jpg
1322,1520680695154.jpg
1323,1520680695266.jpg
1324,1520680695371.jpg
1325,1520680695449.jpg
1326,1520680695494.jpg
1327,1520680695672.jpg
1328,1520680695723.jpg
1329,1520680695818.jpg
1330,1520680695865.jpg
1332,1520680695965.jpg
1333,1520680696064.jpg
1336,1520680696163.jpg
1337,1520680696338.jpg
1338,1520680696437.jpg
1339,1520680696538.jpg
1341,1520680696640.jpg
1342,1520680696827.jpg
1344,1520680696934.jpg
1345,1520680697209.jpg
1346,1520680697319.jpg
1347,1520680697561.jpg
1350,1520680697695.jpg
1358,1520680697838.jpg
1363,1520680697882.jpg
1372,1520680697963.jpg
1381,1520680698075.jpg
1382,1520680698128.jpg
1383,1520680698230.jpg
1384,1520680698440.jpg
1386,1520680698548.jpg
1387,1520680698597.jpg
1388,1520680698763.jpg
1389,1520680698925.jpg
1394,1520680699038.jpg
1395,1520680699194.jpg
1398,1520680699258.jpg
1399,1520680699302.jpg
1400,1520680699400.jpg
1401,1520680699446.jpg
1410,1520680699495.jpg
1419,1520680699593.jpg
1428,1520680699696.jpg
1437,1520680699743.jpg
1446,1520680699800.jpg
1455,1520680699904.jpg
1464,1520680700014.jpg
1473,1520680700121.jpg
1482,1520680700319.jpg
1491,1520680700499.jpg
1500,1520680700612.jpg
1509,1520680700652.jpg
1518,1520680700779.jpg
1527,1520680700890.jpg
1528,1520680700996.jpg
1530,1520680701059.jpg
1531,1520680701199.jpg
1532,1520680701264.jpg
1533,1520680701309.jpg
1534,1520680701358.jpg
1535,1520680701452.jpg
1536,1520680701592.jpg
1537,1520680701691.jpg
1538,1520680701738.jpg
1539,1520680701836.jpg
1540,1520680702021.jpg
1541,1520680702063.jpg
1542,1520680702165.jpg
1546,1520680702221.jpg
1547,1520680702465.jpg
1549,1520680702533.jpg
1554,1520680702639.jpg
1557,1520680702734.jpg
1565,1520680702836.jpg
1580,1520680703013.jpg
1591,1520680703111.jpg
1596,1520680703222.jpg
1597,1520680703449.jpg
1599,1520680703551.jpg
1600,1520680703656.jpg
1603,1520680703756.jpg
1604,1520680703861.jpg
1605,1520680703969.jpg
1606,1520680704048.jpg
1612,1520680704100.jpg
1617,1520680704318.jpg
1618,1520680704414.jpg
1625,1520680704467.jpg
1626,1520680704573.jpg
1627,1520680704708.jpg
1629,1520680704770.jpg
1630,1520680704907.jpg
1636,1520680705059.jpg
1637,1520680705170.jpg
1639,1520680705268.jpg
1645,1520680705309.jpg
1646,1520680705351.jpg
1647,1520680705496.jpg
1648,1520680705558.jpg
1649,1520680705681.jpg
1650,1520680705793.jpg
1651,1520680705892.jpg
1652,1520680705934.jpg
1653,1520680706056.jpg
1654,1520680706163.jpg
1655,1520680706281.jpg
1656,1520680706401.jpg
1661,1520680706504.jpg
1664,1520680706608.jpg
1665,1520680706905.jpg
1668,1520680707017.jpg
1669,1520680707143.jpg
1672,1520680707243.jpg
1673,1520680707376.jpg
1674,1520680707471.jpg
1675,1520680707569.jpg
1676,1520680707673.jpg
1682,1520680707935.jpg
1683,1520680707987.jpg
1692,1520680708109.jpg
1693,1520680708218.jpg
1694,1520680708300.jpg
1695,1520680708410.jpg
1697,1520680708504.jpg
1699,1520680708562.jpg
1700,1520680708917.jpg
1702,1520680709013.jpg
1704,1520680709112.jpg
1705,1520680709225.jpg
1707,1520680709359.jpg
1709,1520680709482.jpg
1716,1520680709542.jpg
1717,1520680709595.jpg
1718,1520680709678.jpg
1719,1520680709723.jpg
1722,1520680709874.jpg
1723,1520680709986.jpg
1724,1520680710120.jpg
1729,1520680710219.jpg
1731,1520680710264.jpg
1732,1520680710335.jpg
1733,1520680710386.jpg
1734,1520680710431.jpg
1735,1520680710543.jpg
1736,1520680710644.jpg
1740,1520680710746.jpg
1741,1520680710847.jpg
1742,1520680710960.jpg
1746,1520680711085.jpg
1747,1520680711243.jpg
1748,1520680711344.jpg
1749,1520680711440.jpg
1751,1520680711539.jpg
1754,1520680711721.jpg
1760,1520680711832.jpg
1762,1520680711928.jpg
1763,1520680711976.jpg
1765,1520680712097.jpg
1768,1520680712210.jpg
1769,1520680712320.jpg
1770,1520680712387.jpg
1771,1520680712505.jpg
1772,1520680712549.jpg
1773,1520680712598.jpg
1774,1520680712640.jpg
1783,1520680712778.jpg
1798,1520680712879.jpg
1799,1520680712993.jpg
1800,1520680713110.jpg
1801,1520680713218.jpg
1802,1520680713265.jpg
1808,1520680713365.jpg
1813,1520680713518.jpg
1814,1520680713673.jpg
1815,1520680713783.jpg
1816,1520680713879.jpg
1823,1520680713981.jpg
1824,1520680714191.jpg
1825,1520680714288.jpg
1828,1520680714390.jpg
1830,1520680714495.jpg
1832,1520680714627.jpg
1836,1520680714785.jpg
1838,1520680714921.jpg
1841,1520680714965.jpg
1842,1520680715012.jpg
1844,1520680715128.jpg
1849,1520680715187.jpg
1858,1520680715662.jpg
1867,1520680715764.jpg
1876,1520680715806.jpg
1885,1520680715847.jpg
1886,1520680715963.jpg
1887,1520680716103.jpg
1888,1520680716163.jpg
1889,1520680716275.jpg
1891,1520680716378.jpg
1892,1520680716528.jpg
1893,1520680716642.jpg
1894,1520680716749.jpg
1895,1520680716862.jpg
1896,1520680716999.jpg
1897,1520680717111.jpg
1898,1520680717235.jpg
1899,1520680717329.jpg
1901,1520680717473.jpg
1904,1520680717571.jpg
1905,1520680717683.jpg
1906,1520680717845.jpg
1907,1520680718139.jpg
1908,1520680718245.jpg
1910,1520680718375.jpg
1911,1520680718471.jpg
1912,1520680718634.jpg
1913,1520680718741.jpg
1914,1520680718848.jpg
1915,1520680718955.jpg
1918,1520680719067.jpg
1920,1520680719176.jpg
1924,1520680719347.jpg
1926,1520680719454.jpg
1928,1520680719687.jpg
1930,1520680719787.jpg
1931,1520680720661.jpg
1932,1520680720781.jpg
1934,1520680721042.jpg
1935,1520680721170.jpg
1937,1520680721303.jpg
1938,1520680721419.jpg
1939,1520680721583.jpg
1940,1520680721684.jpg
1941,1520680721837.jpg
1943,1520680721890.jpg
1952,1520680721959.jpg
1961,1520680722025.jpg
1970,1520680722071.jpg
1979,1520680722125.jpg
1988,1520680722252.jpg
1997,1520680722373.jpg
2006,1520680722483.jpg
2015,1520680722531.jpg
2024,1520680722657.jpg
2033,1520680722712.jpg
2042,1520680722827.jpg
2051,1520680722881.jpg
2052,1520680722997.jpg
2053,1520680723047.jpg
2054,1520680723106.jpg
2055,1520680723164.jpg
2056,1520680723242.jpg
2057,1520680723291.jpg
2058,1520680723346.jpg
2059,1520680723394.jpg
2060,1520680723678.jpg
2061,1520680723746.jpg
2062,1520680724016.jpg
2063,1520680724139.jpg
2064,1520680724188.jpg
2065,1520680724237.jpg
2066,1520680724285.jpg
2067,1520680724403.jpg
2068,1520680724540.jpg
2069,1520680724589.jpg
2070,1520680724700.jpg
2079,1520680724819.jpg
2080,1520680724971.jpg
2081,1520680725098.jpg
2087,1520680725195.jpg
2089,1520680725293.jpg
2091,1520680725341.jpg
2092,1520680725445.jpg
2095,1520680725558.jpg
2097,1520680725670.jpg
2100,1520680725888.jpg
2101,1520680726017.jpg
2105,1520680726134.jpg
2110,1520680726258.jpg
2115,1520680726534.jpg
2119,1520680726646.jpg
2120,1520680726761.jpg
2121,1520680726867.jpg
2122,1520680727012.jpg
2124,1520680727164.jpg
2127,1520680727345.jpg
2130,1520680727449.jpg
2134,1520680727606.jpg
2139,1520680727768.jpg
2142,1520680727820.jpg
2146,1520680727876.jpg
2155,1520680727986.jpg
2156,1520680728045.jpg
2157,1520680728111.jpg
2158,1520680728175.jpg
2159,1520680728248.jpg
2160,1520680728298.jpg
2161,1520680728352.jpg
2162,1520680728485.jpg
2168,1520680728650.jpg
2169,1520680728784.jpg
2177,1520680728883.jpg
2179,1520680728923.jpg
2180,1520680729020.jpg
2181,1520680729121.jpg
2183,1520680729170.jpg
2188,1520680729275.jpg
2189,1520680729529.jpg
2192,1520680729644.jpg
2194,1520680729773.jpg
2199,1520680729882.jpg
2208,1520680730104.jpg
2209,1520680730260.jpg
2210,1520680730373.jpg
2211,1520680730423.jpg
2212,1520680730618.jpg
2213,1520680730730.jpg
2214,1520680730789.jpg
2215,1520680730904.jpg
2216,1520680730973.jpg
2217,1520680731073.jpg
2218,1520680731204.jpg
2222,1520680731333.jpg
2227,1520680731474.jpg
2228,1520680731581.jpg
2229,1520680731684.jpg
2231,1520680731809.jpg
2235,1520680731939.jpg
2236,1520680732114.jpg
2237,1520680732222.jpg
2244,1520680732346.jpg
2246,1520680732544.jpg
2247,1520680732648.jpg
2249,1520680732768.jpg
2262,1520680732842.jpg
2271,1520680732955.jpg
2280,1520680733000.jpg
2289,1520680733049.jpg
2290,1520680733099.jpg
2291,1520680733191.jpg
2292,1520680733246.jpg
2296,1520680733296.jpg
2305,1520680733345.jpg
2314,1520680733554.jpg
2323,1520680733652.jpg
2332,1520680733737.jpg
2341,1520680733787.jpg
2350,1520680733900.jpg
2359,1520680734001.jpg
2368,1520680734060.jpg
2377,1520680734189.jpg
2386,1520680734304.jpg
2387,1520680734356.jpg
2388,1520680734418.jpg
2389,1520680734468.jpg
2390,1520680734665.jpg
2391,1520680734718.jpg
2392,1520680734819.jpg
2393,1520680734907.jpg
2394,1520680735037.jpg
2395,1520680735099.jpg
2396,1520680735153.jpg
2397,1520680735272.jpg
2398,1520680735391.jpg
2399,1520680735462.jpg
2400,1520680735530.jpg
2401,1520680735581.jpg
2402,1520680735685.jpg
2403,1520680735732.jpg
2404,1520680735855.jpg
2405,1520680735974.jpg
2406,1520680736142.jpg
2407,1520680736193.jpg
2408,1520680736238.jpg
2409,1520680736528.jpg
2410,1520680736727.jpg
2411,1520680736903.jpg
2412,1520680736991.jpg
2413,1520680737053.jpg
2414,1520680737245.jpg
2415,1520680737348.jpg
2416,1520680737403.jpg
2417,1520680737450.jpg
2418,1520680737541.jpg
2419,1520680737584.jpg
2420,1520680737639.jpg
2421,1520680737740.jpg
2422,1520680737822.jpg
2423,1520680737866.jpg
2424,1520680737924.jpg
2425,1520680737970.jpg
2426,1520680738146.jpg
2427,1520680738201.jpg
2428,1520680738310.jpg
2429,1520680738379.jpg
2430,1520680738427.jpg
2431,1520680738543.jpg
2432,1520680738641.jpg
2433,1520680738693.jpg
2434,1520680738741.jpg
2435,1520680738794.jpg
2436,1520680738843.jpg
2437,1520680738892.jpg
2438,1520680738938.jpg
2439,1520680738982.jpg
2440,1520680739031.jpg
2441,1520680739079.jpg
2442,1520680739248.jpg
2443,1520680739294.jpg
2444,1520680739340.jpg
2445,1520680739393.jpg
2446,1520680739451.jpg
2447,1520680739517.jpg
2448,1520680739576.jpg
2449,1520680739653.jpg
2450,1520680739708.jpg
2451,1520680739754.jpg
2452,1520680739800.jpg
2453,1520680739915.jpg
2454,1520680739991.jpg
2455,1520680740052.jpg
2456,1520680740195.jpg
2457,1520680740243.jpg
2458,1520680740388.jpg
2459,1520680740443.jpg
2460,1520680740489.jpg
2461,1520680740596.jpg
2462,1520680740647.jpg
2463,1520680740708.jpg
2464,1520680740763.jpg
2465,1520680740815.jpg
2466,1520680741104.jpg
2467,1520680741160.jpg
2468,1520680741278.jpg
2469,1520680741337.jpg
2470,1520680741404.jpg
2471,1520680741468.jpg
2472,1520680741521.jpg
2473,1520680741695.jpg
2474,1520680742249.jpg
2475,1520680742308.jpg
2476,1520680742360.jpg
2477,1520680742447.jpg
2478,1520680742565.jpg
2479,1520680742626.jpg
2480,1520680742672.jpg
2481,1520680742873.jpg
2482,1520680742921.jpg
2483,1520680742968.jpg
2484,1520680743022.jpg
2485,1520680743124.jpg
2486,1520680743231.jpg
2487,1520680743288.jpg
2488,1520680743387.jpg
2489,1520680743525.jpg
2490,1520680743640.jpg
2491,1520680743692.jpg
2492,1520680743740.jpg
2493,1520680743832.jpg
2494,1520680743975.jpg
2495,1520680744032.jpg
2496,1520680744135.jpg
2497,1520680744203.jpg
2498,1520680744307.jpg
2499,1520680744413.jpg
2500,1520680744468.jpg
2501,1520680744614.jpg
2502,1520680744674.jpg
2503,1520680744828.jpg
2504,1520680744936.jpg
2505,1520680745247.jpg
2506,1520680745354.jpg
2507,1520680745528.jpg
2508,1520680745601.jpg
2509,1520680745860.jpg
2510,1520680745971.jpg
2511,1520680746077.jpg
2512,1520680746204.jpg
2513,1520680746390.jpg
2514,1520680746504.jpg
2515,1520680746558.jpg
2516,1520680746608.jpg
2517,1520680746816.jpg
2518,1520680746869.jpg
2519,1520680747009.jpg
2520,1520680747125.jpg
2521,1520680747266.jpg
2522,1520680747315.jpg
2523,1520680747472.jpg
2524,1520680747575.jpg
2525,1520680747684.jpg
2526,1520680747797.jpg
2527,1520680747924.jpg
2528,1520680748256.jpg
2529,1520680748380.jpg
2530,1520680748487.jpg
2531,1520680748599.jpg
2532,1520680748649.jpg
2533,1520680748936.jpg
2534,1520680748984.jpg
2535,1520680749045.jpg
2536,1520680749094.jpg
2537,1520680749256.jpg
2538,1520680749368.jpg
2541,1520680749472.jpg
2549,1520680749574.jpg
2552,1520680749875.jpg
2556,1520680749975.jpg
2561,1520680750077.jpg
2569,1520680750180.jpg
2570,1520680750248.jpg
2571,1520680750359.jpg
2572,1520680750412.jpg
2577,1520680750555.jpg
2584,1520680750707.jpg
2587,1520680750807.jpg
2588,1520680750903.jpg
2591,1520680751000.jpg
2594,1520680751178.jpg
2596,1520680751280.jpg
2598,1520680751384.jpg
2599,1520680751674.jpg
2600,1520680751804.jpg
2601,1520680751905.jpg
2602,1520680752009.jpg
2604,1520680752130.jpg
2606,1520680752242.jpg
2607,1520680752340.jpg
2613,1520680752440.jpg
2623,1520680752547.jpg
2636,1520680752692.jpg
2637,1520680752792.jpg
2643,1520680752838.jpg
2646,1520680752944.jpg
2666,1520680753060.jpg
2667,1520680753170.jpg
2670,1520680753262.jpg
2681,1520680753363.jpg
2684,1520680753522.jpg
2685,1520680753631.jpg
2687,1520680754547.jpg
2696,1520680754651.jpg
2697,1520680754758.jpg
2703,1520680754866.jpg
2712,1520680754987.jpg
2715,1520680755091.jpg
2718,1520680755194.jpg
2719,1520680755295.jpg
2721,1520680755397.jpg
2722,1520680755496.jpg
2727,1520680755731.jpg
2736,1520680755837.jpg
2758,1520680755940.jpg
2762,1520680756040.jpg
2766,1520680756149.jpg
2773,1520680756247.jpg
2776,1520680756364.jpg
2778,1520680756474.jpg
2797,1520680756583.jpg
2811,1520680756844.jpg
2812,1520680756953.jpg
2820,1520680757064.jpg
2825,1520680757359.jpg
2828,1520680757470.jpg
2831,1520680757570.jpg
2832,1520680757632.jpg
2833,1520680757754.jpg
2836,1520680757858.jpg
2839,1520680757984.jpg
2841,1520680758102.jpg
2842,1520680758240.jpg
2851,1520680758345.jpg
2854,1520680758443.jpg
2855,1520680758568.jpg
2858,1520680758692.jpg
2860,1520680758820.jpg
2862,1520680758915.jpg
2865,1520680758973.jpg
2869,1520680759104.jpg
2871,1520680759367.jpg
2876,1520680759469.jpg
2882,1520680759574.jpg
2894,1520680759778.jpg
2897,1520680759887.jpg
2901,1520680760030.jpg
2903,1520680760130.jpg
2907,1520680760340.jpg
2911,1520680760452.jpg
2912,1520680760553.jpg
2919,1520680760674.jpg
2921,1520680760825.jpg
2922,1520680760924.jpg
2924,1520680761065.jpg
2925,1520680761180.jpg
2927,1520680761413.jpg
2928,1520680761560.jpg
2930,1520680761676.jpg
2934,1520680761793.jpg
2936,1520680761968.jpg
2937,1520680762075.jpg
2955,1520680762190.jpg
2964,1520680762306.jpg
2965,1520680762413.jpg
2970,1520680762507.jpg
2984,1520680762613.jpg
2985,1520680762736.jpg
2991,1520680762859.jpg
3007,1520680762968.jpg
3014,1520680763059.jpg
3016,1520680763185.jpg
3019,1520680763314.jpg
3022,1520680763438.jpg
3027,1520680763543.jpg
3029,1520680763663.jpg
3030,1520680763834.jpg
3043,1520680763938.jpg
3046,1520680764057.jpg
3048,1520680764159.jpg
3049,1520680764277.jpg
3058,1520680764393.jpg
3064,1520680764500.jpg
3065,1520680764740.jpg
3069,1520680764891.jpg
3077,1520680765034.jpg
3085,1520680765084.jpg
3094,1520680765140.jpg
3103,1520680765525.jpg
3112,1520680765641.jpg
3117,1520680765756.jpg
3119,1520680765860.jpg
3124,1520680765980.jpg
3126,1520680766079.jpg
3127,1520680766841.jpg
3131,1520680766912.jpg
3140,1520680767085.jpg
3149,1520680767131.jpg
3158,1520680767290.jpg
3167,1520680767409.jpg
3176,1520680767476.jpg
3185,1520680767523.jpg
3194,1520680767580.jpg
3203,1520680767639.jpg
3212,1520680767758.jpg
3221,1520680767873.jpg
3230,1520680767934.jpg
3239,1520680768011.jpg
3248,1520680768109.jpg
3257,1520680768177.jpg
3258,1520680768233.jpg
3259,1520680768344.jpg
3260,1520680768499.jpg
3261,1520680768559.jpg
3262,1520680768623.jpg
3263,1520680768677.jpg
3264,1520680768769.jpg
3267,1520680768872.jpg
3269,1520680768990.jpg
3270,1520680769098.jpg
3273,1520680769241.jpg
3276,1520680769350.jpg
3277,1520680769456.jpg
3280,1520680769772.jpg
3281,1520680769900.jpg
3283,1520680770012.jpg
3284,1520680770151.jpg
3286,1520680770259.jpg
3287,1520680770442.jpg
3291,1520680770548.jpg
3292,1520680770660.jpg
3296,1520680770767.jpg
3297,1520680770932.jpg
3298,1520680771040.jpg
3299,1520680771152.jpg
3300,1520680771282.jpg
3301,1520680771462.jpg
3302,1520680771569.jpg
3304,1520680771706.jpg
3305,1520680771815.jpg
3307,1520680771969.jpg
3311,1520680772087.jpg
3314,1520680772192.jpg
3315,1520680772294.jpg
3316,1520680772468.jpg
3317,1520680772594.jpg
3320,1520680772721.jpg
3323,1520680772821.jpg
3325,1520680772994.jpg
3326,1520680773099.jpg
3329,1520680773231.jpg
3335,1520680773334.jpg
3345,1520680773527.jpg
3346,1520680773627.jpg
3355,1520680773673.jpg
3356,1520680773788.jpg
3357,1520680773910.jpg
3358,1520680773968.jpg
3359,1520680774089.jpg
3364,1520680774221.jpg
3368,1520680774530.jpg
3375,1520680774629.jpg
3377,1520680774754.jpg
3378,1520680774873.jpg
3380,1520680774935.jpg
3389,1520680775050.jpg
3390,1520680775162.jpg
3391,1520680775215.jpg
3392,1520680775310.jpg
3396,1520680775414.jpg
3402,1520680775519.jpg
3403,1520680775642.jpg
3405,1520680775789.jpg
3406,1520680775905.jpg
3407,1520680776023.jpg
3408,1520680776127.jpg
3409,1520680776359.jpg
3414,1520680776470.jpg
3415,1520680776521.jpg
3417,1520680776626.jpg
3420,1520680776753.jpg
3423,1520680776807.jpg
3424,1520680776915.jpg
3425,1520680777111.jpg
3426,1520680777194.jpg
3427,1520680777247.jpg
3428,1520680777344.jpg
3429,1520680777469.jpg
3430,1520680777580.jpg
3435,1520680777711.jpg
3444,1520680777815.jpg
3450,1520680777916.jpg
3456,1520680778068.jpg
3457,1520680778178.jpg
3461,1520680778301.jpg
3475,1520680778416.jpg
3476,1520680778537.jpg
3482,1520680778641.jpg
3483,1520680778752.jpg
3486,1520680778859.jpg
3493,1520680778946.jpg
3509,1520680779071.jpg
3510,1520680779180.jpg
3513,1520680779296.jpg
3522,1520680779364.jpg
3524,1520680779474.jpg
3526,1520680779577.jpg
3527,1520680779682.jpg
3529,1520680779776.jpg
3530,1520680779917.jpg
3532,1520680780037.jpg
3533,1520680780147.jpg
3535,1520680780307.jpg
3544,1520680780414.jpg
3547,1520680780519.jpg
3550,1520680780627.jpg
3551,1520680780807.jpg
3556,1520680780914.jpg
3557,1520680781015.jpg
3558,1520680781130.jpg
3567,1520680781252.jpg
3571,1520680781386.jpg
3580,1520680781441.jpg
3590,1520680781551.jpg
3591,1520680781666.jpg
3592,1520680781728.jpg
3593,1520680781865.jpg
3594,1520680781978.jpg
3595,1520680782102.jpg
3596,1520680782369.jpg
3597,1520680782484.jpg
3598,1520680782563.jpg
3599,1520680782764.jpg
3600,1520680782863.jpg
3601,1520680782991.jpg
3602,1520680783318.jpg
3603,1520680783493.jpg
3604,1520680783617.jpg
3605,1520680783717.jpg
3608,1520680783859.jpg
3609,1520680783909.jpg
3610,1520680784015.jpg
3611,1520680784134.jpg
3613,1520680784250.jpg
3614,1520680784382.jpg
3615,1520680784505.jpg
3621,1520680784637.jpg
3622,1520680784756.jpg
3624,1520680784876.jpg
3626,1520680784986.jpg
3629,1520680785107.jpg
3632,1520680785227.jpg
3634,1520680785348.jpg
3635,1520680785405.jpg
3636,1520680785460.jpg
3638,1520680785589.jpg
3639,1520680786087.jpg
3640,1520680786207.jpg
3643,1520680786321.jpg
3644,1520680786436.jpg
3646,1520680786527.jpg
3647,1520680786631.jpg
3650,1520680786791.jpg
3651,1520680786850.jpg
3653,1520680787098.jpg
3660,1520680787204.jpg
3662,1520680787316.jpg
3663,1520680787373.jpg
3664,1520680787480.jpg
3665,1520680787652.jpg
3666,1520680787766.jpg
3667,1520680787850.jpg
3668,1520680788106.jpg
3669,1520680788173.jpg
3673,1520680788272.jpg
3683,1520680788327.jpg
3685,1520680788502.jpg
3687,1520680788567.jpg
3692,1520680788685.jpg
3695,1520680788820.jpg
3697,1520680789021.jpg
3698,1520680789089.jpg
3707,1520680789385.jpg
3716,1520680789590.jpg
3725,1520680789744.jpg
3734,1520680789796.jpg
3743,1520680789913.jpg
3752,1520680790014.jpg
3761,1520680790078.jpg
3770,1520680790193.jpg
3779,1520680790302.jpg
3788,1520680790410.jpg
3797,1520680790477.jpg
3806,1520680790633.jpg
3815,1520680790748.jpg
3816,1520680790861.jpg
3817,1520680791033.jpg
3818,1520680791083.jpg
3819,1520680791148.jpg
3820,1520680791209.jpg
3821,1520680791338.jpg
3822,1520680791458.jpg
3824,1520680791510.jpg
3825,1520680791557.jpg
3826,1520680791729.jpg
3827,1520680791830.jpg
3828,1520680791877.jpg
3829,1520680792015.jpg
3830,1520680792125.jpg
3831,1520680792232.jpg
3833,1520680792278.jpg
3834,1520680792332.jpg
3835,1520680792691.jpg
3836,1520680792740.jpg
3838,1520680792790.jpg
3839,1520680792849.jpg
3840,1520680792978.jpg
3841,1520680793082.jpg
3842,1520680793183.jpg
3843,1520680793308.jpg
3846,1520680793424.jpg
3847,1520680793523.jpg
3848,1520680793624.jpg
3849,1520680793747.jpg
3850,1520680793856.jpg
3851,1520680793971.jpg
3852,1520680794102.jpg
3853,1520680794205.jpg
3854,1520680794343.jpg
3855,1520680794451.jpg
3856,1520680794572.jpg
3857,1520680794622.jpg
3858,1520680794766.jpg
3859,1520680794906.jpg
3866,1520680795017.jpg
3880,1520680795121.jpg
3889,1520680795243.jpg
3891,1520680795344.jpg
3896,1520680795461.jpg
3903,1520680795580.jpg
3908,1520680795694.jpg
3924,1520680795810.jpg
3925,1520680795907.jpg
3932,1520680796012.jpg
3933,1520680796127.jpg
3941,1520680796241.jpg
3953,1520680796351.jpg
3959,1520680796452.jpg
3961,1520680796627.jpg
3976,1520680796733.jpg
3989,1520680796853.jpg
3992,1520680796964.jpg
3995,1520680797464.jpg
3998,1520680797575.jpg
4002,1520680797679.jpg
4004,1520680797797.jpg
4005,1520680798027.jpg
4011,1520680798158.jpg
4030,1520680798293.jpg
4037,1520680798432.jpg
4040,1520680798554.jpg
4041,1520680798662.jpg
4061,1520680798729.jpg
4063,1520680798832.jpg
4069,1520680798944.jpg
4071,1520680799054.jpg
4110,1520680799175.jpg
4128,1520680799287.jpg
4134,1520680799408.jpg
4142,1520680799520.jpg
4143,1520680799630.jpg
4144,1520680799733.jpg
4145,1520680799959.jpg
4146,1520680800023.jpg
4147,1520680800073.jpg
4149,1520680800172.jpg
4152,1520680800344.jpg
4154,1520680800398.jpg
4155,1520680800506.jpg
4156,1520680800638.jpg
4157,1520680800688.jpg
4158,1520680800749.jpg
4159,1520680800802.jpg
4160,1520680800932.jpg
4161,1520680800989.jpg
4162,1520680801163.jpg
4163,1520680801209.jpg
4165,1520680801336.jpg
4168,1520680801464.jpg
4174,1520680801588.jpg
4179,1520680801699.jpg
4181,1520680801796.jpg
4186,1520680801972.jpg
4189,1520680802072.jpg
4191,1520680802185.jpg
4193,1520680802279.jpg
4194,1520680802550.jpg
4196,1520680802744.jpg
4197,1520680802845.jpg
4198,1520680802964.jpg
4201,1520680803091.jpg
4207,1520680803146.jpg
4209,1520680803265.jpg
4214,1520680803377.jpg
4221,1520680803512.jpg
4223,1520680803633.jpg
4224,1520680803735.jpg
4228,1520680803797.jpg
4230,1520680803914.jpg
4239,1520680804029.jpg
4248,1520680804087.jpg
4257,1520680804188.jpg
4266,1520680804338.jpg
4275,1520680804384.jpg
4284,1520680804425.jpg
4293,1520680804504.jpg
4302,1520680804589.jpg
4311,1520680804644.jpg
4313,1520680804729.jpg
4314,1520680804787.jpg
4315,1520680804884.jpg
4316,1520680804929.jpg
4317,1520680804976.jpg
4318,1520680805082.jpg
4319,1520680805227.jpg
4324,1520680805327.jpg
4325,1520680805435.jpg
4326,1520680805539.jpg
4327,1520680805762.jpg
4338,1520680805883.jpg
4342,1520680805984.jpg
4343,1520680806099.jpg
4344,1520680806248.jpg
4348,1520680806350.jpg
4355,1520680806456.jpg
4358,1520680806562.jpg
4364,1520680806658.jpg
4373,1520680806731.jpg
4382,1520680806836.jpg
4383,1520680806887.jpg
4384,1520680807053.jpg
4385,1520680807097.jpg
4386,1520680807193.jpg
4387,1520680807300.jpg
4388,1520680807406.jpg
4389,1520680808153.jpg
4396,1520680808275.jpg
4397,1520680808389.jpg
4403,1520680808500.jpg
4404,1520680808571.jpg
4405,1520680808670.jpg
4406,1520680808779.jpg
4407,1520680808853.jpg
4408,1520680808921.jpg
4409,1520680808976.jpg
4410,1520680809026.jpg
4411,1520680809150.jpg
4412,1520680809215.jpg
4413,1520680809335.jpg
4414,1520680809460.jpg
4415,1520680809594.jpg
4416,1520680809862.jpg
4417,1520680809969.jpg
4418,1520680810031.jpg
4419,1520680810095.jpg
4420,1520680810141.jpg
4421,1520680810240.jpg
4422,1520680810356.jpg
4423,1520680810511.jpg
4428,1520680810559.jpg
4429,1520680810653.jpg
4431,1520680810781.jpg
4432,1520680810888.jpg
4433,1520680811020.jpg
4436,1520680811131.jpg
4437,1520680811237.jpg
4438,1520680811440.jpg
4439,1520680811543.jpg
4440,1520680811630.jpg
4441,1520680811739.jpg
4445,1520680811967.jpg
4449,1520680812071.jpg
4450,1520680812128.jpg
4451,1520680812251.jpg
4460,1520680812310.jpg
4469,1520680812490.jpg
4478,1520680812589.jpg
4487,1520680812638.jpg
4496,1520680812713.jpg
4505,1520680812838.jpg
4514,1520680812885.jpg
4523,1520680813021.jpg
4532,1520680813190.jpg
4533,1520680813234.jpg
4534,1520680813275.jpg
4535,1520680813316.jpg
4536,1520680813546.jpg
4537,1520680813604.jpg
4538,1520680813653.jpg
4539,1520680813712.jpg
4540,1520680813812.jpg
4541,1520680813862.jpg
4542,1520680813956.jpg
4543,1520680814007.jpg
4544,1520680814122.jpg
4545,1520680814658.jpg
4546,1520680814710.jpg
4547,1520680814754.jpg
4548,1520680814867.jpg
4549,1520680814983.jpg
4550,1520680815079.jpg
4551,1520680815212.jpg
4563,1520680815308.jpg
4565,1520680815404.jpg
4568,1520680815516.jpg
4570,1520680815631.jpg
4577,1520680815809.jpg
4583,1520680815913.jpg
4584,1520680816031.jpg
4593,1520680816150.jpg
4604,1520680816360.jpg
4613,1520680816474.jpg
4622,1520680816529.jpg
4631,1520680816575.jpg
4640,1520680816620.jpg
4649,1520680816664.jpg
4658,1520680816767.jpg
4667,1520680816882.jpg
4676,1520680817063.jpg
4685,1520680817117.jpg
4694,1520680817332.jpg
4703,1520680817381.jpg
4712,1520680817625.jpg
4721,1520680817732.jpg
4730,1520680817790.jpg
4739,1520680817849.jpg
4748,1520680817954.jpg
4757,1520680818071.jpg
4766,1520680818170.jpg
4775,1520680818213.jpg
4784,1520680818264.jpg
4793,1520680818373.jpg
4802,1520680818421.jpg
4811,1520680818879.jpg
4820,1520680819061.jpg
4829,1520680819137.jpg
4838,1520680819186.jpg
4847,1520680819317.jpg
4856,1520680819417.jpg
4865,1520680819529.jpg
4874,1520680819585.jpg
4883,1520680819629.jpg
4892,1520680819850.jpg
4901,1520680819954.jpg
4910,1520680820003.jpg
4919,1520680820051.jpg
4928,1520680820163.jpg
4937,1520680820210.jpg
4938,1520680820260.jpg
4939,1520680820302.jpg
4940,1520680820404.jpg
4941,1520680820448.jpg
4942,1520680820492.jpg
4943,1520680820531.jpg
4944,1520680820600.jpg
4945,1520680820645.jpg
4946,1520680820742.jpg
4947,1520680820796.jpg
4948,1520680820845.jpg
4949,1520680820892.jpg
4950,1520680820937.jpg
4951,1520680820996.jpg
4952,1520680821044.jpg
4953,1520680821161.jpg
4954,1520680821228.jpg
4955,1520680821321.jpg
4956,1520680821372.jpg
4957,1520680821414.jpg
4958,1520680821514.jpg
4960,1520680821556.jpg
4961,1520680821738.jpg
4962,1520680821785.jpg
4963,1520680821827.jpg
4964,1520680822004.jpg
4965,1520680822051.jpg
4966,1520680822095.jpg
4967,1520680822137.jpg
4968,1520680822191.jpg
4969,1520680822292.jpg
4970,1520680822418.jpg
4971,1520680822479.jpg
4972,1520680822539.jpg
4973,1520680822587.jpg
4974,1520680822633.jpg
4976,1520680822676.jpg
4977,1520680822991.jpg
4978,1520680823068.jpg
4979,1520680823126.jpg
4980,1520680823178.jpg
4981,1520680823225.jpg
4982,1520680823270.jpg
4983,1520680823320.jpg
4984,1520680823418.jpg
4985,1520680823461.jpg
4986,1520680823509.jpg
4987,1520680823553.jpg
4988,1520680823595.jpg
4989,1520680823673.jpg
4990,1520680823716.jpg
4991,1520680823765.jpg
4992,1520680823816.jpg
4993,1520680824048.jpg
4994,1520680824337.jpg
4995,1520680824448.jpg
4997,1520680824579.jpg
4998,1520680824887.jpg
5000,1520680825137.jpg
5002,1520680825239.jpg
5003,1520680825340.jpg
5004,1520680825452.jpg
5006,1520680825695.jpg
5008,1520680825802.jpg
5010,1520680825915.jpg
5012,1520680826026.jpg
5015,1520680826278.jpg
5016,1520680826391.jpg
5018,1520680826586.jpg
5019,1520680826742.jpg
5020,1520680826922.jpg
5021,1520680827037.jpg
5023,1520680827161.jpg
5024,1520680827210.jpg
5025,1520680827431.jpg
5029,1520680827546.jpg
5030,1520680827646.jpg
5031,1520680827824.jpg
5034,1520680828077.jpg
5035,1520680828176.jpg
5036,1520680828282.jpg
5039,1520680828381.jpg
5040,1520680828487.jpg
5041,1520680828591.jpg
5042,1520680828707.jpg
5044,1520680828806.jpg
5046,1520680828936.jpg
5048,1520680829081.jpg
5049,1520680829179.jpg
5051,1520680829299.jpg
5052,1520680829407.jpg
5054,1520680829506.jpg
5055,1520680829624.jpg
5057,1520680829727.jpg
5058,1520680829841.jpg
5059,1520680829953.jpg
5061,1520680830024.jpg
5063,1520680830132.jpg
5064,1520680830327.jpg
5067,1520680830456.jpg
5068,1520680830560.jpg
5069,1520680830640.jpg
5073,1520680830753.jpg
5074,1520680830856.jpg
5075,1520680830952.jpg
5076,1520680831054.jpg
5078,1520680831211.jpg
5081,1520680831309.jpg
5083,1520680831438.jpg
5085,1520680831499.jpg
5088,1520680831645.jpg
5089,1520680831758.jpg
5091,1520680831805.jpg
5094,1520680831902.jpg
5095,1520680832077.jpg
5100,1520680832127.jpg
5101,1520680832169.jpg
5103,1520680832280.jpg
5105,1520680832433.jpg
5106,1520680832544.jpg
5107,1520680832663.jpg
5108,1520680832772.jpg
5110,1520680832938.jpg
5111,1520680833040.jpg
5117,1520680833168.jpg
5121,1520680833356.jpg
5123,1520680833514.jpg
5124,1520680833638.jpg
5126,1520680833753.jpg
5127,1520680833869.jpg
5129,1520680833996.jpg
5131,1520680834112.jpg
5132,1520680834220.jpg
5133,1520680834332.jpg
5134,1520680834470.jpg
5136,1520680834600.jpg
5137,1520680834738.jpg
5140,1520680834829.jpg
5145,1520680835025.jpg
5146,1520680835819.jpg
5147,1520680836037.jpg
5148,1520680836162.jpg
5149,1520680836354.jpg
5150,1520680836457.jpg
5151,1520680836505.jpg
5152,1520680836608.jpg
5153,1520680836861.jpg
5154,1520680837037.jpg
5160,1520680837155.jpg
5161,1520680837297.jpg
5166,1520680837430.jpg
5169,1520680837545.jpg
5180,1520680837645.jpg
5183,1520680837752.jpg
5186,1520680837876.jpg
5189,1520680837994.jpg
5192,1520680838048.jpg
5201,1520680838094.jpg
5210,1520680838227.jpg
5211,1520680838347.jpg
5212,1520680838402.jpg
5213,1520680838458.jpg
5214,1520680838611.jpg
5215,1520680838682.jpg
5216,1520680838735.jpg
5217,1520680838834.jpg
5218,1520680839037.jpg
5219,1520680839143.jpg
5220,1520680839235.jpg
5221,1520680839638.jpg
5222,1520680839842.jpg
5223,1520680839967.jpg
5224,1520680840072.jpg
5225,1520680840175.jpg
5227,1520680840398.jpg
5228,1520680840500.jpg
5231,1520680840614.jpg
5232,1520680840880.jpg
5233,1520680840980.jpg
5236,1520680841107.jpg
5237,1520680841215.jpg
5241,1520680841321.jpg
5242,1520680841485.jpg
5243,1520680841599.jpg
5244,1520680841712.jpg
5246,1520680841981.jpg
5247,1520680842134.jpg
5248,1520680842246.jpg
5249,1520680842377.jpg
5250,1520680842489.jpg
5251,1520680842641.jpg
5252,1520680842750.jpg
5254,1520680842872.jpg
5255,1520680842990.jpg
5258,1520680843118.jpg
5264,1520680843231.jpg
5265,1520680843293.jpg
5267,1520680843451.jpg
5272,1520680843577.jpg
5277,1520680843700.jpg
5282,1520680843825.jpg
5287,1520680843881.jpg
5288,1520680843931.jpg
5289,1520680843989.jpg
5290,1520680844051.jpg
5291,1520680844104.jpg
5292,1520680844194.jpg
5293,1520680844296.jpg
5294,1520680844404.jpg
5295,1520680844508.jpg
5296,1520680844572.jpg
5297,1520680844687.jpg
5298,1520680844794.jpg
5299,1520680844862.jpg
5300,1520680845025.jpg
5301,1520680845133.jpg
5302,1520680845210.jpg
5303,1520680845322.jpg
5304,1520680845450.jpg
5305,1520680845589.jpg
5306,1520680845703.jpg
5307,1520680845758.jpg
5308,1520680845923.jpg
5311,1520680846029.jpg
5312,1520680846160.jpg
5313,1520680846424.jpg
5314,1520680846560.jpg
5316,1520680846669.jpg
5317,1520680846779.jpg
5318,1520680846897.jpg
5320,1520680847008.jpg
5321,1520680847114.jpg
5322,1520680847216.jpg
5326,1520680847330.jpg
5329,1520680847490.jpg
5330,1520680847536.jpg
5331,1520680847656.jpg
5332,1520680847762.jpg
5334,1520680847987.jpg
5335,1520680848086.jpg
5336,1520680848201.jpg
5337,1520680848309.jpg
5338,1520680848545.jpg
5339,1520680848648.jpg
5342,1520680848704.jpg
5343,1520680848860.jpg
5344,1520680848989.jpg
5345,1520680849097.jpg
5346,1520680849209.jpg
5348,1520680849319.jpg
5349,1520680849477.jpg
5350,1520680849742.jpg
5351,1520680849863.jpg
5352,1520680849975.jpg
5353,1520680850147.jpg
5354,1520680850278.jpg
5355,1520680850402.jpg
5356,1520680850506.jpg
5357,1520680850640.jpg
5358,1520680850740.jpg
5359,1520680850858.jpg
5360,1520680850908.jpg
5362,1520680851167.jpg
5363,1520680851273.jpg
5364,1520680851425.jpg
5365,1520680851480.jpg
5366,1520680851564.jpg
5367,1520680851690.jpg
5369,1520680851807.jpg
5370,1520680851938.jpg
5371,1520680852154.jpg
5372,1520680852261.jpg
5373,1520680852394.jpg
5374,1520680852526.jpg
5375,1520680852749.jpg
5376,1520680852846.jpg
5377,1520680852953.jpg
5378,1520680853077.jpg
5380,1520680853234.jpg
5381,1520680853340.jpg
5383,1520680853443.jpg
5387,1520680853549.jpg
5388,1520680853666.jpg
5389,1520680853802.jpg
5392,1520680853930.jpg
5393,1520680854035.jpg
5395,1520680854177.jpg
5396,1520680854229.jpg
5405,1520680854335.jpg
5406,1520680854450.jpg
5407,1520680854543.jpg
5408,1520680854686.jpg
5409,1520680854794.jpg
5410,1520680854846.jpg
5411,1520680854934.jpg
5412,1520680855050.jpg
5413,1520680855114.jpg
5414,1520680855161.jpg
5415,1520680855243.jpg
5416,1520680855353.jpg
5417,1520680855423.jpg
5418,1520680855526.jpg
5419,1520680855596.jpg
5420,1520680855718.jpg
5421,1520680855788.jpg
5422,1520680856003.jpg
5423,1520680856060.jpg
5424,1520680856105.jpg
5425,1520680856153.jpg
5426,1520680856272.jpg
5427,1520680856329.jpg
5428,1520680856381.jpg
5429,1520680856488.jpg
5430,1520680856744.jpg
5431,1520680856818.jpg
5432,1520680856860.jpg
5433,1520680857027.jpg
5434,1520680857155.jpg
5435,1520680857209.jpg
5436,1520680857256.jpg
5437,1520680857460.jpg
5438,1520680857529.jpg
5439,1520680857597.jpg
5440,1520680857645.jpg
5441,1520680857729.jpg
5442,1520680857846.jpg
5443,1520680857940.jpg
5444,1520680857993.jpg
5445,1520680858037.jpg
5446,1520680858085.jpg
5447,1520680858187.jpg
5448,1520680858238.jpg
5449,1520680858366.jpg
5450,1520680858485.jpg
5452,1520680858583.jpg
5456,1520680858717.jpg
5459,1520680858844.jpg
5463,1520680858949.jpg
5465,1520680859056.jpg
5469,1520680859164.jpg
5483,1520680859337.jpg
5484,1520680859436.jpg
5486,1520680859551.jpg
5487,1520680859645.jpg
5488,1520680859771.jpg
5492,1520680859914.jpg
5500,1520680860015.jpg
5505,1520680860120.jpg
5509,1520680860237.jpg
5512,1520680860363.jpg
5521,1520680860479.jpg
5537,1520680860607.jpg
5540,1520680860716.jpg
5541,1520680860824.jpg
5543,1520680860937.jpg
5544,1520680861045.jpg
5547,1520680861185.jpg
5551,1520680861283.jpg
5554,1520680861346.jpg
5555,1520680861455.jpg
5556,1520680861510.jpg
5557,1520680861554.jpg
5559,1520680861647.jpg
5561,1520680861763.jpg
5562,1520680861950.jpg
5563,1520680862062.jpg
5564,1520680862170.jpg
5565,1520680862231.jpg
5566,1520680862338.jpg
5572,1520680862461.jpg
5574,1520680862575.jpg
5584,1520680862768.jpg
5587,1520680862827.jpg
5589,1520680862942.jpg
5590,1520680863011.jpg
5593,1520680863246.jpg
5594,1520680863321.jpg
5595,1520680863431.jpg
5596,1520680863488.jpg
5597,1520680863539.jpg
5598,1520680863585.jpg
5599,1520680863694.jpg
5600,1520680863755.jpg
5601,1520680863803.jpg
5602,1520680863960.jpg
5603,1520680864020.jpg
5604,1520680864133.jpg
5605,1520680864244.jpg
5606,1520680864348.jpg
5607,1520680864451.jpg
5614,1520680864570.jpg
5617,1520680864673.jpg
5620,1520680864819.jpg
5626,1520680864951.jpg
5627,1520680865061.jpg
5628,1520680865109.jpg
5630,1520680865230.jpg
5637,1520680865295.jpg
5641,1520680865401.jpg
5642,1520680865496.jpg
5645,1520680865668.jpg
5653,1520680865779.jpg
5657,1520680865974.jpg
5670,1520680866166.jpg
5672,1520680866299.jpg
5681,1520680866422.jpg
5687,1520680866527.jpg
5689,1520680866650.jpg
5693,1520680866726.jpg
5694,1520680866773.jpg
5695,1520680866875.jpg
5700,1520680866997.jpg
5702,1520680867135.jpg
5705,1520680867251.jpg
5709,1520680867354.jpg
5713,1520680867412.jpg
5715,1520680867532.jpg
5723,1520680867649.jpg
5724,1520680867764.jpg
5726,1520680867880.jpg
5727,1520680868042.jpg
5742,1520680868153.jpg
5750,1520680868266.jpg
5753,1520680868374.jpg
5762,1520680868558.jpg
5769,1520680868875.jpg
5771,1520680868930.jpg
5772,1520680868979.jpg
5773,1520680869086.jpg
5774,1520680869174.jpg
5775,1520680869229.jpg
5776,1520680869327.jpg
5777,1520680869490.jpg
5778,1520680869536.jpg
5779,1520680869583.jpg
5780,1520680869701.jpg
5781,1520680869774.jpg
5782,1520680869872.jpg
5783,1520680870010.jpg
5784,1520680870056.jpg
5785,1520680870160.jpg
5786,1520680870300.jpg
5787,1520680870352.jpg
5788,1520680870436.jpg
5793,1520680870508.jpg
5794,1520680870618.jpg
5796,1520680870768.jpg
5799,1520680870869.jpg
5800,1520680870985.jpg
5802,1520680871088.jpg
5803,1520680871196.jpg
5804,1520680871300.jpg
5807,1520680871470.jpg
5810,1520680871566.jpg
5812,1520680871661.jpg
5821,1520680871779.jpg
5830,1520680871852.jpg
5839,1520680871912.jpg
5848,1520680872010.jpg
5849,1520680872118.jpg
5850,1520680872262.jpg
5852,1520680872359.jpg
5853,1520680872464.jpg
5854,1520680872571.jpg
5856,1520680872747.jpg
5858,1520680872867.jpg
5860,1520680872990.jpg
5862,1520680873095.jpg
5863,1520680873299.jpg
5868,1520680873408.jpg
5869,1520680873530.jpg
5870,1520680873649.jpg
5879,1520680873717.jpg
5888,1520680873759.jpg
5897,1520680873867.jpg
5898,1520680873920.jpg
5899,1520680874073.jpg
5900,1520680874199.jpg
5903,1520680874323.jpg
5904,1520680874434.jpg
5906,1520680874583.jpg
5909,1520680874681.jpg
5910,1520680874908.jpg
5913,1520680875009.jpg
5917,1520680875089.jpg
5918,1520680875137.jpg
5921,1520680875239.jpg
5941,1520680875376.jpg
5942,1520680875427.jpg
5943,1520680875468.jpg
5946,1520680875520.jpg
5947,1520680875568.jpg
5948,1520680875680.jpg
5949,1520680875726.jpg
5950,1520680875774.jpg
5951,1520680875824.jpg
5952,1520680876054.jpg
5953,1520680876120.jpg
5956,1520680876239.jpg
5958,1520680876289.jpg
5962,1520680876369.jpg
5963,1520680876475.jpg
5964,1520680876569.jpg
5970,1520680876673.jpg
5971,1520680876752.jpg
5978,1520680876863.jpg
5979,1520680876932.jpg
5981,1520680877130.jpg
5988,1520680877334.jpg
5989,1520680877382.jpg
5990,1520680877434.jpg
5994,1520680877480.jpg
5995,1520680877633.jpg
5996,1520680877685.jpg
5997,1520680877783.jpg
6012,1520680877837.jpg
6013,1520680877886.jpg
6014,1520680877932.jpg
6015,1520680877975.jpg
6016,1520680878091.jpg
6017,1520680878250.jpg
6025,1520680878378.jpg
6030,1520680878543.jpg
6032,1520680878659.jpg
6033,1520680878798.jpg
6037,1520680879010.jpg
6039,1520680879152.jpg
6042,1520680879203.jpg
6044,1520680879320.jpg
6047,1520680879437.jpg
6049,1520680879556.jpg
6050,1520680879622.jpg
6051,1520680879726.jpg
6052,1520680879836.jpg
6053,1520680879948.jpg
6054,1520680880068.jpg
6055,1520680880179.jpg
6056,1520680880225.jpg
6058,1520680880340.jpg
6060,1520680880449.jpg
6063,1520680880986.jpg
6067,1520680881100.jpg
6069,1520680881213.jpg
6075,1520680881490.jpg
6076,1520680881621.jpg
6079,1520680881725.jpg
6090,1520680881826.jpg
6099,1520680881872.jpg
6100,1520680881944.jpg
6101,1520680882079.jpg
6102,1520680882177.jpg
6103,1520680882300.jpg
6104,1520680882365.jpg
6105,1520680882412.jpg
6106,1520680882473.jpg
6107,1520680882519.jpg
6108,1520680882683.jpg
6109,1520680882732.jpg
6110,1520680882790.jpg
6111,1520680882896.jpg
6112,1520680882952.jpg
6113,1520680883053.jpg
6114,1520680883177.jpg
6115,1520680883287.jpg
6116,1520680883390.jpg
6117,1520680883506.jpg
6118,1520680883609.jpg
6119,1520680883789.jpg
6120,1520680883930.jpg
6121,1520680884048.jpg
6122,1520680884156.jpg
6123,1520680884266.jpg
6124,1520680884413.jpg
6127,1520680884538.jpg
6129,1520680884704.jpg
6132,1520680884807.jpg
6133,1520680884904.jpg
6134,1520680885026.jpg
6137,1520680885207.jpg
6145,1520680885477.jpg
6147,1520680885620.jpg
6158,1520680885785.jpg
6161,1520680885886.jpg
6164,1520680886017.jpg
6173,1520680886135.jpg
6182,1520680886234.jpg
6185,1520680886337.jpg
6186,1520680886446.jpg
6187,1520680886630.jpg
6189,1520680886730.jpg
6190,1520680886843.jpg
6194,1520680886946.jpg
6201,1520680887375.jpg
6215,1520680887488.jpg
6219,1520680887559.jpg
6231,1520680887665.jpg
6237,1520680887819.jpg
6238,1520680888308.jpg
6240,1520680888426.jpg
6241,1520680888540.jpg
6242,1520680888655.jpg
6243,1520680888924.jpg
6244,1520680888972.jpg
6245,1520680889079.jpg
6246,1520680889205.jpg
6247,1520680889401.jpg
6248,1520680889468.jpg
6249,1520680889585.jpg
6250,1520680889642.jpg
6251,1520680889975.jpg
6252,1520680890039.jpg
6253,1520680890085.jpg
6254,1520680890153.jpg
6255,1520680890285.jpg
6256,1520680890403.jpg
6257,1520680890541.jpg
6258,1520680890676.jpg
6259,1520680890781.jpg
6260,1520680890909.jpg
6261,1520680891023.jpg
6262,1520680891261.jpg
6263,1520680891366.jpg
6264,1520680891425.jpg
6265,1520680891531.jpg
6266,1520680891649.jpg
6267,1520680891834.jpg
6268,1520680891955.jpg
6269,1520680892071.jpg
6270,1520680892278.jpg
6271,1520680892405.jpg
6272,1520680892512.jpg
6273,1520680892620.jpg
6274,1520680893161.jpg
6275,1520680893302.jpg
6276,1520680893484.jpg
6278,1520680893603.jpg
6279,1520680893766.jpg
6280,1520680894208.jpg
6281,1520680894331.jpg
6282,1520680894463.jpg
6285,1520680894613.jpg
6286,1520680894746.jpg
6287,1520680894860.jpg
6288,1520680894966.jpg
6291,1520680895087.jpg
6293,1520680895245.jpg
6294,1520680895362.jpg
6296,1520680895483.jpg
6297,1520680895618.jpg
6298,1520680895729.jpg
6299,1520680895859.jpg
6300,1520680895999.jpg
6301,1520680896132.jpg
6302,1520680896256.jpg
6303,1520680896375.jpg
6305,1520680896478.jpg
6306,1520680896582.jpg
6307,1520680896701.jpg
6308,1520680896833.jpg
6310,1520680896943.jpg
6311,1520680897082.jpg
6312,1520680897215.jpg
6313,1520680897312.jpg
6315,1520680897407.jpg
6316,1520680897510.jpg
6318,1520680897774.jpg
6320,1520680897867.jpg
6321,1520680897979.jpg
6322,1520680898104.jpg
6323,1520680898209.jpg
6325,1520680898325.jpg
6326,1520680898431.jpg
6327,1520680898565.jpg
6328,1520680898736.jpg
6329,1520680898851.jpg
6330,1520680899007.jpg
6331,1520680899111.jpg
6332,1520680899350.jpg
6333,1520680899486.jpg
6334,1520680899591.jpg
6335,1520680899778.jpg
6336,1520680899909.jpg
6338,1520680900069.jpg
6339,1520680900181.jpg
6340,1520680900289.jpg
6341,1520680900398.jpg
6342,1520680900512.jpg
6343,1520680900790.jpg
6345,1520680901005.jpg
6346,1520680901310.jpg
6347,1520680901526.jpg
6348,1520680901643.jpg
6350,1520680901802.jpg
6352,1520680901897.jpg
6354,1520680902016.jpg
6355,1520680902112.jpg
6356,1520680902346.jpg
6357,1520680902440.jpg
6358,1520680902661.jpg
6359,1520680902777.jpg
6360,1520680902903.jpg
6361,1520680903006.jpg
6362,1520680903054.jpg
6363,1520680903125.jpg
6364,1520680903240.jpg
6365,1520680903349.jpg
6367,1520680903465.jpg
6368,1520680903575.jpg
6369,1520680903628.jpg
6370,1520680903736.jpg
6371,1520680903842.jpg
6372,1520680903925.jpg
6373,1520680904029.jpg
6374,1520680904073.jpg
6375,1520680904114.jpg
6376,1520680904180.jpg
6377,1520680904229.jpg
6378,1520680904269.jpg
6379,1520680904373.jpg
6388,1520680904496.jpg
6392,1520680904626.jpg
6395,1520680904740.jpg
6396,1520680904854.jpg
6403,1520680904965.jpg
6404,1520680905096.jpg
6410,1520680905282.jpg
6415,1520680905332.jpg
6424,1520680905582.jpg
6433,1520680905648.jpg
6442,1520680905699.jpg
6443,1520680905750.jpg
6444,1520680905791.jpg
6445,1520680905837.jpg
6446,1520680905882.jpg
6447,1520680905975.jpg
6453,1520680906216.jpg
6454,1520680906325.jpg
6459,1520680906441.jpg
6463,1520680906543.jpg
